step,scenario,algorithm,mean_temperature,max_temperature,cooling_energy,reward,overheated_cells,action
1,alibaba_replay,rule_based,22.709,24.4703,32.4,-0.2294,0,7
2,alibaba_replay,rule_based,23.4102,25.9489,32.4,0.0259,0,7
3,alibaba_replay,rule_based,24.1104,27.4204,32.4,0.021,0,7
4,alibaba_replay,rule_based,24.8029,28.751,32.4,0.0805,0,7
5,alibaba_replay,rule_based,25.4566,29.9854,32.4,0.1161,0,7
6,alibaba_replay,rule_based,26.1171,31.3313,32.4,0.0451,0,7
7,alibaba_replay,rule_based,26.7138,32.2028,32.4,0.2672,0,7
8,alibaba_replay,rule_based,27.3188,33.4075,32.4,0.084,0,7
9,alibaba_replay,rule_based,27.9055,34.1597,32.4,0.2963,0,7
10,alibaba_replay,rule_based,28.4825,35.0388,32.4,-0.9302,1,7
11,alibaba_replay,rule_based,29.0767,35.767,32.4,-0.8677,1,7
12,alibaba_replay,rule_based,26.9111,33.923,129.6,0.8762,0,0
13,alibaba_replay,rule_based,27.6219,34.8115,32.4,0.1732,0,7
14,alibaba_replay,rule_based,28.3654,35.4161,32.4,-0.85,1,7
15,alibaba_replay,rule_based,29.0728,36.3163,32.4,-1.1617,2,7
16,alibaba_replay,rule_based,27.1131,34.4852,129.6,0.8183,0,0
17,alibaba_replay,rule_based,27.9901,35.7317,32.4,-1.3633,2,7
18,alibaba_replay,rule_based,28.8443,37.0574,32.4,-1.5664,3,7
19,alibaba_replay,rule_based,26.9777,35.6883,129.6,-0.6083,1,0
20,alibaba_replay,rule_based,28.0006,36.9288,32.4,-1.3967,2,7
21,alibaba_replay,rule_based,26.2718,35.414,129.6,-0.5489,1,0
22,alibaba_replay,rule_based,27.4021,36.8356,32.4,-1.5046,2,7
23,alibaba_replay,rule_based,28.515,38.2863,32.4,-1.985,5,7
24,alibaba_replay,rule_based,26.8565,37.0456,129.6,-1.024,3,0
25,alibaba_replay,rule_based,28.0068,38.5618,32.4,-1.8943,4,7
26,alibaba_replay,rule_based,26.483,37.404,129.6,-1.096,3,0
27,alibaba_replay,rule_based,27.8103,38.9684,32.4,-1.9388,4,7
28,alibaba_replay,rule_based,26.4343,37.7941,129.6,-1.1011,3,0
29,alibaba_replay,rule_based,27.9071,39.2528,32.4,-2.2037,6,7
30,alibaba_replay,rule_based,26.6236,38.0035,129.6,-1.2328,4,0
31,alibaba_replay,rule_based,28.1852,39.6511,32.4,-2.322,6,7
32,alibaba_replay,rule_based,27.0105,38.712,129.6,-1.5671,5,0
33,alibaba_replay,rule_based,25.9191,37.7312,129.6,-1.2633,3,0
34,alibaba_replay,rule_based,27.679,39.5326,32.4,-2.2981,5,7
35,alibaba_replay,rule_based,26.6789,38.7541,129.6,-1.7019,5,0
36,alibaba_replay,rule_based,25.7526,38.0785,129.6,-1.6233,4,0
37,alibaba_replay,rule_based,27.6776,39.8554,32.4,-2.3411,5,7
38,alibaba_replay,rule_based,26.8788,38.8435,129.6,-1.636,5,0
39,alibaba_replay,rule_based,26.158,38.375,129.6,-1.9158,5,0
40,alibaba_replay,rule_based,25.5169,37.721,129.6,-1.673,4,0
41,alibaba_replay,rule_based,27.6864,40.2482,32.4,-2.625,6,7
42,alibaba_replay,rule_based,27.0556,39.9806,129.6,-2.1662,6,0
43,alibaba_replay,rule_based,26.5502,39.9946,129.6,-2.157,5,0
44,alibaba_replay,rule_based,26.0453,39.7588,129.6,-2.0321,5,0
45,alibaba_replay,rule_based,25.6506,39.295,129.6,-1.9181,5,0
46,alibaba_replay,rule_based,25.3174,38.9995,129.6,-2.0023,5,0
47,alibaba_replay,rule_based,27.7241,41.4979,32.4,-2.925,8,7
48,alibaba_replay,rule_based,27.3836,41.23,129.6,-2.3161,7,0
49,alibaba_replay,rule_based,27.0918,41.0468,129.6,-2.3584,7,0
50,alibaba_replay,rule_based,26.8719,41.2761,129.6,-2.7146,8,0
51,alibaba_replay,rule_based,26.6867,41.5721,129.6,-2.748,8,0
52,alibaba_replay,rule_based,26.5559,41.5488,129.6,-2.4384,7,0
53,alibaba_replay,rule_based,26.4544,41.5517,129.6,-2.3014,6,0
54,alibaba_replay,rule_based,26.3795,41.5642,129.6,-2.3062,6,0
55,alibaba_replay,rule_based,26.3803,41.6278,129.6,-2.6318,8,0
56,alibaba_replay,rule_based,26.377,41.5343,129.6,-2.5533,8,0
57,alibaba_replay,rule_based,26.4461,41.5948,129.6,-2.6302,8,0
58,alibaba_replay,rule_based,26.4872,41.9545,129.6,-2.7799,8,0
59,alibaba_replay,rule_based,26.5651,41.9639,129.6,-2.4547,7,0
60,alibaba_replay,rule_based,26.6158,41.8688,129.6,-2.4025,7,0
61,alibaba_replay,rule_based,26.7301,42.1543,129.6,-2.5927,7,0
62,alibaba_replay,rule_based,26.9013,42.3238,129.6,-2.5347,7,0
63,alibaba_replay,rule_based,27.0226,42.6093,129.6,-2.5927,7,0
64,alibaba_replay,rule_based,27.2257,42.6552,129.6,-2.623,8,0
65,alibaba_replay,rule_based,27.4348,42.8927,129.6,-2.7188,8,0
66,alibaba_replay,rule_based,27.6853,43.0794,129.6,-2.6933,8,0
67,alibaba_replay,rule_based,27.8954,43.1268,129.6,-2.7737,9,0
68,alibaba_replay,rule_based,28.124,43.4087,129.6,-2.891,9,0
69,alibaba_replay,rule_based,28.3908,43.5592,129.6,-2.8253,9,0
70,alibaba_replay,rule_based,28.6242,43.4422,129.6,-2.6915,9,0
71,alibaba_replay,rule_based,28.8651,43.6087,129.6,-2.8332,9,0
72,alibaba_replay,rule_based,29.1575,43.5999,129.6,-2.8956,10,0
73,alibaba_replay,rule_based,29.4299,43.7128,129.6,-2.9565,10,0
74,alibaba_replay,rule_based,29.7567,44.1166,129.6,-3.1019,10,0
75,alibaba_replay,rule_based,30.0557,44.3203,129.6,-3.0019,10,0
76,alibaba_replay,rule_based,30.3781,44.4028,129.6,-3.2412,12,0
77,alibaba_replay,rule_based,30.6988,44.2521,129.6,-3.1246,12,0
78,alibaba_replay,rule_based,31.9026,44.1497,99.42,-2.9392,12,5
79,alibaba_replay,rule_based,33.0122,44.298,99.42,-3.5146,15,5
80,alibaba_replay,rule_based,34.1135,44.577,99.42,-3.8757,17,5
81,alibaba_replay,rule_based,35.1813,45.0512,99.42,-4.6925,22,5
82,alibaba_replay,rule_based,36.2309,45.6037,99.42,-4.9981,24,5
83,alibaba_replay,rule_based,37.2045,46.1363,99.18,-5.1079,25,5
84,alibaba_replay,rule_based,38.1559,46.7454,99.42,-5.423,27,5
85,alibaba_replay,rule_based,39.0849,47.4922,99.42,-5.6256,28,5
86,alibaba_replay,rule_based,39.5943,48.3414,113.4,-5.7322,28,3
87,alibaba_replay,rule_based,40.1032,47.0219,113.4,-4.7474,29,1
88,alibaba_replay,rule_based,40.9334,47.5603,99.42,-5.5594,29,5
89,alibaba_replay,rule_based,41.372,48.0352,113.4,-5.9413,31,2
90,alibaba_replay,rule_based,41.8111,49.0944,113.4,-6.2061,31,1
91,alibaba_replay,rule_based,42.1856,47.5279,113.4,-5.1543,33,3
92,alibaba_replay,rule_based,42.5264,48.3374,113.4,-6.3738,33,2
93,alibaba_replay,rule_based,42.9515,49.7066,113.4,-6.7838,34,3
94,alibaba_replay,rule_based,43.331,49.2382,113.4,-5.8328,34,1
95,alibaba_replay,rule_based,43.7121,49.0095,113.4,-6.0957,35,4
96,alibaba_replay,rule_based,44.1128,49.8196,113.4,-6.6064,35,1
97,alibaba_replay,rule_based,44.435,50.1898,113.4,-6.5141,36,3
98,alibaba_replay,rule_based,44.8063,49.7182,113.4,-5.9531,35,2
99,alibaba_replay,rule_based,45.1198,50.2792,113.4,-6.472,35,1
100,alibaba_replay,rule_based,45.4429,51.1614,113.4,-6.7714,36,4
101,alibaba_replay,rule_based,45.6997,50.4568,113.4,-5.9589,36,3
102,alibaba_replay,rule_based,46.0085,50.8209,113.4,-6.5009,36,2
103,alibaba_replay,rule_based,46.2805,51.9435,113.4,-6.8855,36,1
104,alibaba_replay,rule_based,46.5656,51.672,113.4,-6.174,36,3
105,alibaba_replay,rule_based,46.8166,51.239,113.4,-6.0866,36,4
106,alibaba_replay,rule_based,47.0402,51.9127,113.4,-6.6505,36,1
107,alibaba_replay,rule_based,47.2887,52.6511,113.4,-6.6762,36,3
108,alibaba_replay,rule_based,47.5049,52.0936,113.4,-6.018,36,2
109,alibaba_replay,rule_based,47.7166,52.1816,113.4,-6.3381,36,4
110,alibaba_replay,rule_based,47.978,53.1151,113.4,-6.7652,36,1
111,alibaba_replay,rule_based,48.1451,52.4525,113.4,-5.9567,36,3
112,alibaba_replay,rule_based,48.3325,52.6645,113.4,-6.3916,36,2
113,alibaba_replay,rule_based,48.5413,53.0153,113.4,-6.4628,36,4
114,alibaba_replay,rule_based,48.7922,53.4283,113.4,-6.4954,36,1
115,alibaba_replay,rule_based,49.8312,53.8411,85.23,-6.2822,36,6
116,alibaba_replay,rule_based,50.8247,54.2545,83.16,-6.2544,36,6
117,alibaba_replay,rule_based,51.6797,55.0209,87.48,-6.955,36,6
118,alibaba_replay,rule_based,52.4523,55.484,87.48,-8.3015,36,6
119,alibaba_replay,rule_based,53.349,56.6665,83.16,-11.6301,36,6
120,alibaba_replay,rule_based,54.1108,57.138,85.23,-14.7898,36,6
121,alibaba_replay,rule_based,54.785,57.881,87.48,-16.445,36,6
122,alibaba_replay,rule_based,55.4613,58.5962,85.23,-18.412,36,6
123,alibaba_replay,rule_based,56.114,59.3979,85.23,-19.4578,36,6
124,alibaba_replay,rule_based,56.7721,60.0306,85.23,-21.3642,36,6
125,alibaba_replay,rule_based,57.4235,60.5339,83.16,-21.7786,36,6
126,alibaba_replay,rule_based,57.9508,61.2271,87.48,-22.4005,36,6
127,alibaba_replay,rule_based,58.5092,61.6003,85.23,-23.2221,36,6
128,alibaba_replay,rule_based,59.0357,61.822,85.23,-22.6487,36,6
129,alibaba_replay,rule_based,59.4571,62.3194,87.48,-23.3,36,6
130,alibaba_replay,rule_based,59.9237,62.8475,85.23,-23.8018,36,6
131,alibaba_replay,rule_based,60.4419,63.3263,83.16,-23.2654,36,6
132,alibaba_replay,rule_based,60.8933,63.9497,85.23,-23.8507,36,6
133,alibaba_replay,rule_based,61.3784,64.3912,83.16,-23.7456,36,6
134,alibaba_replay,rule_based,61.7941,64.2121,85.23,-23.9489,36,6
135,alibaba_replay,rule_based,62.0853,64.7613,87.48,-24.3296,36,6
136,alibaba_replay,rule_based,62.5144,64.8493,83.16,-24.0688,36,6
137,alibaba_replay,rule_based,62.7688,65.3733,87.48,-24.314,36,6
138,alibaba_replay,rule_based,63.1584,65.81,85.23,-24.2565,36,6
139,alibaba_replay,rule_based,63.4304,66.5459,87.48,-24.424,36,6
140,alibaba_replay,rule_based,63.7204,66.1525,85.23,-23.8469,36,6
141,alibaba_replay,rule_based,64.0204,66.7763,85.23,-23.8622,36,6
142,alibaba_replay,rule_based,64.2442,66.9153,85.23,-24.114,36,6
143,alibaba_replay,rule_based,64.5711,66.8819,83.16,-24.0086,36,6
144,alibaba_replay,rule_based,64.7396,67.4666,87.48,-23.8601,36,6
145,alibaba_replay,rule_based,64.955,67.4848,87.48,-24.07,36,6
146,alibaba_replay,rule_based,65.1721,67.7671,85.23,-24.1882,36,6
147,alibaba_replay,rule_based,65.4462,67.8588,85.23,-24.0898,36,6
148,alibaba_replay,rule_based,65.6772,68.6033,85.23,-24.4159,36,6
149,alibaba_replay,rule_based,65.9071,68.3579,85.23,-23.9125,36,6
150,alibaba_replay,rule_based,66.0328,68.6593,87.48,-24.1982,36,6
151,alibaba_replay,rule_based,66.2779,69.0017,85.23,-24.2044,36,6
152,alibaba_replay,rule_based,66.5344,69.2217,83.16,-24.1317,36,6
153,alibaba_replay,rule_based,66.8077,69.2991,83.16,-24.0574,36,6
154,alibaba_replay,rule_based,66.9876,69.6353,85.23,-24.2014,36,6
155,alibaba_replay,rule_based,67.0629,69.7521,87.48,-24.1054,36,6
156,alibaba_replay,rule_based,67.3279,70.1494,83.16,-24.2104,36,6
157,alibaba_replay,rule_based,67.4023,69.6893,87.48,-23.8076,36,6
158,alibaba_replay,rule_based,67.5771,69.5549,85.23,-23.9551,36,6
159,alibaba_replay,rule_based,67.7214,69.852,85.23,-24.1721,36,6
160,alibaba_replay,rule_based,67.8573,70.2025,85.23,-24.1962,36,6
161,alibaba_replay,rule_based,67.9819,70.1556,85.23,-23.9972,36,6
162,alibaba_replay,rule_based,68.1587,70.1921,83.16,-24.0278,36,6
163,alibaba_replay,rule_based,68.2337,70.4406,87.48,-24.1642,36,6
164,alibaba_replay,rule_based,68.2746,70.6462,87.48,-24.1383,36,6
165,alibaba_replay,rule_based,68.3137,70.6534,87.48,-24.0426,36,6
166,alibaba_replay,rule_based,68.3743,70.7421,87.48,-24.0846,36,6
167,alibaba_replay,rule_based,68.5361,70.9453,83.16,-24.1082,36,6
168,alibaba_replay,rule_based,68.6726,71.025,83.16,-24.0441,36,6
169,alibaba_replay,rule_based,68.8214,71.1162,85.23,-24.0661,36,6
170,alibaba_replay,rule_based,68.8949,70.9469,85.23,-23.9334,36,6
171,alibaba_replay,rule_based,68.9225,71.2591,85.23,-24.1745,36,6
172,alibaba_replay,rule_based,69.0361,71.3772,85.23,-24.0786,36,6
173,alibaba_replay,rule_based,69.0304,71.3334,87.48,-24.0138,36,6
174,alibaba_replay,rule_based,69.1207,71.6191,85.23,-24.1625,36,6
175,alibaba_replay,rule_based,69.1476,71.6048,87.48,-24.0273,36,6
176,alibaba_replay,rule_based,69.1726,71.3188,87.48,-23.8943,36,6
177,alibaba_replay,rule_based,69.1486,71.4043,87.48,-24.0745,36,6
178,alibaba_replay,rule_based,69.2747,71.6205,83.16,-24.1114,36,6
179,alibaba_replay,rule_based,69.3534,71.1544,83.16,-23.7649,36,6
180,alibaba_replay,rule_based,69.4066,71.1874,85.23,-24.027,36,6
181,alibaba_replay,rule_based,69.4895,71.282,83.16,-24.0451,36,6
182,alibaba_replay,rule_based,69.4558,71.5607,87.48,-24.1689,36,6
183,alibaba_replay,rule_based,69.439,71.5799,87.48,-24.0372,36,6
184,alibaba_replay,rule_based,69.472,71.5855,85.23,-24.0187,36,6
185,alibaba_replay,rule_based,69.5564,71.4647,85.23,-23.9502,36,6
186,alibaba_replay,rule_based,69.6275,71.6116,85.23,-24.0825,36,6
187,alibaba_replay,rule_based,69.6389,71.8736,87.48,-24.1628,36,6
188,alibaba_replay,rule_based,69.6663,71.8631,85.23,-24.0131,36,6
189,alibaba_replay,rule_based,69.7574,71.8027,83.16,-23.9734,36,6
190,alibaba_replay,rule_based,69.803,71.8598,85.23,-24.0432,36,6
191,alibaba_replay,rule_based,69.7809,72.0216,87.48,-24.1094,36,6
192,alibaba_replay,rule_based,69.7685,72.2308,87.48,-24.1346,36,6
193,alibaba_replay,rule_based,69.7569,72.2213,87.48,-24.0266,36,6
194,alibaba_replay,rule_based,69.7755,72.2011,85.23,-24.0052,36,6
195,alibaba_replay,rule_based,69.803,72.1971,85.23,-24.018,36,6
196,alibaba_replay,rule_based,69.8458,71.9646,85.23,-23.8997,36,6
197,alibaba_replay,rule_based,69.9173,72.0718,85.23,-24.0672,36,6
198,alibaba_replay,rule_based,69.9668,72.1891,85.23,-24.0772,36,6
199,alibaba_replay,rule_based,69.8917,72.2223,87.48,-24.0544,36,6
200,alibaba_replay,rule_based,69.9105,72.1536,85.23,-23.9888,36,6
201,alibaba_replay,rule_based,69.9114,72.3516,87.48,-24.1344,36,6
202,alibaba_replay,rule_based,69.9223,71.9828,85.23,-23.8317,36,6
203,alibaba_replay,rule_based,70.0237,72.0456,83.16,-24.0358,36,6
204,alibaba_replay,rule_based,70.0405,72.2722,85.23,-24.1321,36,6
205,alibaba_replay,rule_based,69.9755,72.2388,87.48,-24.0148,36,6
206,alibaba_replay,rule_based,69.9556,72.1292,87.48,-23.9836,36,6
207,alibaba_replay,rule_based,69.9301,72.2205,87.48,-24.0877,36,6
208,alibaba_replay,rule_based,69.9446,72.4689,85.23,-24.1513,36,6
209,alibaba_replay,rule_based,70.0022,72.6183,85.23,-24.0963,36,6
210,alibaba_replay,rule_based,70.0188,72.6366,85.23,-24.0282,36,6
211,alibaba_replay,rule_based,70.0831,71.9943,85.23,-23.6952,36,6
212,alibaba_replay,rule_based,70.0596,72.1724,85.23,-24.112,36,6
213,alibaba_replay,rule_based,69.9687,72.2944,87.48,-24.0971,36,6
214,alibaba_replay,rule_based,69.9278,72.5684,87.48,-24.1723,36,6
215,alibaba_replay,rule_based,69.9122,72.5497,85.23,-24.0096,36,6
216,alibaba_replay,rule_based,69.9663,72.2671,83.16,-23.8611,36,6
217,alibaba_replay,rule_based,69.9531,72.5421,85.23,-24.1568,36,6
218,alibaba_replay,rule_based,70.0392,72.5379,83.16,-24.0009,36,6
219,alibaba_replay,rule_based,70.0105,72.3764,85.23,-23.9418,36,6
220,alibaba_replay,rule_based,69.9563,71.9699,87.48,-23.8369,36,6
221,alibaba_replay,rule_based,69.9241,72.2014,85.23,-24.1445,36,6
222,alibaba_replay,rule_based,69.862,72.0484,87.48,-23.9716,36,6
223,alibaba_replay,rule_based,69.7978,72.3004,87.48,-24.1846,36,6
224,alibaba_replay,rule_based,69.7144,72.365,87.48,-24.0946,36,6
225,alibaba_replay,rule_based,69.7096,72.4874,85.23,-24.1046,36,6
226,alibaba_replay,rule_based,69.7765,72.8724,83.16,-24.2252,36,6
227,alibaba_replay,rule_based,69.7885,72.2767,85.23,-23.7464,36,6
228,alibaba_replay,rule_based,69.7286,72.3031,87.48,-24.0759,36,6
229,alibaba_replay,rule_based,69.6601,72.559,87.48,-24.185,36,6
230,alibaba_replay,rule_based,69.6625,72.1577,83.16,-23.824,36,6
231,alibaba_replay,rule_based,69.6266,71.9866,85.23,-23.9522,36,6
232,alibaba_replay,rule_based,69.6072,72.234,85.23,-24.1683,36,6
233,alibaba_replay,rule_based,69.5136,72.3415,87.48,-24.1201,36,6
234,alibaba_replay,rule_based,69.5276,72.0731,85.23,-23.915,36,6
235,alibaba_replay,rule_based,69.4697,72.3151,87.48,-24.1919,36,6
236,alibaba_replay,rule_based,69.4762,72.671,85.23,-24.2408,36,6
237,alibaba_replay,rule_based,69.4394,72.3414,85.23,-23.8929,36,6
238,alibaba_replay,rule_based,69.4186,72.6064,85.23,-24.1871,36,6
239,alibaba_replay,rule_based,69.382,71.9453,85.23,-23.7209,36,6
240,alibaba_replay,rule_based,69.2956,71.7734,87.48,-23.9796,36,6
241,alibaba_replay,rule_based,69.3468,71.8123,83.16,-24.0649,36,6
242,alibaba_replay,rule_based,69.1988,71.5456,87.48,-23.9516,36,6
243,alibaba_replay,rule_based,69.1821,71.6501,83.16,-24.1042,36,6
244,alibaba_replay,rule_based,69.1549,71.6739,85.23,-24.0793,36,6
245,alibaba_replay,rule_based,69.0655,71.9779,87.48,-24.2313,36,6
246,alibaba_replay,rule_based,69.0181,72.132,85.23,-24.1354,36,6
247,alibaba_replay,rule_based,68.9708,71.7204,85.23,-23.8457,36,6
248,alibaba_replay,rule_based,68.8849,71.7215,87.48,-24.0775,36,6
249,alibaba_replay,rule_based,68.8114,71.5351,87.48,-23.9901,36,6
250,alibaba_replay,rule_based,68.8238,71.6885,85.23,-24.141,36,6
251,alibaba_replay,rule_based,68.7965,71.4713,85.23,-23.9541,36,6
252,alibaba_replay,rule_based,68.7731,71.465,85.23,-24.0611,36,6
253,alibaba_replay,rule_based,68.725,71.5004,85.23,-24.0842,36,6
254,alibaba_replay,rule_based,68.5946,71.6784,87.48,-24.1745,36,6
255,alibaba_replay,rule_based,68.531,71.3808,87.48,-23.9303,36,6
256,alibaba_replay,rule_based,68.3976,71.763,87.48,-24.273,36,6
257,alibaba_replay,rule_based,68.3562,71.7239,85.23,-24.0441,36,6
258,alibaba_replay,rule_based,68.3579,71.3894,83.16,-23.8774,36,6
259,alibaba_replay,rule_based,68.2847,71.0888,85.23,-23.9064,36,6
260,alibaba_replay,rule_based,68.3168,71.0593,83.16,-24.0351,36,6
261,alibaba_replay,rule_based,68.2832,71.0752,85.23,-24.0788,36,6
262,alibaba_replay,rule_based,68.2759,71.2095,85.23,-24.1394,36,6
263,alibaba_replay,rule_based,68.1732,71.0544,87.48,-24.0079,36,6
264,alibaba_replay,rule_based,68.0305,71.1484,87.48,-24.1449,36,6
265,alibaba_replay,rule_based,68.0094,71.0493,85.23,-24.0297,36,6
266,alibaba_replay,rule_based,67.961,71.2443,85.23,-24.1855,36,6
267,alibaba_replay,rule_based,67.916,71.3647,85.23,-24.1463,36,6
268,alibaba_replay,rule_based,67.891,71.4825,85.23,-24.1449,36,6
269,alibaba_replay,rule_based,67.7931,70.8427,87.48,-23.7864,36,6
270,alibaba_replay,rule_based,67.6658,71.2359,87.48,-24.3098,36,6
271,alibaba_replay,rule_based,67.7068,71.7165,83.16,-24.3149,36,6
272,alibaba_replay,rule_based,67.6033,70.6782,85.23,-23.5629,36,6
273,alibaba_replay,rule_based,67.4494,70.8024,87.48,-24.1643,36,6
274,alibaba_replay,rule_based,67.4651,70.7018,83.16,-24.0328,36,6
275,alibaba_replay,rule_based,67.3736,70.4972,85.23,-23.991,36,6
276,alibaba_replay,rule_based,67.2757,70.6091,85.23,-24.1527,36,6
277,alibaba_replay,rule_based,67.1847,70.7895,85.23,-24.1917,36,6
278,alibaba_replay,rule_based,67.0347,70.7765,87.48,-24.1004,36,6
279,alibaba_replay,rule_based,66.9303,70.8505,83.16,-24.1103,36,6
280,alibaba_replay,rule_based,66.8525,70.354,85.23,-23.8383,36,6
281,alibaba_replay,rule_based,66.7317,70.5303,85.23,-24.1841,36,6
282,alibaba_replay,rule_based,66.6207,70.0477,85.23,-23.8639,36,6
283,alibaba_replay,rule_based,66.4519,70.1724,87.48,-24.194,36,6
284,alibaba_replay,rule_based,66.3433,69.8519,85.23,-23.9524,36,6
285,alibaba_replay,rule_based,66.2873,69.9188,83.16,-24.1438,36,6
286,alibaba_replay,rule_based,66.1844,70.1822,85.23,-24.2498,36,6
287,alibaba_replay,rule_based,66.1183,69.841,83.16,-23.9318,36,6
288,alibaba_replay,rule_based,65.9646,69.6941,87.48,-24.0512,36,6
289,alibaba_replay,rule_based,65.8666,69.5851,87.48,-24.0739,36,6
290,alibaba_replay,rule_based,65.7502,69.5877,85.23,-24.1226,36,6
291,alibaba_replay,rule_based,65.575,69.5858,85.23,-24.1208,36,6
292,alibaba_replay,rule_based,65.4317,70.0544,85.23,-24.3514,36,6
293,alibaba_replay,rule_based,65.2698,69.4063,85.23,-23.7922,36,6
294,alibaba_replay,rule_based,65.0698,69.5121,87.48,-23.6992,36,6
295,alibaba_replay,rule_based,64.9088,69.687,85.23,-23.7271,36,6
296,alibaba_replay,rule_based,64.7652,69.8742,83.16,-22.7303,36,6
297,alibaba_replay,rule_based,64.6167,68.6134,83.16,-22.0009,36,6
298,alibaba_replay,rule_based,64.3799,68.6124,85.23,-22.6393,36,6
299,alibaba_replay,rule_based,64.1359,67.9188,87.48,-22.3108,36,6
300,alibaba_replay,rule_based,63.9716,67.9219,85.23,-22.6563,36,6
301,alibaba_replay,rule_based,63.8189,68.0552,83.16,-22.7093,36,6
302,alibaba_replay,rule_based,63.5925,67.9818,85.23,-22.6177,36,6
303,alibaba_replay,rule_based,63.3536,68.0745,85.23,-22.7025,36,6
304,alibaba_replay,rule_based,63.1823,67.7709,83.16,-22.5075,36,6
305,alibaba_replay,rule_based,62.9254,67.4551,85.23,-22.5383,36,6
306,alibaba_replay,rule_based,62.6319,67.5501,87.48,-22.7635,36,6
307,alibaba_replay,rule_based,62.3729,67.3328,85.23,-22.595,36,6
308,alibaba_replay,rule_based,62.1803,67.4412,83.16,-22.7442,36,6
309,alibaba_replay,rule_based,61.9136,67.0534,85.23,-22.5122,36,6
310,alibaba_replay,rule_based,61.6254,67.7272,87.48,-23.0918,36,6
311,alibaba_replay,rule_based,61.453,67.2682,85.23,-22.0073,36,6
312,alibaba_replay,rule_based,61.2613,67.0015,83.16,-22.1114,36,6
313,alibaba_replay,rule_based,60.9937,66.4144,85.23,-21.4842,36,6
314,alibaba_replay,rule_based,60.7896,66.6466,83.16,-21.8779,36,6
315,alibaba_replay,rule_based,60.5255,66.7823,85.23,-21.8482,36,6
316,alibaba_replay,rule_based,60.2316,66.4881,87.48,-21.1379,36,6
317,alibaba_replay,rule_based,59.9916,66.3698,85.23,-21.2331,36,6
318,alibaba_replay,rule_based,59.7831,65.9892,83.16,-20.1085,36,6
319,alibaba_replay,rule_based,59.4598,66.0234,85.23,-19.8263,36,6
320,alibaba_replay,rule_based,59.1674,65.9728,85.23,-19.7718,36,6
321,alibaba_replay,rule_based,58.9321,64.9176,83.16,-18.7483,36,6
322,alibaba_replay,rule_based,58.5408,64.5462,87.48,-18.1303,36,6
323,alibaba_replay,rule_based,58.2405,64.6794,85.23,-18.3649,36,6
324,alibaba_replay,rule_based,57.9561,64.3803,83.16,-18.1585,36,6
325,alibaba_replay,rule_based,57.5414,64.6298,87.48,-18.463,36,6
326,alibaba_replay,rule_based,57.189,64.2384,85.23,-18.1486,36,6
327,alibaba_replay,rule_based,56.8218,63.9334,85.23,-16.6905,36,6
328,alibaba_replay,rule_based,56.4911,63.7784,83.16,-16.7525,36,6
329,alibaba_replay,rule_based,56.086,63.2025,85.23,-16.0589,36,6
330,alibaba_replay,rule_based,55.734,62.3539,83.16,-15.9358,36,6
331,alibaba_replay,rule_based,55.2148,62.2573,87.48,-16.3798,36,6
332,alibaba_replay,rule_based,54.7967,62.3146,85.23,-16.4659,36,6
333,alibaba_replay,rule_based,54.4425,62.8619,83.16,-16.7038,36,6
334,alibaba_replay,rule_based,53.9873,61.7905,85.23,-15.908,36,6
335,alibaba_replay,rule_based,53.4602,61.582,87.48,-16.359,36,6
336,alibaba_replay,rule_based,53.0277,61.7106,85.23,-16.5171,36,6
337,alibaba_replay,rule_based,52.6083,60.7047,83.16,-15.3064,35,6
338,alibaba_replay,rule_based,52.1418,60.3157,85.23,-15.6471,35,6
339,alibaba_replay,rule_based,51.5678,60.3175,87.48,-15.3584,35,6
340,alibaba_replay,rule_based,51.0849,59.3593,85.23,-13.855,35,6
341,alibaba_replay,rule_based,50.5723,58.5989,85.23,-14.1041,36,6
342,alibaba_replay,rule_based,50.0728,58.3308,85.23,-12.8406,36,6
343,alibaba_replay,rule_based,49.5437,58.0884,85.23,-12.3522,36,6
344,alibaba_replay,rule_based,49.096,57.602,83.16,-11.0837,35,6
345,alibaba_replay,rule_based,48.6152,58.0473,85.23,-10.5645,35,6
346,alibaba_replay,rule_based,48.0965,57.152,85.23,-7.8915,35,6
347,alibaba_replay,rule_based,47.5592,55.3609,85.23,-6.2963,34,6
348,alibaba_replay,rule_based,47.0482,55.267,85.23,-6.6386,34,6
349,alibaba_replay,rule_based,45.7728,54.605,113.4,-5.9065,33,2
350,alibaba_replay,rule_based,44.4839,54.2675,113.4,-5.7687,31,1
351,alibaba_replay,rule_based,43.2654,53.5469,113.4,-5.4272,30,4
352,alibaba_replay,rule_based,42.033,50.9431,113.4,-4.4875,28,3
353,alibaba_replay,rule_based,40.8,50.6506,113.4,-5.0413,26,2
354,alibaba_replay,rule_based,39.58,50.2879,113.4,-4.5561,23,1
355,alibaba_replay,rule_based,38.4268,49.5262,113.4,-4.2066,22,3
356,alibaba_replay,rule_based,37.6522,47.0851,99.66,-3.4921,22,5
357,alibaba_replay,rule_based,36.9043,45.9182,99.66,-3.6086,20,5
358,alibaba_replay,rule_based,36.1676,45.4978,99.42,-3.9802,20,5
359,alibaba_replay,rule_based,35.4514,44.2347,99.42,-3.5589,20,5
360,alibaba_replay,rule_based,34.7189,43.5092,99.66,-3.818,20,5
361,alibaba_replay,rule_based,34.095,43.1092,99.18,-3.9625,20,5
362,alibaba_replay,rule_based,33.4157,42.1814,99.42,-3.5421,19,5
363,alibaba_replay,rule_based,32.7023,41.649,99.18,-3.4304,17,5
364,alibaba_replay,rule_based,32.018,41.0044,99.66,-3.2338,16,5
365,alibaba_replay,rule_based,30.4825,40.1021,129.6,-2.7189,12,0
366,alibaba_replay,rule_based,28.9952,38.7746,129.6,-2.2097,10,0
367,alibaba_replay,rule_based,27.5248,37.5767,129.6,-1.8235,7,0
368,alibaba_replay,rule_based,26.0636,36.3195,129.6,-1.0382,2,0
369,alibaba_replay,rule_based,27.4013,37.6629,32.4,-2.4118,7,7
370,alibaba_replay,rule_based,25.9701,36.1042,129.6,-0.7342,1,0
371,alibaba_replay,rule_based,27.2437,37.4072,32.4,-2.3875,7,7
372,alibaba_replay,rule_based,25.7693,35.9989,129.6,-0.804,1,0
373,alibaba_replay,rule_based,27.0366,37.1354,32.4,-1.9958,5,7
374,alibaba_replay,rule_based,25.5247,35.4476,129.6,-0.6592,1,0
375,alibaba_replay,rule_based,26.7649,36.6381,32.4,-2.0193,5,7
376,alibaba_replay,rule_based,27.8791,37.7149,32.4,-2.4054,8,7
377,alibaba_replay,rule_based,26.2093,36.0259,129.6,-0.9494,3,0
378,alibaba_replay,rule_based,27.327,37.2802,32.4,-2.5019,8,7
379,alibaba_replay,rule_based,25.6692,35.7342,129.6,-0.8717,2,0
380,alibaba_replay,rule_based,26.7507,37.1735,32.4,-2.2915,6,7
381,alibaba_replay,rule_based,27.7996,38.4274,32.4,-2.492,8,7
382,alibaba_replay,rule_based,26.0612,36.6588,129.6,-0.7542,2,0
383,alibaba_replay,rule_based,26.9899,37.6384,32.4,-1.9001,5,7
384,alibaba_replay,rule_based,25.1546,35.7373,129.6,-0.6771,2,0
385,alibaba_replay,rule_based,26.1258,36.728,32.4,-1.443,2,7
386,alibaba_replay,rule_based,27.0144,37.6042,32.4,-1.6752,4,7
387,alibaba_replay,rule_based,25.1413,35.8515,129.6,-0.7316,2,0
388,alibaba_replay,rule_based,26.0695,36.6536,32.4,-1.3254,2,7
389,alibaba_replay,rule_based,26.941,37.3016,32.4,-1.2384,2,7
390,alibaba_replay,rule_based,25.013,35.261,129.6,-0.5858,2,0
391,alibaba_replay,rule_based,25.8916,35.936,32.4,-1.2389,2,7
392,alibaba_replay,rule_based,26.6968,36.9995,32.4,-1.4229,2,7
393,alibaba_replay,rule_based,27.4077,37.599,32.4,-1.3316,3,7
394,alibaba_replay,rule_based,25.4153,35.4481,129.6,-0.5483,2,0
395,alibaba_replay,rule_based,26.1808,36.4211,32.4,-1.5046,3,7
396,alibaba_replay,rule_based,26.9108,37.1836,32.4,-1.5477,4,7
397,alibaba_replay,rule_based,27.5557,37.6435,32.4,-1.3881,4,7
398,alibaba_replay,rule_based,25.4423,35.3847,129.6,-0.3776,1,0
399,alibaba_replay,rule_based,26.0961,35.8466,32.4,-1.2277,3,7
400,alibaba_replay,rule_based,26.7366,36.3509,32.4,-1.2446,3,7
401,alibaba_replay,rule_based,27.2998,37.0047,32.4,-1.4644,4,7
402,alibaba_replay,rule_based,27.7975,37.755,32.4,-1.6658,5,7
403,alibaba_replay,rule_based,25.5476,35.5247,129.6,-0.3607,1,0
404,alibaba_replay,rule_based,26.1271,36.3044,32.4,-1.2258,2,7
405,alibaba_replay,rule_based,26.6528,36.8583,32.4,-1.107,2,7
406,alibaba_replay,rule_based,27.1898,37.1366,32.4,-1.1107,3,7
407,alibaba_replay,rule_based,27.608,37.3697,32.4,-1.2328,4,7
408,alibaba_replay,rule_based,27.9896,37.4753,32.4,-1.1623,4,7
409,alibaba_replay,rule_based,25.6166,35.1055,129.6,-0.333,1,0
410,alibaba_replay,rule_based,26.0293,35.5989,32.4,-1.0559,2,7
411,alibaba_replay,rule_based,26.4009,36.2682,32.4,-1.1459,2,7
412,alibaba_replay,rule_based,26.7111,36.7254,32.4,-1.1907,3,7
413,alibaba_replay,rule_based,27.0498,37.257,32.4,-1.2198,3,7
414,alibaba_replay,rule_based,27.3595,37.7519,32.4,-1.1893,3,7
415,alibaba_replay,rule_based,27.6041,37.9246,32.4,-1.0198,3,7
416,alibaba_replay,rule_based,27.874,38.328,32.4,-0.9814,2,7
417,alibaba_replay,rule_based,28.1109,38.4947,32.4,-0.8565,2,7
418,alibaba_replay,rule_based,25.6195,35.9091,129.6,-0.2888,1,0
419,alibaba_replay,rule_based,25.9208,36.265,32.4,-0.7857,1,7
420,alibaba_replay,rule_based,26.2351,36.6454,32.4,-0.7921,1,7
421,alibaba_replay,rule_based,26.5312,36.9159,32.4,-0.7354,1,7
422,alibaba_replay,rule_based,26.777,37.0053,32.4,-0.6417,1,7
423,alibaba_replay,rule_based,27.0461,37.4175,32.4,-0.7992,1,7
424,alibaba_replay,rule_based,27.2708,37.5869,32.4,-0.675,1,7
425,alibaba_replay,rule_based,27.4027,37.8959,32.4,-0.7465,1,7
426,alibaba_replay,rule_based,27.7965,38.8871,32.4,-1.2482,2,7
427,alibaba_replay,rule_based,28.0926,39.8628,32.4,-1.398,3,7
428,alibaba_replay,rule_based,28.3599,40.5834,32.4,-1.576,5,7
429,alibaba_replay,rule_based,25.9033,38.489,129.6,-0.4516,2,0
430,alibaba_replay,rule_based,26.4873,40.093,32.4,-1.5986,2,7
431,alibaba_replay,rule_based,27.0366,41.3008,32.4,-1.5747,3,7
432,alibaba_replay,rule_based,27.5391,42.3519,32.4,-1.8127,5,7
433,alibaba_replay,rule_based,27.9813,43.2711,32.4,-1.7634,5,7
434,alibaba_replay,rule_based,25.7222,41.5315,129.6,-0.9752,4,0
435,alibaba_replay,rule_based,26.1561,41.8852,32.4,-1.3622,4,7
436,alibaba_replay,rule_based,26.6152,42.323,32.4,-1.5646,5,7
437,alibaba_replay,rule_based,27.0203,42.7301,32.4,-1.5514,5,7
438,alibaba_replay,rule_based,27.4078,43.3971,32.4,-1.6896,5,7
439,alibaba_replay,rule_based,25.0632,41.0063,129.6,-0.7306,3,0
440,alibaba_replay,rule_based,25.5367,41.666,32.4,-1.3869,3,7
441,alibaba_replay,rule_based,25.9357,41.5012,32.4,-0.9674,3,7
442,alibaba_replay,rule_based,26.3094,41.7153,32.4,-1.1508,3,7
443,alibaba_replay,rule_based,26.6097,41.8482,32.4,-1.1029,3,7
444,alibaba_replay,rule_based,26.9376,42.5165,32.4,-1.5145,4,7
445,alibaba_replay,rule_based,27.2502,42.9878,32.4,-1.4113,4,7
446,alibaba_replay,rule_based,27.5193,43.743,32.4,-1.5509,4,7
447,alibaba_replay,rule_based,27.7097,44.0755,32.4,-1.3325,4,7
448,alibaba_replay,rule_based,25.2504,41.5208,129.6,-0.5294,2,0
449,alibaba_replay,rule_based,25.5871,41.4906,32.4,-0.8299,2,7
450,alibaba_replay,rule_based,25.9595,41.5223,32.4,-0.859,2,7
451,alibaba_replay,rule_based,26.2539,41.2971,32.4,-0.8796,3,7
452,alibaba_replay,rule_based,26.546,41.2529,32.4,-0.9677,3,7
453,alibaba_replay,rule_based,26.8433,41.3295,32.4,-1.0237,3,7
454,alibaba_replay,rule_based,27.1204,41.3275,32.4,-0.9833,3,7
455,alibaba_replay,rule_based,27.3954,41.3362,32.4,-1.1385,4,7
456,alibaba_replay,rule_based,27.6185,41.2691,32.4,-1.0973,4,7
457,alibaba_replay,rule_based,27.8342,41.4568,32.4,-1.0725,3,7
458,alibaba_replay,rule_based,28.0606,41.52,32.4,-1.0101,3,7
459,alibaba_replay,rule_based,25.5757,38.8195,129.6,-0.5066,2,0
460,alibaba_replay,rule_based,25.8881,38.8021,32.4,-0.8231,2,7
461,alibaba_replay,rule_based,26.1676,39.0604,32.4,-0.9605,2,7
462,alibaba_replay,rule_based,26.4754,39.1536,32.4,-0.8794,2,7
463,alibaba_replay,rule_based,26.745,39.2459,32.4,-1.0263,3,7
464,alibaba_replay,rule_based,27.0238,39.3353,32.4,-1.0148,3,7
465,alibaba_replay,rule_based,27.2749,39.6574,32.4,-1.1271,3,7
466,alibaba_replay,rule_based,27.5456,39.726,32.4,-0.9973,3,7
467,alibaba_replay,rule_based,25.1418,37.1041,129.6,-0.4866,2,0
468,alibaba_replay,rule_based,25.5772,37.2782,32.4,-0.8953,2,7
469,alibaba_replay,rule_based,25.9626,37.5382,32.4,-0.9379,2,7
470,alibaba_replay,rule_based,26.3046,37.945,32.4,-1.0158,2,7
471,alibaba_replay,rule_based,26.6237,38.3023,32.4,-0.9946,2,7
472,alibaba_replay,rule_based,26.875,38.5712,32.4,-0.9553,2,7
473,alibaba_replay,rule_based,27.1767,38.8605,32.4,-1.1188,3,7
474,alibaba_replay,rule_based,24.7429,36.3262,129.6,-0.3456,1,0
475,alibaba_replay,rule_based,25.1183,36.5464,32.4,-0.7744,1,7
476,alibaba_replay,rule_based,25.4742,36.6273,32.4,-0.7039,1,7
477,alibaba_replay,rule_based,25.8143,36.795,32.4,-0.7469,1,7
478,alibaba_replay,rule_based,26.1282,37.0431,32.4,-0.9326,2,7
479,alibaba_replay,rule_based,26.673,36.9896,32.4,-0.7842,2,7
480,alibaba_replay,rule_based,27.1845,36.7739,32.4,-1.1554,5,7
481,alibaba_replay,rule_based,25.0834,33.8737,129.6,0.8028,0,0
482,alibaba_replay,rule_based,25.7925,35.0197,32.4,-1.2584,1,7
483,alibaba_replay,rule_based,26.4959,35.946,32.4,-1.1591,1,7
484,alibaba_replay,rule_based,27.1276,36.7559,32.4,-1.2619,2,7
485,alibaba_replay,rule_based,24.9843,34.6961,129.6,0.7602,0,0
486,alibaba_replay,rule_based,25.6713,35.5441,32.4,-1.1445,1,7
487,alibaba_replay,rule_based,26.2534,36.3094,32.4,-1.1117,1,7
488,alibaba_replay,rule_based,26.8222,37.2025,32.4,-1.4804,3,7
489,alibaba_replay,rule_based,24.6693,35.1392,129.6,-0.414,1,0
490,alibaba_replay,rule_based,25.324,36.2251,32.4,-1.2866,1,7
491,alibaba_replay,rule_based,25.9049,37.2094,32.4,-1.5438,3,7
492,alibaba_replay,rule_based,26.4743,37.8139,32.4,-1.3592,3,7
493,alibaba_replay,rule_based,27.0524,38.5737,32.4,-1.5952,4,7
494,alibaba_replay,rule_based,24.8522,36.2529,129.6,-0.4438,1,0
495,alibaba_replay,rule_based,25.4819,37.1994,32.4,-1.3963,2,7
496,alibaba_replay,rule_based,26.1247,37.6657,32.4,-1.1567,2,7
497,alibaba_replay,rule_based,26.7042,37.7881,32.4,-1.1312,3,7
498,alibaba_replay,rule_based,24.5217,35.4623,129.6,-0.4432,1,0
499,alibaba_replay,rule_based,25.1707,35.869,32.4,-0.9647,1,7
500,alibaba_replay,rule_based,25.7868,36.4069,32.4,-1.1784,2,7
1,workload_burst,rule_based,21.705,22.7313,32.4,0.407,0,7
2,workload_burst,rule_based,21.4504,22.5199,32.4,0.8788,0,7
3,workload_burst,rule_based,21.2475,22.4265,32.4,0.8199,0,7
4,workload_burst,rule_based,21.0519,22.1757,32.4,0.8988,0,7
5,workload_burst,rule_based,20.8565,21.9708,32.4,0.8759,0,7
6,workload_burst,rule_based,20.6854,21.928,32.4,0.7946,0,7
7,workload_burst,rule_based,20.5025,21.5669,32.4,0.9542,0,7
8,workload_burst,rule_based,20.3559,21.5815,32.4,0.7663,0,7
9,workload_burst,rule_based,20.1935,21.1598,32.4,0.9846,0,7
10,workload_burst,rule_based,20.0292,20.9474,32.4,0.8798,0,7
11,workload_burst,rule_based,19.8874,20.635,32.4,0.93,0,7
12,workload_burst,rule_based,19.6984,20.5534,32.4,0.8146,0,7
13,workload_burst,rule_based,19.5639,20.2958,32.4,0.9027,0,7
14,workload_burst,rule_based,19.4743,20.3563,32.4,0.7435,0,7
15,workload_burst,rule_based,19.3605,20.3224,32.4,0.7907,0,7
16,workload_burst,rule_based,19.2598,20.3802,32.4,0.7448,0,7
17,workload_burst,rule_based,19.1678,20.1851,32.4,0.871,0,7
18,workload_burst,rule_based,19.0693,20.4076,32.4,0.6623,0,7
19,workload_burst,rule_based,18.9486,20.0119,32.4,0.9711,0,7
20,workload_burst,rule_based,19.6527,23.4704,32.4,-0.2447,0,7
21,workload_burst,rule_based,20.3324,23.4499,32.4,0.7563,0,7
22,workload_burst,rule_based,20.9886,26.3719,32.4,-0.2926,0,7
23,workload_burst,rule_based,21.5848,26.0374,32.4,0.873,0,7
24,workload_burst,rule_based,22.1493,29.1804,32.4,-0.3212,0,7
25,workload_burst,rule_based,22.5512,29.7425,32.4,0.3862,0,7
26,workload_burst,rule_based,23.027,31.4291,32.4,-0.2282,0,7
27,workload_burst,rule_based,23.4805,30.5289,32.4,1.0567,0,7
28,workload_burst,rule_based,23.9616,32.6581,32.4,-0.3972,0,7
29,workload_burst,rule_based,24.3106,31.832,32.4,1.0064,0,7
30,workload_burst,rule_based,24.6889,31.1684,32.4,0.9639,0,7
31,workload_burst,rule_based,25.0443,32.4877,32.4,-0.0363,0,7
32,workload_burst,rule_based,25.5019,32.9179,32.4,0.3884,0,7
33,workload_burst,rule_based,25.8514,35.8761,32.4,-1.614,1,7
34,workload_burst,rule_based,23.5957,32.1186,129.6,0.8993,0,0
35,workload_burst,rule_based,23.2633,31.0998,32.4,1.1116,0,7
36,workload_burst,rule_based,22.919,30.163,32.4,1.092,0,7
37,workload_burst,rule_based,22.626,29.4243,32.4,1.0122,0,7
38,workload_burst,rule_based,22.3689,28.9672,32.4,0.8869,0,7
39,workload_burst,rule_based,22.09,28.2962,32.4,1.0061,0,7
40,workload_burst,rule_based,21.8184,27.7923,32.4,0.9358,0,7
41,workload_burst,rule_based,21.5969,27.34,32.4,0.9212,0,7
42,workload_burst,rule_based,21.3387,26.5896,32.4,1.0792,0,7
43,workload_burst,rule_based,21.1574,25.998,32.4,1.0079,0,7
44,workload_burst,rule_based,20.9279,25.4982,32.4,0.9693,0,7
45,workload_burst,rule_based,20.7344,25.0933,32.4,0.9291,0,7
46,workload_burst,rule_based,20.5295,24.5372,32.4,1.0102,0,7
47,workload_burst,rule_based,20.3206,23.8764,32.4,1.0677,0,7
48,workload_burst,rule_based,20.1582,23.3315,32.4,1.016,0,7
49,workload_burst,rule_based,19.9992,22.9419,32.4,0.9431,0,7
50,workload_burst,rule_based,19.8608,22.709,32.4,0.8666,0,7
51,workload_burst,rule_based,19.694,22.5975,32.4,0.8078,0,7
52,workload_burst,rule_based,19.5506,22.3131,32.4,0.8963,0,7
53,workload_burst,rule_based,19.4172,22.0705,32.4,0.8768,0,7
54,workload_burst,rule_based,19.2924,21.7441,32.4,0.9207,0,7
55,workload_burst,rule_based,19.2128,21.6566,32.4,0.802,0,7
56,workload_burst,rule_based,19.1022,21.2937,32.4,0.9429,0,7
57,workload_burst,rule_based,19.0304,20.8782,32.4,0.9711,0,7
58,workload_burst,rule_based,18.9016,20.4461,32.4,0.9805,0,7
59,workload_burst,rule_based,18.7819,20.4965,32.4,0.7403,0,7
60,workload_burst,rule_based,18.6346,20.4001,32.4,0.8145,0,7
61,workload_burst,rule_based,18.5356,20.2538,32.4,0.84,0,7
62,workload_burst,rule_based,18.4958,20.0556,32.4,0.8665,0,7
63,workload_burst,rule_based,18.3862,19.8253,32.4,0.8832,0,7
64,workload_burst,rule_based,18.3306,19.6984,32.4,0.8326,0,7
65,workload_burst,rule_based,18.2734,19.6293,32.4,0.8046,0,7
66,workload_burst,rule_based,18.2449,19.5465,32.4,0.8122,0,7
67,workload_burst,rule_based,18.1656,19.3016,32.4,0.8936,0,7
68,workload_burst,rule_based,18.0982,19.3558,32.4,0.7444,0,7
69,workload_burst,rule_based,18.0683,19.0164,32.4,0.9416,0,7
70,workload_burst,rule_based,18.7862,22.4632,32.4,-0.2548,0,7
71,workload_burst,rule_based,19.4071,25.232,32.4,-0.2908,0,7
72,workload_burst,rule_based,20.0191,27.1308,32.4,-0.2456,0,7
73,workload_burst,rule_based,20.6284,29.892,32.4,-0.3624,0,7
74,workload_burst,rule_based,21.264,29.1669,32.4,1.0387,0,7
75,workload_burst,rule_based,21.8708,29.757,32.4,0.3566,0,7
76,workload_burst,rule_based,22.4055,31.6551,32.4,-0.3109,0,7
77,workload_burst,rule_based,22.8626,30.6668,32.4,1.1388,0,7
78,workload_burst,rule_based,23.3857,33.344,32.4,-0.4211,0,7
79,workload_burst,rule_based,23.7226,33.8467,32.4,0.3227,0,7
80,workload_burst,rule_based,24.1087,33.8118,32.4,0.5757,0,7
81,workload_burst,rule_based,24.4784,34.2019,32.4,0.4002,0,7
82,workload_burst,rule_based,24.9126,36.9309,32.4,-1.6021,1,7
83,workload_burst,rule_based,25.2239,38.1458,32.4,-1.5691,3,7
84,workload_burst,rule_based,25.6349,40.3249,32.4,-2.0525,3,7
85,workload_burst,rule_based,25.2222,38.9359,32.4,-0.3068,3,7
86,workload_burst,rule_based,24.8353,37.6652,32.4,-0.3261,3,7
87,workload_burst,rule_based,24.4739,36.0562,32.4,0.0362,2,7
88,workload_burst,rule_based,24.0852,34.8226,32.4,1.1764,0,7
89,workload_burst,rule_based,23.7419,33.5091,32.4,1.2428,0,7
90,workload_burst,rule_based,23.4236,32.5416,32.4,1.0927,0,7
91,workload_burst,rule_based,23.068,31.8097,32.4,0.9947,0,7
92,workload_burst,rule_based,22.7065,30.6295,32.4,1.2406,0,7
93,workload_burst,rule_based,22.4532,29.7838,32.4,1.0909,0,7
94,workload_burst,rule_based,22.1801,28.8478,32.4,1.1481,0,7
95,workload_burst,rule_based,21.9247,28.1444,32.4,1.0447,0,7
96,workload_burst,rule_based,21.7154,27.609,32.4,0.9717,0,7
97,workload_burst,rule_based,21.45,27.0838,32.4,0.9738,0,7
98,workload_burst,rule_based,21.2623,26.4418,32.4,1.0413,0,7
99,workload_burst,rule_based,21.0428,26.1577,32.4,0.8679,0,7
100,workload_burst,rule_based,20.8559,25.7548,32.4,0.9321,0,7
101,workload_burst,rule_based,20.6318,25.2336,32.4,0.9956,0,7
102,workload_burst,rule_based,20.4732,24.8789,32.4,0.9183,0,7
103,workload_burst,rule_based,20.3,24.407,32.4,0.98,0,7
104,workload_burst,rule_based,20.1598,24.1086,32.4,0.8959,0,7
105,workload_burst,rule_based,20.0015,23.8691,32.4,0.8702,0,7
106,workload_burst,rule_based,19.8295,23.4693,32.4,0.9528,0,7
107,workload_burst,rule_based,19.6966,23.2011,32.4,0.8895,0,7
108,workload_burst,rule_based,19.5471,22.899,32.4,0.9082,0,7
109,workload_burst,rule_based,19.4,22.1729,32.4,1.1234,0,7
110,workload_burst,rule_based,19.3132,21.8617,32.4,0.9177,0,7
111,workload_burst,rule_based,19.1426,21.3907,32.4,0.9987,0,7
112,workload_burst,rule_based,19.0006,21.2214,32.4,0.8491,0,7
113,workload_burst,rule_based,18.895,20.8897,32.4,0.9317,0,7
114,workload_burst,rule_based,18.8398,20.4772,32.4,0.9737,0,7
115,workload_burst,rule_based,18.7936,20.5045,32.4,0.7543,0,7
116,workload_burst,rule_based,18.7049,20.1893,32.4,0.9267,0,7
117,workload_burst,rule_based,18.6566,20.0793,32.4,0.8237,0,7
118,workload_burst,rule_based,18.5584,20.0695,32.4,0.7743,0,7
119,workload_burst,rule_based,18.4972,19.8066,32.4,0.9013,0,7
120,workload_burst,rule_based,19.1903,23.4565,32.4,-0.2578,0,7
121,workload_burst,rule_based,19.8414,26.2952,32.4,-0.2976,0,7
122,workload_burst,rule_based,20.4595,27.5487,32.4,0.0606,0,7
123,workload_burst,rule_based,21.0353,28.8459,32.4,0.0074,0,7
124,workload_burst,rule_based,21.6834,30.115,32.4,-0.0206,0,7
125,workload_burst,rule_based,22.1892,32.3175,32.4,-0.4483,0,7
126,workload_burst,rule_based,22.725,31.2598,32.4,1.1304,0,7
127,workload_burst,rule_based,23.2171,30.4153,32.4,1.0507,0,7
128,workload_burst,rule_based,23.696,33.3622,32.4,-0.4296,0,7
129,workload_burst,rule_based,24.2007,35.6699,32.4,-1.7887,2,7
130,workload_burst,rule_based,24.5477,36.7189,32.4,-1.5197,3,7
131,workload_burst,rule_based,24.9894,39.0252,32.4,-2.2252,4,7
132,workload_burst,rule_based,25.4872,38.8133,32.4,-1.0801,4,7
133,workload_burst,rule_based,25.8934,39.7137,32.4,-1.6702,4,7
134,workload_burst,rule_based,26.2783,41.5398,32.4,-2.1384,4,7
135,workload_burst,rule_based,23.1008,37.1648,129.6,-0.3957,1,0
136,workload_burst,rule_based,22.814,35.9756,32.4,-0.083,1,7
137,workload_burst,rule_based,22.5005,34.8499,32.4,1.0661,0,7
138,workload_burst,rule_based,22.2946,33.7295,32.4,1.0984,0,7
139,workload_burst,rule_based,22.0628,32.7321,32.4,1.064,0,7
140,workload_burst,rule_based,21.8046,31.5738,32.4,1.1712,0,7
141,workload_burst,rule_based,21.5839,30.5878,32.4,1.1067,0,7
142,workload_burst,rule_based,21.3078,29.6789,32.4,1.089,0,7
143,workload_burst,rule_based,21.1016,29.0406,32.4,0.9683,0,7
144,workload_burst,rule_based,20.8749,28.3168,32.4,1.0241,0,7
145,workload_burst,rule_based,20.7144,27.7211,32.4,0.972,0,7
146,workload_burst,rule_based,20.5156,27.0958,32.4,0.9983,0,7
147,workload_burst,rule_based,20.3758,26.7942,32.4,0.8443,0,7
148,workload_burst,rule_based,20.2074,26.3618,32.4,0.9198,0,7
149,workload_burst,rule_based,20.0533,25.8526,32.4,0.9657,0,7
150,workload_burst,rule_based,19.8709,25.4198,32.4,0.9362,0,7
151,workload_burst,rule_based,19.761,25.0354,32.4,0.9189,0,7
152,workload_burst,rule_based,19.6207,24.4332,32.4,1.0327,0,7
153,workload_burst,rule_based,19.5142,24.0341,32.4,0.9362,0,7
154,workload_burst,rule_based,19.3822,23.532,32.4,0.9918,0,7
155,workload_burst,rule_based,19.2252,23.1014,32.4,0.961,0,7
156,workload_burst,rule_based,19.1527,22.6091,32.4,0.9965,0,7
157,workload_burst,rule_based,19.0295,22.0426,32.4,1.0369,0,7
158,workload_burst,rule_based,18.9443,21.6943,32.4,0.9302,0,7
159,workload_burst,rule_based,18.8444,21.2881,32.4,0.962,0,7
160,workload_burst,rule_based,18.7444,20.996,32.4,0.9064,0,7
161,workload_burst,rule_based,18.648,20.6747,32.4,0.9234,0,7
162,workload_burst,rule_based,18.5567,20.6754,32.4,0.7638,0,7
163,workload_burst,rule_based,18.5015,20.368,32.4,0.9183,0,7
164,workload_burst,rule_based,18.4197,20.2414,32.4,0.8293,0,7
165,workload_burst,rule_based,18.3428,20.1759,32.4,0.7988,0,7
166,workload_burst,rule_based,18.2914,20.1252,32.4,0.7925,0,7
167,workload_burst,rule_based,18.2262,19.8966,32.4,0.8825,0,7
168,workload_burst,rule_based,18.1521,19.7386,32.4,0.8479,0,7
169,workload_burst,rule_based,18.1589,19.6373,32.4,0.8197,0,7
170,workload_burst,rule_based,18.919,23.3351,32.4,-0.2614,0,7
171,workload_burst,rule_based,19.5975,22.8667,32.4,0.9698,0,7
172,workload_burst,rule_based,20.2951,25.1896,32.4,-0.2704,0,7
173,workload_burst,rule_based,20.9296,27.8201,32.4,-0.313,0,7
174,workload_burst,rule_based,21.6243,26.9218,32.4,1.1467,0,7
175,workload_burst,rule_based,22.1139,28.8891,32.4,-0.313,0,7
176,workload_burst,rule_based,22.6923,28.3924,32.4,0.9389,0,7
177,workload_burst,rule_based,23.1848,30.3601,32.4,-0.3318,0,7
178,workload_burst,rule_based,23.6151,31.9162,32.4,-0.1593,0,7
179,workload_burst,rule_based,24.0682,34.8461,32.4,-0.4097,0,7
180,workload_burst,rule_based,24.4884,33.6878,32.4,1.1902,0,7
181,workload_burst,rule_based,24.8843,36.3527,32.4,-1.6135,1,7
182,workload_burst,rule_based,25.2544,34.9605,32.4,1.2583,0,7
183,workload_burst,rule_based,25.6498,37.619,32.4,-1.9357,3,7
184,workload_burst,rule_based,23.287,33.5524,129.6,0.8888,0,0
185,workload_burst,rule_based,22.9856,32.6159,32.4,1.0558,0,7
186,workload_burst,rule_based,22.6898,31.6018,32.4,1.1189,0,7
187,workload_burst,rule_based,22.4157,30.4839,32.4,1.1922,0,7
188,workload_burst,rule_based,22.1168,29.5018,32.4,1.1421,0,7
189,workload_burst,rule_based,21.841,28.7995,32.4,1.0189,0,7
190,workload_burst,rule_based,21.6062,28.0285,32.4,1.0685,0,7
191,workload_burst,rule_based,21.3758,27.5262,32.4,0.9419,0,7
192,workload_burst,rule_based,21.1674,26.8883,32.4,1.0187,0,7
193,workload_burst,rule_based,20.9709,26.5524,32.4,0.8744,0,7
194,workload_burst,rule_based,20.7504,25.8019,32.4,1.0896,0,7
195,workload_burst,rule_based,20.5458,25.2498,32.4,0.9979,0,7
196,workload_burst,rule_based,20.37,24.5879,32.4,1.0602,0,7
197,workload_burst,rule_based,20.2339,24.0671,32.4,0.9969,0,7
198,workload_burst,rule_based,20.0849,23.846,32.4,0.8503,0,7
199,workload_burst,rule_based,19.8854,23.2078,32.4,1.0636,0,7
200,workload_burst,rule_based,19.7228,22.7361,32.4,0.9826,0,7
201,workload_burst,rule_based,19.6135,22.375,32.4,0.9304,0,7
202,workload_burst,rule_based,19.4551,22.1479,32.4,0.8664,0,7
203,workload_burst,rule_based,19.3374,22.0833,32.4,0.7873,0,7
204,workload_burst,rule_based,19.2106,21.6895,32.4,0.9543,0,7
205,workload_burst,rule_based,19.075,21.1853,32.4,1.0116,0,7
206,workload_burst,rule_based,18.9866,21.0085,32.4,0.8496,0,7
207,workload_burst,rule_based,18.9033,20.9941,32.4,0.7707,0,7
208,workload_burst,rule_based,18.8002,20.8177,32.4,0.8531,0,7
209,workload_burst,rule_based,18.7405,20.4668,32.4,0.9409,0,7
210,workload_burst,rule_based,18.6478,20.148,32.4,0.926,0,7
211,workload_burst,rule_based,18.6084,19.8635,32.4,0.9106,0,7
212,workload_burst,rule_based,18.493,19.6632,32.4,0.8696,0,7
213,workload_burst,rule_based,18.3837,19.3857,32.4,0.9089,0,7
214,workload_burst,rule_based,18.3269,19.3103,32.4,0.8083,0,7
215,workload_burst,rule_based,18.2396,19.1528,32.4,0.8496,0,7
216,workload_burst,rule_based,18.1704,19.201,32.4,0.7472,0,7
217,workload_burst,rule_based,18.1018,18.9995,32.4,0.8726,0,7
218,workload_burst,rule_based,18.0744,19.0055,32.4,0.7693,0,7
219,workload_burst,rule_based,17.9979,18.8792,32.4,0.8357,0,7
220,workload_burst,rule_based,18.7985,22.8107,32.4,-0.2555,0,7
221,workload_burst,rule_based,19.4515,24.1699,32.4,0.0567,0,7
222,workload_burst,rule_based,20.1634,26.5166,32.4,-0.3053,0,7
223,workload_burst,rule_based,20.7958,29.3555,32.4,-0.3298,0,7
224,workload_burst,rule_based,21.3623,31.9094,32.4,-0.3504,0,7
225,workload_burst,rule_based,21.987,34.8749,32.4,-0.4124,0,7
226,workload_burst,rule_based,22.574,37.6888,32.4,-1.6523,1,7
227,workload_burst,rule_based,23.059,38.6417,32.4,-1.1417,1,7
228,workload_burst,rule_based,23.5673,39.9186,32.4,-1.5254,2,7
229,workload_burst,rule_based,24.0293,41.9325,32.4,-1.931,2,7
230,workload_burst,rule_based,24.5409,40.3238,32.4,-0.1044,2,7
231,workload_burst,rule_based,24.92,38.6804,32.4,-0.1907,3,7
232,workload_burst,rule_based,25.2571,39.7329,32.4,-1.7772,4,7
233,workload_burst,rule_based,25.5478,38.3335,32.4,-0.4827,4,7
234,workload_burst,rule_based,25.9319,39.881,32.4,-2.1145,5,7
235,workload_burst,rule_based,25.5136,38.3903,32.4,-0.2481,3,7
236,workload_burst,rule_based,25.1171,37.2463,32.4,-0.2307,2,7
237,workload_burst,rule_based,24.7052,35.8716,32.4,0.0739,1,7
238,workload_burst,rule_based,24.3317,34.7282,32.4,1.1398,0,7
239,workload_burst,rule_based,23.9618,33.7701,32.4,1.0688,0,7
240,workload_burst,rule_based,23.6237,32.8186,32.4,1.0882,0,7
241,workload_burst,rule_based,23.3251,32.0465,32.4,1.016,0,7
242,workload_burst,rule_based,22.9691,31.0329,32.4,1.1576,0,7
243,workload_burst,rule_based,22.6364,30.3381,32.4,1.0122,0,7
244,workload_burst,rule_based,22.3432,29.765,32.4,0.9623,0,7
245,workload_burst,rule_based,22.064,28.8844,32.4,1.1283,0,7
246,workload_burst,rule_based,21.7772,28.0903,32.4,1.0967,0,7
247,workload_burst,rule_based,21.5124,27.3628,32.4,1.0734,0,7
248,workload_burst,rule_based,21.2889,26.8445,32.4,0.9756,0,7
249,workload_burst,rule_based,21.0917,26.1424,32.4,1.074,0,7
250,workload_burst,rule_based,20.9372,25.5205,32.4,1.0381,0,7
251,workload_burst,rule_based,20.742,25.0928,32.4,0.9476,0,7
252,workload_burst,rule_based,20.5669,24.618,32.4,0.9763,0,7
253,workload_burst,rule_based,20.3807,24.4031,32.4,0.8508,0,7
254,workload_burst,rule_based,20.184,24.0485,32.4,0.9245,0,7
255,workload_burst,rule_based,20.0543,23.708,32.4,0.9204,0,7
256,workload_burst,rule_based,19.8598,23.2229,32.4,0.9959,0,7
257,workload_burst,rule_based,19.6999,22.8994,32.4,0.9178,0,7
258,workload_burst,rule_based,19.5438,22.2263,32.4,1.0963,0,7
259,workload_burst,rule_based,19.3719,21.9381,32.4,0.9063,0,7
260,workload_burst,rule_based,19.256,21.6237,32.4,0.9215,0,7
261,workload_burst,rule_based,19.1511,21.3775,32.4,0.8881,0,7
262,workload_burst,rule_based,19.0868,21.1371,32.4,0.8861,0,7
263,workload_burst,rule_based,18.9953,20.9359,32.4,0.8669,0,7
264,workload_burst,rule_based,18.8682,20.8153,32.4,0.8277,0,7
265,workload_burst,rule_based,18.8093,20.6196,32.4,0.8655,0,7
266,workload_burst,rule_based,18.7278,20.3354,32.4,0.9105,0,7
267,workload_burst,rule_based,18.6571,20.194,32.4,0.8394,0,7
268,workload_burst,rule_based,18.6017,20.1366,32.4,0.7984,0,7
269,workload_burst,rule_based,18.5441,19.9495,32.4,0.8641,0,7
270,workload_burst,rule_based,19.1803,23.5452,32.4,-0.2531,0,7
271,workload_burst,rule_based,19.8627,26.8748,32.4,-0.2716,0,7
272,workload_burst,rule_based,20.5271,26.306,32.4,0.9954,0,7
273,workload_burst,rule_based,21.2497,28.6122,32.4,-0.3165,0,7
274,workload_burst,rule_based,21.8562,28.2801,32.4,0.8357,0,7
275,workload_burst,rule_based,22.3642,29.031,32.4,0.3086,0,7
276,workload_burst,rule_based,22.8707,30.5952,32.4,-0.1428,0,7
277,workload_burst,rule_based,23.2886,32.5484,32.4,-0.3621,0,7
278,workload_burst,rule_based,23.8213,34.4351,32.4,-0.3861,0,7
279,workload_burst,rule_based,24.0924,33.1576,32.4,1.2315,0,7
280,workload_burst,rule_based,24.5576,35.9713,32.4,-1.6023,1,7
281,workload_burst,rule_based,24.9273,37.8138,32.4,-1.7151,2,7
282,workload_burst,rule_based,25.2977,37.9794,32.4,-0.8917,2,7
283,workload_burst,rule_based,25.67,38.9637,32.4,-1.3204,2,7
284,workload_burst,rule_based,26.0325,41.5461,32.4,-2.1775,4,7
285,workload_burst,rule_based,25.5829,39.9827,32.4,0.0979,1,7
286,workload_burst,rule_based,25.1735,38.7078,32.4,-0.0087,1,7
287,workload_burst,rule_based,24.7597,37.0429,32.4,0.2193,1,7
288,workload_burst,rule_based,24.4087,35.6898,32.4,0.0898,1,7
289,workload_burst,rule_based,24.1289,34.5157,32.4,1.1735,0,7
290,workload_burst,rule_based,23.7962,33.6415,32.4,1.0475,0,7
291,workload_burst,rule_based,23.4235,32.5863,32.4,1.1553,0,7
292,workload_burst,rule_based,23.1214,31.4956,32.4,1.1903,0,7
293,workload_burst,rule_based,22.8048,30.6568,32.4,1.0798,0,7
294,workload_burst,rule_based,22.533,29.824,32.4,1.0936,0,7
295,workload_burst,rule_based,22.2548,29.0052,32.4,1.0995,0,7
296,workload_burst,rule_based,21.9785,28.4733,32.4,0.9645,0,7
297,workload_burst,rule_based,21.716,27.6909,32.4,1.1,0,7
298,workload_burst,rule_based,21.4491,27.0366,32.4,1.0454,0,7
299,workload_burst,rule_based,21.2384,26.3902,32.4,1.0479,0,7
300,workload_burst,rule_based,21.0543,25.6393,32.4,1.108,0,7
301,workload_burst,rule_based,20.8478,24.9277,32.4,1.0952,0,7
302,workload_burst,rule_based,20.653,24.3879,32.4,1.0141,0,7
303,workload_burst,rule_based,20.4584,24.0271,32.4,0.9292,0,7
304,workload_burst,rule_based,20.3021,23.6742,32.4,0.9287,0,7
305,workload_burst,rule_based,20.1441,23.247,32.4,0.9687,0,7
306,workload_burst,rule_based,20.0294,22.6519,32.4,1.0539,0,7
307,workload_burst,rule_based,19.8773,22.3786,32.4,0.8954,0,7
308,workload_burst,rule_based,19.7404,22.114,32.4,0.892,0,7
309,workload_burst,rule_based,19.5875,21.7959,32.4,0.9211,0,7
310,workload_burst,rule_based,19.4781,21.441,32.4,0.9414,0,7
311,workload_burst,rule_based,19.4368,21.3793,32.4,0.7962,0,7
312,workload_burst,rule_based,19.3028,21.0899,32.4,0.9112,0,7
313,workload_burst,rule_based,19.1845,20.8163,32.4,0.9045,0,7
314,workload_burst,rule_based,19.071,20.7209,32.4,0.8156,0,7
315,workload_burst,rule_based,18.9765,20.681,32.4,0.7886,0,7
316,workload_burst,rule_based,18.9046,20.4616,32.4,0.8785,0,7
317,workload_burst,rule_based,18.8292,20.089,32.4,0.9565,0,7
318,workload_burst,rule_based,18.7587,20.0269,32.4,0.8015,0,7
319,workload_burst,rule_based,18.6428,19.6763,32.4,0.946,0,7
320,workload_burst,rule_based,19.3616,23.4385,32.4,-0.2578,0,7
321,workload_burst,rule_based,20.0984,26.0662,32.4,-0.307,0,7
322,workload_burst,rule_based,20.6723,29.1714,32.4,-0.3276,0,7
323,workload_burst,rule_based,21.3357,28.6593,32.4,0.9347,0,7
324,workload_burst,rule_based,21.9351,28.8294,32.4,0.582,0,7
325,workload_burst,rule_based,22.4365,30.0857,32.4,0.0045,0,7
326,workload_burst,rule_based,22.9917,31.8546,32.4,-0.2803,0,7
327,workload_burst,rule_based,23.4901,34.7568,32.4,-0.4503,0,7
328,workload_burst,rule_based,23.9932,33.8344,32.4,0.982,0,7
329,workload_burst,rule_based,24.4397,36.4433,32.4,-1.6267,1,7
330,workload_burst,rule_based,24.8153,35.8612,32.4,-0.4928,2,7
331,workload_burst,rule_based,25.1759,37.6926,32.4,-1.7482,2,7
332,workload_burst,rule_based,25.5689,39.2709,32.4,-1.8132,3,7
333,workload_burst,rule_based,23.3336,36.7178,129.6,-0.5858,2,0
334,workload_burst,rule_based,23.7737,38.1498,32.4,-1.6516,2,7
335,workload_burst,rule_based,23.42,36.7086,32.4,-0.1591,2,7
336,workload_burst,rule_based,23.1066,35.3795,32.4,-0.0199,1,7
337,workload_burst,rule_based,22.7895,34.4691,32.4,0.9577,0,7
338,workload_burst,rule_based,22.5094,33.1117,32.4,1.2191,0,7
339,workload_burst,rule_based,22.1912,31.9579,32.4,1.1474,0,7
340,workload_burst,rule_based,21.9144,31.2956,32.4,0.9276,0,7
341,workload_burst,rule_based,21.6436,30.479,32.4,1.024,0,7
342,workload_burst,rule_based,21.4052,29.6016,32.4,1.0734,0,7
343,workload_burst,rule_based,21.1518,28.7194,32.4,1.0932,0,7
344,workload_burst,rule_based,20.9238,28.023,32.4,1.0168,0,7
345,workload_burst,rule_based,20.7442,27.4013,32.4,0.9911,0,7
346,workload_burst,rule_based,20.5513,26.7326,32.4,1.0275,0,7
347,workload_burst,rule_based,20.3764,26.3518,32.4,0.893,0,7
348,workload_burst,rule_based,20.2167,25.8274,32.4,0.9731,0,7
349,workload_burst,rule_based,20.0975,25.2044,32.4,1.0306,0,7
350,workload_burst,rule_based,19.9439,24.5466,32.4,1.0561,0,7
351,workload_burst,rule_based,19.8262,24.2569,32.4,0.8768,0,7
352,workload_burst,rule_based,19.6835,23.8847,32.4,0.9218,0,7
353,workload_burst,rule_based,19.5182,23.4608,32.4,0.9514,0,7
354,workload_burst,rule_based,19.3672,23.0783,32.4,0.9347,0,7
355,workload_burst,rule_based,19.254,22.66,32.4,0.9576,0,7
356,workload_burst,rule_based,19.1222,22.1136,32.4,1.0264,0,7
357,workload_burst,rule_based,19.0134,21.9717,32.4,0.8268,0,7
358,workload_burst,rule_based,18.9042,21.6841,32.4,0.9021,0,7
359,workload_burst,rule_based,18.8163,21.315,32.4,0.9441,0,7
360,workload_burst,rule_based,18.7043,21.2104,32.4,0.8131,0,7
361,workload_burst,rule_based,18.7037,20.9503,32.4,0.8924,0,7
362,workload_burst,rule_based,18.6457,20.569,32.4,0.9557,0,7
363,workload_burst,rule_based,18.5458,20.3843,32.4,0.8587,0,7
364,workload_burst,rule_based,18.4913,20.2003,32.4,0.8592,0,7
365,workload_burst,rule_based,18.4157,20.056,32.4,0.8403,0,7
366,workload_burst,rule_based,18.3411,19.8362,32.4,0.8783,0,7
367,workload_burst,rule_based,18.2666,19.7116,32.4,0.8319,0,7
368,workload_burst,rule_based,18.1608,19.607,32.4,0.8225,0,7
369,workload_burst,rule_based,18.0948,19.5575,32.4,0.7956,0,7
370,workload_burst,rule_based,18.7859,22.1913,32.4,-0.2491,0,7
371,workload_burst,rule_based,19.4421,23.8767,32.4,-0.0992,0,7
372,workload_burst,rule_based,20.0705,26.6388,32.4,-0.2927,0,7
373,workload_burst,rule_based,20.7326,29.6975,32.4,-0.341,0,7
374,workload_burst,rule_based,21.3665,29.0761,32.4,0.9672,0,7
375,workload_burst,rule_based,21.996,32.6148,32.4,-0.3921,0,7
376,workload_burst,rule_based,22.4304,33.96,32.4,-0.0778,0,7
377,workload_burst,rule_based,22.8899,35.4718,32.4,-1.3399,1,7
378,workload_burst,rule_based,23.324,37.9549,32.4,-1.6493,1,7
379,workload_burst,rule_based,23.7405,39.0196,32.4,-1.2598,1,7
380,workload_burst,rule_based,24.1739,37.6662,32.4,-0.1991,2,7
381,workload_burst,rule_based,24.7233,40.2611,32.4,-2.0344,3,7
382,workload_burst,rule_based,25.1521,39.0281,32.4,-0.0588,1,7
383,workload_burst,rule_based,25.5107,37.7637,32.4,-0.176,2,7
384,workload_burst,rule_based,25.8655,36.2939,32.4,-0.3651,4,7
385,workload_burst,rule_based,25.452,35.2365,32.4,-0.2357,2,7
386,workload_burst,rule_based,25.0449,34.1838,32.4,1.0918,0,7
387,workload_burst,rule_based,24.6414,33.1178,32.4,1.1268,0,7
388,workload_burst,rule_based,24.2635,32.249,32.4,1.0506,0,7
389,workload_burst,rule_based,23.926,31.6669,32.4,0.9254,0,7
390,workload_burst,rule_based,23.5687,30.7042,32.4,1.1365,0,7
391,workload_burst,rule_based,23.2515,30.2252,32.4,0.9078,0,7
392,workload_burst,rule_based,22.9391,29.6401,32.4,0.9716,0,7
393,workload_burst,rule_based,22.6042,28.7903,32.4,1.1151,0,7
394,workload_burst,rule_based,22.3344,27.9747,32.4,1.1101,0,7
395,workload_burst,rule_based,22.0658,27.3704,32.4,1.0121,0,7
396,workload_burst,rule_based,21.8226,26.6865,32.4,1.0599,0,7
397,workload_burst,rule_based,21.5653,26.0073,32.4,1.0643,0,7
398,workload_burst,rule_based,21.3141,25.4804,32.4,0.9946,0,7
399,workload_burst,rule_based,21.0688,24.8318,32.4,1.0607,0,7
400,workload_burst,rule_based,20.8625,24.427,32.4,0.9433,0,7
401,workload_burst,rule_based,20.6484,23.883,32.4,1.0171,0,7
402,workload_burst,rule_based,20.4378,23.4608,32.4,0.9601,0,7
403,workload_burst,rule_based,20.2294,23.1793,32.4,0.8924,0,7
404,workload_burst,rule_based,20.062,22.8466,32.4,0.9202,0,7
405,workload_burst,rule_based,19.9013,22.2616,32.4,1.0496,0,7
406,workload_burst,rule_based,19.7885,22.3245,32.4,0.7264,0,7
407,workload_burst,rule_based,19.6176,21.7825,32.4,1.0319,0,7
408,workload_burst,rule_based,19.4548,21.5062,32.4,0.9003,0,7
409,workload_burst,rule_based,19.2919,21.0624,32.4,0.9862,0,7
410,workload_burst,rule_based,19.1445,20.8374,32.4,0.8775,0,7
411,workload_burst,rule_based,19.0184,20.4689,32.4,0.9512,0,7
412,workload_burst,rule_based,18.8711,20.2814,32.4,0.8606,0,7
413,workload_burst,rule_based,18.7758,20.1585,32.4,0.8292,0,7
414,workload_burst,rule_based,18.699,19.9921,32.4,0.8516,0,7
415,workload_burst,rule_based,18.5771,19.8961,32.4,0.8163,0,7
416,workload_burst,rule_based,18.4985,19.6092,32.4,0.9126,0,7
417,workload_burst,rule_based,18.4156,19.6373,32.4,0.7558,0,7
418,workload_burst,rule_based,18.3445,19.4458,32.4,0.8662,0,7
419,workload_burst,rule_based,18.2534,19.2754,32.4,0.8557,0,7
420,workload_burst,rule_based,18.9957,23.184,32.4,-0.2551,0,7
421,workload_burst,rule_based,19.6734,22.9497,32.4,0.8551,0,7
422,workload_burst,rule_based,20.3101,25.6531,32.4,-0.2962,0,7
423,workload_burst,rule_based,21.0153,29.195,32.4,-0.3517,0,7
424,workload_burst,rule_based,21.6171,31.2351,32.4,-0.4227,0,7
425,workload_burst,rule_based,22.1388,32.3321,32.4,0.0201,0,7
426,workload_burst,rule_based,22.6952,34.8333,32.4,-0.476,0,7
427,workload_burst,rule_based,23.2215,33.667,32.4,1.1161,0,7
428,workload_burst,rule_based,23.7013,36.2339,32.4,-1.7176,1,7
429,workload_burst,rule_based,24.0827,37.0748,32.4,-1.6276,4,7
430,workload_burst,rule_based,24.5008,39.4899,32.4,-2.28,4,7
431,workload_burst,rule_based,24.9114,38.0045,32.4,-0.2803,3,7
432,workload_burst,rule_based,25.2807,36.5626,32.4,-0.2928,3,7
433,workload_burst,rule_based,25.6539,37.6725,32.4,-1.9082,5,7
434,workload_burst,rule_based,25.9827,37.8895,32.4,-1.1055,3,7
435,workload_burst,rule_based,25.492,36.5336,32.4,-0.2735,3,7
436,workload_burst,rule_based,25.0669,35.2851,32.4,0.0034,1,7
437,workload_burst,rule_based,24.6428,34.2839,32.4,1.0583,0,7
438,workload_burst,rule_based,24.2412,32.979,32.4,1.2439,0,7
439,workload_burst,rule_based,23.8686,31.825,32.4,1.1948,0,7
440,workload_burst,rule_based,23.5382,30.916,32.4,1.0932,0,7
441,workload_burst,rule_based,23.2021,30.0724,32.4,1.077,0,7
442,workload_burst,rule_based,22.8817,29.3028,32.4,1.0541,0,7
443,workload_burst,rule_based,22.5355,28.4599,32.4,1.105,0,7
444,workload_burst,rule_based,22.2626,28.0588,32.4,0.8952,0,7
445,workload_burst,rule_based,22.0299,27.2571,32.4,1.106,0,7
446,workload_burst,rule_based,21.7756,26.6011,32.4,1.0427,0,7
447,workload_burst,rule_based,21.4954,25.9896,32.4,1.0272,0,7
448,workload_burst,rule_based,21.2882,25.6257,32.4,0.9099,0,7
449,workload_burst,rule_based,21.0812,25.1125,32.4,0.9907,0,7
450,workload_burst,rule_based,20.8882,24.8548,32.4,0.8677,0,7
451,workload_burst,rule_based,20.6495,24.0902,32.4,1.1271,0,7
452,workload_burst,rule_based,20.42,23.586,32.4,0.9994,0,7
453,workload_burst,rule_based,20.2279,23.2619,32.4,0.9115,0,7
454,workload_burst,rule_based,20.0514,22.69,32.4,1.0389,0,7
455,workload_burst,rule_based,19.9112,22.3806,32.4,0.911,0,7
456,workload_burst,rule_based,19.7584,22.1256,32.4,0.886,0,7
457,workload_burst,rule_based,19.6098,21.8651,32.4,0.8903,0,7
458,workload_burst,rule_based,19.4988,21.8746,32.4,0.7564,0,7
459,workload_burst,rule_based,19.3972,21.6437,32.4,0.8778,0,7
460,workload_burst,rule_based,19.2961,21.5977,32.4,0.7864,0,7
461,workload_burst,rule_based,19.1803,20.9226,32.4,1.1027,0,7
462,workload_burst,rule_based,19.0989,20.8817,32.4,0.787,0,7
463,workload_burst,rule_based,19.0157,20.7361,32.4,0.8408,0,7
464,workload_burst,rule_based,18.9104,20.6167,32.4,0.8284,0,7
465,workload_burst,rule_based,18.7836,20.2902,32.4,0.9322,0,7
466,workload_burst,rule_based,18.6966,20.2375,32.4,0.796,0,7
467,workload_burst,rule_based,18.6719,19.7697,32.4,1.0045,0,7
468,workload_burst,rule_based,18.6602,19.8638,32.4,0.7241,0,7
469,workload_burst,rule_based,18.6206,19.6273,32.4,0.8899,0,7
470,workload_burst,rule_based,19.3121,22.3871,32.4,-0.2483,0,7
471,workload_burst,rule_based,20.0191,25.2094,32.4,-0.2744,0,7
472,workload_burst,rule_based,20.6435,28.6997,32.4,-0.3172,0,7
473,workload_burst,rule_based,21.132,28.8707,32.4,0.5777,0,7
474,workload_burst,rule_based,21.7174,32.2571,32.4,-0.3938,0,7
475,workload_burst,rule_based,22.254,31.1799,32.4,1.1479,0,7
476,workload_burst,rule_based,22.7714,32.1302,32.4,0.1438,0,7
477,workload_burst,rule_based,23.2389,33.2942,32.4,0.0212,0,7
478,workload_burst,rule_based,23.6601,33.224,32.4,0.643,0,7
479,workload_burst,rule_based,24.0864,36.0215,32.4,-1.5947,1,7
480,workload_burst,rule_based,24.6177,35.6357,32.4,-0.7119,3,7
481,workload_burst,rule_based,24.9554,37.507,32.4,-1.7254,2,7
482,workload_burst,rule_based,25.3346,38.9587,32.4,-1.5104,2,7
483,workload_burst,rule_based,25.718,37.5855,32.4,0.088,1,7
484,workload_burst,rule_based,26.0833,36.4494,32.4,-0.0062,1,7
485,workload_burst,rule_based,25.6116,35.3272,32.4,0.0116,1,7
486,workload_burst,rule_based,25.2038,34.1782,32.4,1.1967,0,7
487,workload_burst,rule_based,24.7681,32.7105,32.4,1.3803,0,7
488,workload_burst,rule_based,24.3863,31.7431,32.4,1.1464,0,7
489,workload_burst,rule_based,24.0354,30.8723,32.4,1.1127,0,7
490,workload_burst,rule_based,23.7237,30.3714,32.4,0.9394,0,7
491,workload_burst,rule_based,23.3806,29.3921,32.4,1.1882,0,7
492,workload_burst,rule_based,23.0751,28.5502,32.4,1.1298,0,7
493,workload_burst,rule_based,22.8065,27.5692,32.4,1.2084,0,7
494,workload_burst,rule_based,22.5071,27.2288,32.4,0.8955,0,7
495,workload_burst,rule_based,22.2298,26.8063,32.4,0.9424,0,7
496,workload_burst,rule_based,22.004,26.1236,32.4,1.0779,0,7
497,workload_burst,rule_based,21.763,25.1383,32.4,1.2361,0,7
498,workload_burst,rule_based,21.506,24.8647,32.4,0.8838,0,7
499,workload_burst,rule_based,21.2725,24.4418,32.4,0.9627,0,7
500,workload_burst,rule_based,21.0702,23.9763,32.4,0.9866,0,7
1,moving_hotspot,rule_based,22.1008,25.7333,32.4,-0.2373,0,7
2,moving_hotspot,rule_based,22.2223,27.7156,32.4,-0.2482,0,7
3,moving_hotspot,rule_based,22.3767,29.2875,32.4,-0.0611,0,7
4,moving_hotspot,rule_based,22.5204,29.1805,32.4,0.7643,0,7
5,moving_hotspot,rule_based,22.5293,28.9814,32.4,0.7977,0,7
6,moving_hotspot,rule_based,22.6705,28.1561,32.4,1.1074,0,7
7,moving_hotspot,rule_based,22.9507,29.4834,32.4,0.0043,0,7
8,moving_hotspot,rule_based,23.2443,31.1247,32.4,-0.1881,0,7
9,moving_hotspot,rule_based,23.4999,32.067,32.4,0.1346,0,7
10,moving_hotspot,rule_based,23.7328,33.8196,32.4,-0.3153,0,7
11,moving_hotspot,rule_based,23.9683,36.1081,32.4,-1.646,1,7
12,moving_hotspot,rule_based,24.1378,37.5898,32.4,-1.5763,2,7
13,moving_hotspot,rule_based,21.4772,33.7015,129.6,0.782,0,0
14,moving_hotspot,rule_based,21.5697,32.8056,32.4,0.9286,0,7
15,moving_hotspot,rule_based,21.7469,31.6496,32.4,1.0486,0,7
16,moving_hotspot,rule_based,21.9228,32.8383,32.4,-0.1552,0,7
17,moving_hotspot,rule_based,22.0935,34.5059,32.4,-0.4386,0,7
18,moving_hotspot,rule_based,22.2445,36.0509,32.4,-1.5531,1,7
19,moving_hotspot,rule_based,22.2428,35.4546,32.4,-0.6303,2,7
20,moving_hotspot,rule_based,22.3121,37.068,32.4,-1.5947,1,7
21,moving_hotspot,rule_based,19.74,36.5859,129.6,-1.273,1,0
22,moving_hotspot,rule_based,20.0315,37.9665,32.4,-1.7153,2,7
23,moving_hotspot,rule_based,20.3146,37.0491,32.4,-0.5663,2,7
24,moving_hotspot,rule_based,20.5258,36.0451,32.4,-0.523,2,7
25,moving_hotspot,rule_based,20.583,35.1191,32.4,-0.3952,1,7
26,moving_hotspot,rule_based,20.8005,35.3416,32.4,-0.9654,1,7
27,moving_hotspot,rule_based,21.1745,36.7951,32.4,-1.6018,1,7
28,moving_hotspot,rule_based,21.5178,37.4151,32.4,-1.485,3,7
29,moving_hotspot,rule_based,19.1686,34.7161,129.6,0.6,0,0
30,moving_hotspot,rule_based,19.6003,35.3288,32.4,-1.1813,1,7
31,moving_hotspot,rule_based,20.043,36.919,32.4,-1.8201,2,7
32,moving_hotspot,rule_based,20.4658,37.9903,32.4,-1.8607,4,7
33,moving_hotspot,rule_based,17.9722,34.0065,129.6,0.6,0,0
34,moving_hotspot,rule_based,18.2192,33.121,32.4,0.7178,0,7
35,moving_hotspot,rule_based,18.5515,32.2004,32.4,0.7353,0,7
36,moving_hotspot,rule_based,18.8386,33.6025,32.4,-0.4261,0,7
37,moving_hotspot,rule_based,19.1455,36.0341,32.4,-1.875,1,7
38,moving_hotspot,rule_based,19.4582,37.2775,32.4,-1.6467,2,7
39,moving_hotspot,rule_based,19.6027,36.4857,32.4,-0.6291,2,7
40,moving_hotspot,rule_based,19.7332,37.9624,32.4,-1.6133,1,7
41,moving_hotspot,rule_based,20.0118,40.0668,32.4,-2.175,3,7
42,moving_hotspot,rule_based,17.5287,38.5164,129.6,-0.9248,2,0
43,moving_hotspot,rule_based,17.9338,37.5071,32.4,-0.5204,2,7
44,moving_hotspot,rule_based,18.2612,36.4483,32.4,-0.6456,3,7
45,moving_hotspot,rule_based,18.4788,35.1081,32.4,-0.2049,1,7
46,moving_hotspot,rule_based,18.7826,35.4839,32.4,-1.0629,1,7
47,moving_hotspot,rule_based,19.2235,36.733,32.4,-1.6495,2,7
48,moving_hotspot,rule_based,19.6785,37.5857,32.4,-1.6014,3,7
49,moving_hotspot,rule_based,17.4059,34.3765,129.6,0.6,0,0
50,moving_hotspot,rule_based,17.9597,35.0822,32.4,-1.2278,1,7
51,moving_hotspot,rule_based,18.4504,36.4537,32.4,-1.7108,2,7
52,moving_hotspot,rule_based,18.9318,37.4651,32.4,-1.6807,3,7
53,moving_hotspot,rule_based,16.5251,33.4734,129.6,0.6,0,0
54,moving_hotspot,rule_based,16.8227,32.7321,32.4,0.6457,0,7
55,moving_hotspot,rule_based,17.2624,31.8717,32.4,0.7052,0,7
56,moving_hotspot,rule_based,17.6451,33.7514,32.4,-0.6649,0,7
57,moving_hotspot,rule_based,18.042,36.1221,32.4,-1.875,1,7
58,moving_hotspot,rule_based,18.3585,37.5662,32.4,-1.8971,3,7
59,moving_hotspot,rule_based,18.5438,36.7448,32.4,-0.6143,2,7
60,moving_hotspot,rule_based,18.6861,37.8855,32.4,-1.5953,2,7
61,moving_hotspot,rule_based,18.9804,39.9689,32.4,-2.325,4,7
62,moving_hotspot,rule_based,16.6141,38.3817,129.6,-0.9064,2,0
63,moving_hotspot,rule_based,16.9945,38.167,32.4,-0.9176,2,7
64,moving_hotspot,rule_based,17.4043,36.9265,32.4,-0.4048,2,7
65,moving_hotspot,rule_based,17.6712,35.7802,32.4,-0.4518,2,7
66,moving_hotspot,rule_based,18.0686,36.1549,32.4,-1.0623,1,7
67,moving_hotspot,rule_based,18.5607,37.4915,32.4,-1.6933,2,7
68,moving_hotspot,rule_based,19.036,37.9375,32.4,-1.398,3,7
69,moving_hotspot,rule_based,16.8217,35.1818,129.6,-0.55,1,0
70,moving_hotspot,rule_based,17.3862,35.904,32.4,-1.2361,1,7
71,moving_hotspot,rule_based,17.9056,37.6084,32.4,-1.8772,2,7
72,moving_hotspot,rule_based,18.4347,38.0099,32.4,-1.5257,4,7
73,moving_hotspot,rule_based,16.0427,34.0463,129.6,0.6,0,0
74,moving_hotspot,rule_based,16.3577,33.1089,32.4,0.7437,0,7
75,moving_hotspot,rule_based,16.7544,32.2061,32.4,0.7264,0,7
76,moving_hotspot,rule_based,17.1411,34.0247,32.4,-0.6343,0,7
77,moving_hotspot,rule_based,17.5054,36.1124,32.4,-1.875,1,7
78,moving_hotspot,rule_based,17.8784,37.6382,32.4,-1.6379,1,7
79,moving_hotspot,rule_based,18.0687,36.4594,32.4,-0.4356,2,7
80,moving_hotspot,rule_based,18.2695,37.8453,32.4,-1.7179,2,7
81,moving_hotspot,rule_based,18.591,39.9948,32.4,-2.325,4,7
82,moving_hotspot,rule_based,16.2086,38.3201,129.6,-0.8626,2,0
83,moving_hotspot,rule_based,16.602,37.6685,32.4,-0.6992,2,7
84,moving_hotspot,rule_based,17.0077,36.5719,32.4,-0.4767,2,7
85,moving_hotspot,rule_based,17.3041,35.5007,32.4,-0.4894,2,7
86,moving_hotspot,rule_based,17.7089,35.5885,32.4,-0.9189,1,7
87,moving_hotspot,rule_based,18.2663,37.1867,32.4,-1.8241,2,7
88,moving_hotspot,rule_based,18.7506,38.0118,32.4,-1.5875,3,7
89,moving_hotspot,rule_based,16.5364,34.305,129.6,0.6,0,0
90,moving_hotspot,rule_based,17.1409,35.3669,32.4,-1.4059,1,7
91,moving_hotspot,rule_based,17.662,37.0853,32.4,-1.8842,2,7
92,moving_hotspot,rule_based,18.1332,37.6885,32.4,-1.4766,3,7
93,moving_hotspot,rule_based,15.8045,34.2196,129.6,0.6,0,0
94,moving_hotspot,rule_based,16.1415,33.2522,32.4,0.7587,0,7
95,moving_hotspot,rule_based,16.5839,32.3266,32.4,0.7378,0,7
96,moving_hotspot,rule_based,17.0375,34.0715,32.4,-0.5975,0,7
97,moving_hotspot,rule_based,17.4019,36.336,32.4,-1.875,1,7
98,moving_hotspot,rule_based,17.8124,38.1754,32.4,-1.9447,2,7
99,moving_hotspot,rule_based,18.0432,37.0061,32.4,-0.4404,2,7
100,moving_hotspot,rule_based,18.284,38.108,32.4,-1.576,2,7
101,moving_hotspot,rule_based,18.5844,40.2146,32.4,-2.325,4,7
102,moving_hotspot,rule_based,16.2239,38.8032,129.6,-0.9943,2,0
103,moving_hotspot,rule_based,16.6591,37.8976,32.4,-0.5722,2,7
104,moving_hotspot,rule_based,17.0967,36.7055,32.4,-0.4289,2,7
105,moving_hotspot,rule_based,17.3694,35.7657,32.4,-0.5551,2,7
106,moving_hotspot,rule_based,17.7248,36.0916,32.4,-1.0379,1,7
107,moving_hotspot,rule_based,18.2596,37.4552,32.4,-1.7068,2,7
108,moving_hotspot,rule_based,18.7444,38.3448,32.4,-1.6198,3,7
109,moving_hotspot,rule_based,16.5,34.6519,129.6,0.6,0,0
110,moving_hotspot,rule_based,17.1207,35.4247,32.4,-1.2614,1,7
111,moving_hotspot,rule_based,17.6223,36.8421,32.4,-1.7337,2,7
112,moving_hotspot,rule_based,18.1187,37.4676,32.4,-1.4878,3,7
113,moving_hotspot,rule_based,15.7531,33.893,129.6,0.6,0,0
114,moving_hotspot,rule_based,16.1327,33.0025,32.4,0.7203,0,7
115,moving_hotspot,rule_based,16.6177,32.0511,32.4,0.7507,0,7
116,moving_hotspot,rule_based,17.0336,33.7298,32.4,-0.5643,0,7
117,moving_hotspot,rule_based,17.4648,36.1713,32.4,-1.875,1,7
118,moving_hotspot,rule_based,17.822,37.5871,32.4,-1.5829,1,7
119,moving_hotspot,rule_based,18.0753,36.5793,32.4,-0.5211,2,7
120,moving_hotspot,rule_based,18.2791,37.7579,32.4,-1.6143,2,7
121,moving_hotspot,rule_based,18.6067,39.8276,32.4,-2.325,4,7
122,moving_hotspot,rule_based,16.188,38.2857,129.6,-0.9291,2,0
123,moving_hotspot,rule_based,16.599,37.878,32.4,-0.8211,2,7
124,moving_hotspot,rule_based,17.0272,36.5425,32.4,-0.3573,2,7
125,moving_hotspot,rule_based,17.2846,35.4117,32.4,-0.3096,1,7
126,moving_hotspot,rule_based,17.674,35.6485,32.4,-0.9934,1,7
127,moving_hotspot,rule_based,18.2043,36.9865,32.4,-1.694,2,7
128,moving_hotspot,rule_based,18.7072,37.7338,32.4,-1.5486,3,7
129,moving_hotspot,rule_based,16.4664,34.6309,129.6,0.6,0,0
130,moving_hotspot,rule_based,17.043,35.3201,32.4,-1.2196,1,7
131,moving_hotspot,rule_based,17.6006,37.0141,32.4,-1.872,2,7
132,moving_hotspot,rule_based,18.1462,37.7355,32.4,-1.5357,3,7
133,moving_hotspot,rule_based,15.8018,33.9633,129.6,0.6,0,0
134,moving_hotspot,rule_based,16.1691,33.2781,32.4,0.6176,0,7
135,moving_hotspot,rule_based,16.5929,32.3086,32.4,0.7598,0,7
136,moving_hotspot,rule_based,17.0273,33.9681,32.4,-0.5548,0,7
137,moving_hotspot,rule_based,17.399,36.1974,32.4,-1.875,1,7
138,moving_hotspot,rule_based,17.8439,37.67,32.4,-1.7613,2,7
139,moving_hotspot,rule_based,18.1125,37.0006,32.4,-0.6903,2,7
140,moving_hotspot,rule_based,18.3295,38.3724,32.4,-1.7109,2,7
141,moving_hotspot,rule_based,18.6784,40.3858,32.4,-2.325,4,7
142,moving_hotspot,rule_based,16.2435,38.6163,129.6,-0.8153,2,0
143,moving_hotspot,rule_based,16.6863,37.3993,32.4,-0.4165,2,7
144,moving_hotspot,rule_based,17.0762,36.27,32.4,-0.4604,2,7
145,moving_hotspot,rule_based,17.3834,34.9916,32.4,0.9142,0,7
146,moving_hotspot,rule_based,17.747,35.5862,32.4,-1.1723,1,7
147,moving_hotspot,rule_based,18.3081,37.2746,32.4,-1.7192,1,7
148,moving_hotspot,rule_based,18.8057,37.7274,32.4,-1.4014,3,7
149,moving_hotspot,rule_based,16.5841,34.4081,129.6,0.6,0,0
150,moving_hotspot,rule_based,17.1377,35.1642,32.4,-1.253,1,7
151,moving_hotspot,rule_based,17.727,36.5856,32.4,-1.7357,2,7
152,moving_hotspot,rule_based,18.2509,37.5906,32.4,-1.6775,3,7
153,moving_hotspot,rule_based,15.9087,33.8297,129.6,0.6,0,0
154,moving_hotspot,rule_based,16.2347,32.7042,32.4,0.8377,0,7
155,moving_hotspot,rule_based,16.6309,31.8613,32.4,0.6964,0,7
156,moving_hotspot,rule_based,17.084,33.1266,32.4,-0.3577,0,7
157,moving_hotspot,rule_based,17.46,35.3363,32.4,-1.875,1,7
158,moving_hotspot,rule_based,17.8492,36.7544,32.4,-1.7341,2,7
159,moving_hotspot,rule_based,18.0818,36.8216,32.4,-1.0586,2,7
160,moving_hotspot,rule_based,18.2977,38.3038,32.4,-1.6161,1,7
161,moving_hotspot,rule_based,18.6195,40.3242,32.4,-2.325,4,7
162,moving_hotspot,rule_based,16.2255,38.6648,129.6,-0.8703,2,0
163,moving_hotspot,rule_based,16.6827,37.3662,32.4,-0.3757,2,7
164,moving_hotspot,rule_based,17.0876,36.3704,32.4,-0.5271,2,7
165,moving_hotspot,rule_based,17.355,35.1135,32.4,-0.2465,1,7
166,moving_hotspot,rule_based,17.7489,35.694,32.4,-1.1653,1,7
167,moving_hotspot,rule_based,18.2733,37.2133,32.4,-1.7847,2,7
168,moving_hotspot,rule_based,18.7594,38.0172,32.4,-1.5769,3,7
169,moving_hotspot,rule_based,16.5983,34.4667,129.6,0.6,0,0
170,moving_hotspot,rule_based,17.176,35.3409,32.4,-1.3121,1,7
171,moving_hotspot,rule_based,17.6852,36.622,32.4,-1.6655,2,7
172,moving_hotspot,rule_based,18.2521,37.7017,32.4,-1.8649,4,7
173,moving_hotspot,rule_based,15.874,33.8097,129.6,0.6,0,0
174,moving_hotspot,rule_based,16.2347,32.7957,32.4,0.782,0,7
175,moving_hotspot,rule_based,16.6969,31.9741,32.4,0.6858,0,7
176,moving_hotspot,rule_based,17.1345,33.4688,32.4,-0.4724,0,7
177,moving_hotspot,rule_based,17.499,35.9713,32.4,-1.875,1,7
178,moving_hotspot,rule_based,17.8722,37.3066,32.4,-1.6926,2,7
179,moving_hotspot,rule_based,18.0627,36.3751,32.4,-0.5593,2,7
180,moving_hotspot,rule_based,18.282,37.616,32.4,-1.4954,1,7
181,moving_hotspot,rule_based,18.5787,39.672,32.4,-2.325,4,7
182,moving_hotspot,rule_based,16.1721,38.2187,129.6,-0.9733,2,0
183,moving_hotspot,rule_based,16.5971,37.2727,32.4,-0.552,2,7
184,moving_hotspot,rule_based,16.9797,36.0727,32.4,-0.425,2,7
185,moving_hotspot,rule_based,17.2715,35.0104,32.4,-0.3438,1,7
186,moving_hotspot,rule_based,17.6572,34.9384,32.4,0.311,0,7
187,moving_hotspot,rule_based,18.1973,36.3568,32.4,-1.7342,2,7
188,moving_hotspot,rule_based,18.6718,37.1558,32.4,-1.5745,3,7
189,moving_hotspot,rule_based,16.4307,34.5078,129.6,0.6,0,0
190,moving_hotspot,rule_based,17.0289,35.2283,32.4,-1.2353,1,7
191,moving_hotspot,rule_based,17.59,37.0571,32.4,-1.9394,2,7
192,moving_hotspot,rule_based,18.1334,38.1605,32.4,-1.8767,4,7
193,moving_hotspot,rule_based,15.7843,34.2356,129.6,0.6,0,0
194,moving_hotspot,rule_based,16.1009,33.0618,32.4,0.8619,0,7
195,moving_hotspot,rule_based,16.5247,31.9855,32.4,0.8131,0,7
196,moving_hotspot,rule_based,16.9457,33.6517,32.4,-0.5581,0,7
197,moving_hotspot,rule_based,17.3767,36.0525,32.4,-2.025,2,7
198,moving_hotspot,rule_based,17.7664,37.6323,32.4,-1.6649,1,7
199,moving_hotspot,rule_based,17.9605,36.4873,32.4,-0.4525,2,7
200,moving_hotspot,rule_based,18.172,37.6049,32.4,-1.5838,2,7
201,moving_hotspot,rule_based,18.536,39.6574,32.4,-2.175,3,7
202,moving_hotspot,rule_based,16.1274,38.557,129.6,-1.1498,2,0
203,moving_hotspot,rule_based,16.5719,37.3839,32.4,-0.4385,2,7
204,moving_hotspot,rule_based,16.9792,36.3989,32.4,-0.5325,2,7
205,moving_hotspot,rule_based,17.233,35.312,32.4,-0.4815,2,7
206,moving_hotspot,rule_based,17.6325,36.0899,32.4,-1.264,1,7
207,moving_hotspot,rule_based,18.1794,37.9112,32.4,-1.7856,1,7
208,moving_hotspot,rule_based,18.675,38.6466,32.4,-1.5427,3,7
209,moving_hotspot,rule_based,16.4841,34.5247,129.6,0.6,0,0
210,moving_hotspot,rule_based,17.0667,35.4439,32.4,-1.3346,1,7
211,moving_hotspot,rule_based,17.6689,37.0567,32.4,-1.8314,2,7
212,moving_hotspot,rule_based,18.1629,37.832,32.4,-1.5627,3,7
213,moving_hotspot,rule_based,15.7659,34.0538,129.6,0.6,0,0
214,moving_hotspot,rule_based,16.1178,33.2451,32.4,0.6794,0,7
215,moving_hotspot,rule_based,16.5368,32.2978,32.4,0.7486,0,7
216,moving_hotspot,rule_based,16.9485,33.6027,32.4,-0.3774,0,7
217,moving_hotspot,rule_based,17.3369,36.1025,32.4,-2.025,2,7
218,moving_hotspot,rule_based,17.7436,37.626,32.4,-1.7868,2,7
219,moving_hotspot,rule_based,17.9614,36.6998,32.4,-0.5619,2,7
220,moving_hotspot,rule_based,18.2041,38.0327,32.4,-1.6914,2,7
221,moving_hotspot,rule_based,18.512,40.166,32.4,-2.325,4,7
222,moving_hotspot,rule_based,16.1423,38.6835,129.6,-0.9587,2,0
223,moving_hotspot,rule_based,16.5926,38.3013,32.4,-0.8339,2,7
224,moving_hotspot,rule_based,17.0023,36.9632,32.4,-0.3559,2,7
225,moving_hotspot,rule_based,17.2867,35.9242,32.4,-0.3555,1,7
226,moving_hotspot,rule_based,17.6918,35.3489,32.4,-0.5874,1,7
227,moving_hotspot,rule_based,18.2476,37.099,32.4,-1.9,2,7
228,moving_hotspot,rule_based,18.7654,37.8587,32.4,-1.5549,3,7
229,moving_hotspot,rule_based,16.5506,34.9152,129.6,0.6,0,0
230,moving_hotspot,rule_based,17.1022,35.7766,32.4,-1.3057,1,7
231,moving_hotspot,rule_based,17.6448,37.2686,32.4,-1.771,2,7
232,moving_hotspot,rule_based,18.1722,38.0912,32.4,-1.7363,4,7
233,moving_hotspot,rule_based,15.7996,34.225,129.6,0.6,0,0
234,moving_hotspot,rule_based,16.1712,33.1547,32.4,0.8101,0,7
235,moving_hotspot,rule_based,16.6368,32.2786,32.4,0.713,0,7
236,moving_hotspot,rule_based,17.0799,34.0877,32.4,-0.6296,0,7
237,moving_hotspot,rule_based,17.4658,36.5957,32.4,-2.025,2,7
238,moving_hotspot,rule_based,17.8501,38.0483,32.4,-1.7513,2,7
239,moving_hotspot,rule_based,18.0821,36.9058,32.4,-0.4537,2,7
240,moving_hotspot,rule_based,18.3157,37.9355,32.4,-1.5398,2,7
241,moving_hotspot,rule_based,18.6783,40.1161,32.4,-2.325,4,7
242,moving_hotspot,rule_based,16.2505,38.6893,129.6,-0.9866,2,0
243,moving_hotspot,rule_based,16.6496,37.8894,32.4,-0.6251,2,7
244,moving_hotspot,rule_based,17.0515,36.6451,32.4,-0.4029,2,7
245,moving_hotspot,rule_based,17.3147,35.5824,32.4,-0.3436,1,7
246,moving_hotspot,rule_based,17.6612,35.5034,32.4,-0.8355,1,7
247,moving_hotspot,rule_based,18.1647,36.9116,32.4,-1.7291,2,7
248,moving_hotspot,rule_based,18.6711,37.7286,32.4,-1.5835,3,7
249,moving_hotspot,rule_based,16.4673,34.6239,129.6,0.6,0,0
250,moving_hotspot,rule_based,17.1065,35.3346,32.4,-1.2303,1,7
251,moving_hotspot,rule_based,17.6653,37.1372,32.4,-1.9263,2,7
252,moving_hotspot,rule_based,18.2065,38.2406,32.4,-1.8767,4,7
253,moving_hotspot,rule_based,15.8342,34.2183,129.6,0.6,0,0
254,moving_hotspot,rule_based,16.1426,33.1692,32.4,0.7995,0,7
255,moving_hotspot,rule_based,16.6108,32.1753,32.4,0.772,0,7
256,moving_hotspot,rule_based,16.9843,33.7329,32.4,-0.5038,0,7
257,moving_hotspot,rule_based,17.3641,36.11,32.4,-2.025,2,7
258,moving_hotspot,rule_based,17.7205,37.4783,32.4,-1.7091,2,7
259,moving_hotspot,rule_based,17.9176,37.086,32.4,-0.8288,2,7
260,moving_hotspot,rule_based,18.1522,38.471,32.4,-1.7175,2,7
261,moving_hotspot,rule_based,18.4983,40.436,32.4,-2.3075,4,7
262,moving_hotspot,rule_based,16.1625,38.6729,129.6,-0.8185,2,0
263,moving_hotspot,rule_based,16.6131,38.5686,32.4,-0.9728,2,7
264,moving_hotspot,rule_based,17.0009,36.8043,32.4,-0.1429,2,7
265,moving_hotspot,rule_based,17.3131,35.9362,32.4,-0.4409,1,7
266,moving_hotspot,rule_based,17.7023,35.6147,32.4,-0.7143,1,7
267,moving_hotspot,rule_based,18.2453,37.0001,32.4,-1.7177,2,7
268,moving_hotspot,rule_based,18.7731,37.6378,32.4,-1.4939,3,7
269,moving_hotspot,rule_based,16.5693,35.3129,129.6,-0.55,1,0
270,moving_hotspot,rule_based,17.1498,35.9141,32.4,-1.1756,1,7
271,moving_hotspot,rule_based,17.7596,37.5527,32.4,-1.8443,2,7
272,moving_hotspot,rule_based,18.2569,38.1251,32.4,-1.6112,4,7
273,moving_hotspot,rule_based,15.8779,34.52,129.6,0.6,0,0
274,moving_hotspot,rule_based,16.2507,33.7416,32.4,0.6642,0,7
275,moving_hotspot,rule_based,16.6905,32.8912,32.4,0.7002,0,7
276,moving_hotspot,rule_based,17.0926,34.3876,32.4,-0.4732,0,7
277,moving_hotspot,rule_based,17.4872,36.6408,32.4,-2.025,2,7
278,moving_hotspot,rule_based,17.8683,38.0079,32.4,-1.8585,3,7
279,moving_hotspot,rule_based,18.036,37.1482,32.4,-0.5951,2,7
280,moving_hotspot,rule_based,18.2825,38.383,32.4,-1.6424,2,7
281,moving_hotspot,rule_based,18.601,40.2771,32.4,-2.272,4,7
282,moving_hotspot,rule_based,16.2251,38.7603,129.6,-0.9416,2,0
283,moving_hotspot,rule_based,16.6698,37.9768,32.4,-0.6333,2,7
284,moving_hotspot,rule_based,17.0747,36.6693,32.4,-0.3712,2,7
285,moving_hotspot,rule_based,17.3508,35.6785,32.4,-0.5296,2,7
286,moving_hotspot,rule_based,17.7489,35.9226,32.4,-0.9971,1,7
287,moving_hotspot,rule_based,18.2688,37.4739,32.4,-1.8007,2,7
288,moving_hotspot,rule_based,18.8048,37.7645,32.4,-1.3203,3,7
289,moving_hotspot,rule_based,16.6677,35.3226,129.6,-0.55,1,0
290,moving_hotspot,rule_based,17.2706,36.1173,32.4,-1.2724,1,7
291,moving_hotspot,rule_based,17.7866,37.3427,32.4,-1.6377,2,7
292,moving_hotspot,rule_based,18.3289,38.1416,32.4,-1.7244,4,7
293,moving_hotspot,rule_based,15.9477,34.3731,129.6,0.6,0,0
294,moving_hotspot,rule_based,16.2966,33.4665,32.4,0.7283,0,7
295,moving_hotspot,rule_based,16.726,32.6054,32.4,0.7055,0,7
296,moving_hotspot,rule_based,17.122,34.4646,32.4,-0.6546,0,7
297,moving_hotspot,rule_based,17.4982,36.9764,32.4,-2.025,2,7
298,moving_hotspot,rule_based,17.838,38.6108,32.4,-1.9922,3,7
299,moving_hotspot,rule_based,18.0856,37.4588,32.4,-0.449,2,7
300,moving_hotspot,rule_based,18.337,37.9536,32.4,-1.2724,2,7
301,moving_hotspot,rule_based,18.6621,40.2377,32.4,-2.325,4,7
302,moving_hotspot,rule_based,16.2724,38.6058,129.6,-0.884,2,0
303,moving_hotspot,rule_based,16.6927,38.3749,32.4,-0.9096,2,7
304,moving_hotspot,rule_based,17.1205,37.0595,32.4,-0.3673,2,7
305,moving_hotspot,rule_based,17.3994,36.0354,32.4,-0.5129,2,7
306,moving_hotspot,rule_based,17.8178,36.3553,32.4,-1.035,1,7
307,moving_hotspot,rule_based,18.3387,37.6291,32.4,-1.6619,2,7
308,moving_hotspot,rule_based,18.8412,37.9355,32.4,-1.3282,3,7
309,moving_hotspot,rule_based,16.5958,34.7591,129.6,0.6,0,0
310,moving_hotspot,rule_based,17.1985,35.313,32.4,-1.1519,1,7
311,moving_hotspot,rule_based,17.8337,36.8449,32.4,-1.791,2,7
312,moving_hotspot,rule_based,18.3423,37.8801,32.4,-1.8426,4,7
313,moving_hotspot,rule_based,15.9679,33.8873,129.6,0.6,0,0
314,moving_hotspot,rule_based,16.293,33.0247,32.4,0.7063,0,7
315,moving_hotspot,rule_based,16.7332,32.2291,32.4,0.6728,0,7
316,moving_hotspot,rule_based,17.1694,33.8449,32.4,-0.5329,0,7
317,moving_hotspot,rule_based,17.5765,35.9368,32.4,-2.025,2,7
318,moving_hotspot,rule_based,17.9645,37.4363,32.4,-1.7747,2,7
319,moving_hotspot,rule_based,18.1661,36.5678,32.4,-0.5907,2,7
320,moving_hotspot,rule_based,18.3932,37.8642,32.4,-1.6732,2,7
321,moving_hotspot,rule_based,18.7311,39.6492,32.4,-2.2175,4,7
322,moving_hotspot,rule_based,16.3158,38.0137,129.6,-0.8822,2,0
323,moving_hotspot,rule_based,16.7632,37.5925,32.4,-0.8144,2,7
324,moving_hotspot,rule_based,17.1489,36.3553,32.4,-0.4064,2,7
325,moving_hotspot,rule_based,17.4228,35.2903,32.4,-0.3425,1,7
326,moving_hotspot,rule_based,17.8135,35.1084,32.4,-0.7841,1,7
327,moving_hotspot,rule_based,18.3384,36.7175,32.4,-1.8295,2,7
328,moving_hotspot,rule_based,18.8239,37.241,32.4,-1.4368,3,7
329,moving_hotspot,rule_based,16.5937,34.5545,129.6,0.6,0,0
330,moving_hotspot,rule_based,17.1726,35.4195,32.4,-1.3075,1,7
331,moving_hotspot,rule_based,17.7052,36.9428,32.4,-1.7866,2,7
332,moving_hotspot,rule_based,18.2419,38.0781,32.4,-1.8927,4,7
333,moving_hotspot,rule_based,15.9126,33.9994,129.6,0.6,0,0
334,moving_hotspot,rule_based,16.2463,32.9917,32.4,0.7788,0,7
335,moving_hotspot,rule_based,16.6648,32.0324,32.4,0.7546,0,7
336,moving_hotspot,rule_based,17.085,33.8035,32.4,-0.6105,0,7
337,moving_hotspot,rule_based,17.4649,36.0339,32.4,-2.025,2,7
338,moving_hotspot,rule_based,17.8468,37.5041,32.4,-1.9101,3,7
339,moving_hotspot,rule_based,18.0395,36.6129,32.4,-0.5794,2,7
340,moving_hotspot,rule_based,18.2481,37.971,32.4,-1.554,1,7
341,moving_hotspot,rule_based,18.5564,40.1917,32.4,-2.325,4,7
342,moving_hotspot,rule_based,16.1682,38.5009,129.6,-0.8546,2,0
343,moving_hotspot,rule_based,16.5725,37.2094,32.4,-0.3793,2,7
344,moving_hotspot,rule_based,16.9693,36.2017,32.4,-0.5211,2,7
345,moving_hotspot,rule_based,17.2652,35.3479,32.4,-0.5981,2,7
346,moving_hotspot,rule_based,17.6421,36.012,32.4,-1.207,1,7
347,moving_hotspot,rule_based,18.1752,37.4095,32.4,-1.7238,2,7
348,moving_hotspot,rule_based,18.688,38.0277,32.4,-1.4841,3,7
349,moving_hotspot,rule_based,16.5078,34.7552,129.6,0.6,0,0
350,moving_hotspot,rule_based,17.0962,35.4012,32.4,-1.198,1,7
351,moving_hotspot,rule_based,17.6833,36.9821,32.4,-1.8154,2,7
352,moving_hotspot,rule_based,18.2102,37.6464,32.4,-1.5072,3,7
353,moving_hotspot,rule_based,15.8144,34.0184,129.6,0.6,0,0
354,moving_hotspot,rule_based,16.1264,33.3101,32.4,0.6291,0,7
355,moving_hotspot,rule_based,16.5711,32.4678,32.4,0.6962,0,7
356,moving_hotspot,rule_based,16.9693,33.9768,32.4,-0.4795,0,7
357,moving_hotspot,rule_based,17.364,36.1052,32.4,-1.875,1,7
358,moving_hotspot,rule_based,17.733,37.6362,32.4,-1.7905,2,7
359,moving_hotspot,rule_based,17.9814,36.5657,32.4,-0.4898,2,7
360,moving_hotspot,rule_based,18.189,37.8377,32.4,-1.661,2,7
361,moving_hotspot,rule_based,18.61,39.8595,32.4,-2.325,4,7
362,moving_hotspot,rule_based,16.2525,38.3252,129.6,-0.9329,2,0
363,moving_hotspot,rule_based,16.6681,37.8487,32.4,-0.7867,2,7
364,moving_hotspot,rule_based,17.1033,36.5768,32.4,-0.3891,2,7
365,moving_hotspot,rule_based,17.3749,35.2592,32.4,-0.2162,1,7
366,moving_hotspot,rule_based,17.7482,35.5153,32.4,-1.0031,1,7
367,moving_hotspot,rule_based,18.2658,37.1152,32.4,-1.6749,1,7
368,moving_hotspot,rule_based,18.7226,37.7512,32.4,-1.493,3,7
369,moving_hotspot,rule_based,16.491,34.391,129.6,0.6,0,0
370,moving_hotspot,rule_based,17.0879,35.1614,32.4,-1.2602,1,7
371,moving_hotspot,rule_based,17.6264,36.6502,32.4,-1.7694,2,7
372,moving_hotspot,rule_based,18.1506,37.6959,32.4,-1.8478,4,7
373,moving_hotspot,rule_based,15.7828,33.912,129.6,0.6,0,0
374,moving_hotspot,rule_based,16.1139,32.942,32.4,0.76,0,7
375,moving_hotspot,rule_based,16.5616,32.152,32.4,0.67,0,7
376,moving_hotspot,rule_based,16.9555,33.9561,32.4,-0.627,0,7
377,moving_hotspot,rule_based,17.3264,36.1802,32.4,-1.875,1,7
378,moving_hotspot,rule_based,17.6957,37.5815,32.4,-1.7257,2,7
379,moving_hotspot,rule_based,17.9302,36.4961,32.4,-0.4823,2,7
380,moving_hotspot,rule_based,18.172,37.9752,32.4,-1.7645,2,7
381,moving_hotspot,rule_based,18.5735,40.089,32.4,-2.325,4,7
382,moving_hotspot,rule_based,16.2435,38.5718,129.6,-0.9414,2,0
383,moving_hotspot,rule_based,16.6681,37.7498,32.4,-0.614,2,7
384,moving_hotspot,rule_based,17.0679,36.4374,32.4,-0.3688,2,7
385,moving_hotspot,rule_based,17.3721,35.7119,32.4,-0.5123,1,7
386,moving_hotspot,rule_based,17.7648,35.2939,32.4,-0.666,1,7
387,moving_hotspot,rule_based,18.2879,36.8242,32.4,-1.7901,2,7
388,moving_hotspot,rule_based,18.7902,37.4867,32.4,-1.5063,3,7
389,moving_hotspot,rule_based,16.5888,34.9495,129.6,0.6,0,0
390,moving_hotspot,rule_based,17.1608,35.6709,32.4,-1.2357,1,7
391,moving_hotspot,rule_based,17.7266,37.234,32.4,-1.8065,2,7
392,moving_hotspot,rule_based,18.2529,38.061,32.4,-1.5885,3,7
393,moving_hotspot,rule_based,15.8481,34.1041,129.6,0.6,0,0
394,moving_hotspot,rule_based,16.194,32.9685,32.4,0.8428,0,7
395,moving_hotspot,rule_based,16.6282,32.1617,32.4,0.6784,0,7
396,moving_hotspot,rule_based,17.0527,33.9144,32.4,-0.6014,0,7
397,moving_hotspot,rule_based,17.4298,36.2544,32.4,-1.875,1,7
398,moving_hotspot,rule_based,17.7811,37.32,32.4,-1.5578,2,7
399,moving_hotspot,rule_based,17.9903,36.6813,32.4,-0.7056,2,7
400,moving_hotspot,rule_based,18.2157,38.1667,32.4,-1.6177,1,7
401,moving_hotspot,rule_based,18.5298,40.1475,32.4,-2.3154,4,7
402,moving_hotspot,rule_based,16.1209,38.5812,129.6,-0.9168,2,0
403,moving_hotspot,rule_based,16.5241,37.4586,32.4,-0.4637,2,7
404,moving_hotspot,rule_based,16.9379,36.4118,32.4,-0.5016,2,7
405,moving_hotspot,rule_based,17.2111,35.4628,32.4,-0.4005,1,7
406,moving_hotspot,rule_based,17.6287,36.1282,32.4,-1.2077,1,7
407,moving_hotspot,rule_based,18.1283,37.4789,32.4,-1.5503,1,7
408,moving_hotspot,rule_based,18.6024,37.9892,32.4,-1.4302,3,7
409,moving_hotspot,rule_based,16.3447,34.3386,129.6,0.6,0,0
410,moving_hotspot,rule_based,16.9072,35.1155,32.4,-1.2635,1,7
411,moving_hotspot,rule_based,17.4554,36.6584,32.4,-1.7964,2,7
412,moving_hotspot,rule_based,17.9488,37.3763,32.4,-1.684,4,7
413,moving_hotspot,rule_based,15.5954,33.9661,129.6,0.6,0,0
414,moving_hotspot,rule_based,15.9554,32.9824,32.4,0.7669,0,7
415,moving_hotspot,rule_based,16.3665,31.9546,32.4,0.7889,0,7
416,moving_hotspot,rule_based,16.7943,33.5764,32.4,-0.5359,0,7
417,moving_hotspot,rule_based,17.1924,35.9904,32.4,-2.025,2,7
418,moving_hotspot,rule_based,17.5783,37.4862,32.4,-1.7729,2,7
419,moving_hotspot,rule_based,17.8033,36.634,32.4,-0.5989,2,7
420,moving_hotspot,rule_based,18.042,38.0737,32.4,-1.7448,2,7
421,moving_hotspot,rule_based,18.3931,39.9391,32.4,-2.2577,4,7
422,moving_hotspot,rule_based,16.0032,38.5129,129.6,-0.9869,2,0
423,moving_hotspot,rule_based,16.4927,38.0142,32.4,-0.7757,2,7
424,moving_hotspot,rule_based,16.9207,36.8091,32.4,-0.4224,2,7
425,moving_hotspot,rule_based,17.153,35.7887,32.4,-0.5148,2,7
426,moving_hotspot,rule_based,17.5843,35.9176,32.4,-0.9394,1,7
427,moving_hotspot,rule_based,18.1041,37.3613,32.4,-1.7469,2,7
428,moving_hotspot,rule_based,18.5791,37.7702,32.4,-1.3795,3,7
429,moving_hotspot,rule_based,16.3061,34.7942,129.6,0.6,0,0
430,moving_hotspot,rule_based,16.879,35.5436,32.4,-1.2497,1,7
431,moving_hotspot,rule_based,17.4396,37.2238,32.4,-1.8651,2,7
432,moving_hotspot,rule_based,17.9995,38.1296,32.4,-1.6279,3,7
433,moving_hotspot,rule_based,15.6457,34.2646,129.6,0.6,0,0
434,moving_hotspot,rule_based,16.0416,33.2767,32.4,0.769,0,7
435,moving_hotspot,rule_based,16.4438,32.3681,32.4,0.7293,0,7
436,moving_hotspot,rule_based,16.867,34.2767,32.4,-0.6793,0,7
437,moving_hotspot,rule_based,17.2487,36.5778,32.4,-1.875,1,7
438,moving_hotspot,rule_based,17.6126,37.7924,32.4,-1.4823,1,7
439,moving_hotspot,rule_based,17.8492,36.6613,32.4,-0.4594,2,7
440,moving_hotspot,rule_based,18.0976,37.5042,32.4,-1.4465,2,7
441,moving_hotspot,rule_based,18.4294,39.4901,32.4,-2.318,4,7
442,moving_hotspot,rule_based,16.0435,37.8921,129.6,-0.901,2,0
443,moving_hotspot,rule_based,16.435,38.1302,32.4,-1.144,2,7
444,moving_hotspot,rule_based,16.8629,36.8405,32.4,-0.3802,2,7
445,moving_hotspot,rule_based,17.178,36.0328,32.4,-0.4711,1,7
446,moving_hotspot,rule_based,17.5621,35.1346,32.4,-0.4259,1,7
447,moving_hotspot,rule_based,18.0551,36.6498,32.4,-1.7826,2,7
448,moving_hotspot,rule_based,18.5824,37.3489,32.4,-1.5245,3,7
449,moving_hotspot,rule_based,16.3732,34.5082,129.6,0.6,0,0
450,moving_hotspot,rule_based,16.9781,35.4687,32.4,-1.3553,1,7
451,moving_hotspot,rule_based,17.4974,37.0141,32.4,-1.7977,2,7
452,moving_hotspot,rule_based,17.988,38.3222,32.4,-1.8291,3,7
453,moving_hotspot,rule_based,15.6134,34.048,129.6,0.6,0,0
454,moving_hotspot,rule_based,15.9453,33.1707,32.4,0.7137,0,7
455,moving_hotspot,rule_based,16.4063,32.5373,32.4,0.5917,0,7
456,moving_hotspot,rule_based,16.8246,34.314,32.4,-0.6134,0,7
457,moving_hotspot,rule_based,17.2185,36.6996,32.4,-1.875,1,7
458,moving_hotspot,rule_based,17.6228,38.0748,32.4,-1.8626,3,7
459,moving_hotspot,rule_based,17.8929,36.973,32.4,-0.4741,2,7
460,moving_hotspot,rule_based,18.1447,38.0854,32.4,-1.5812,2,7
461,moving_hotspot,rule_based,18.4823,40.1282,32.4,-2.175,3,7
462,moving_hotspot,rule_based,16.1317,38.6486,129.6,-0.9602,2,0
463,moving_hotspot,rule_based,16.5927,37.8289,32.4,-0.6151,2,7
464,moving_hotspot,rule_based,17.0043,36.7076,32.4,-0.4643,2,7
465,moving_hotspot,rule_based,17.2507,35.65,32.4,-0.4962,2,7
466,moving_hotspot,rule_based,17.6361,35.9688,32.4,-1.0344,1,7
467,moving_hotspot,rule_based,18.227,37.3758,32.4,-1.7285,2,7
468,moving_hotspot,rule_based,18.8,37.9076,32.4,-1.4409,3,7
469,moving_hotspot,rule_based,16.6159,35.0582,129.6,-0.55,1,0
470,moving_hotspot,rule_based,17.2252,36.0971,32.4,-1.3945,1,7
471,moving_hotspot,rule_based,17.8094,37.5591,32.4,-1.756,2,7
472,moving_hotspot,rule_based,18.2921,38.0081,32.4,-1.3995,3,7
473,moving_hotspot,rule_based,15.9281,34.0016,129.6,0.6,0,0
474,moving_hotspot,rule_based,16.2518,32.964,32.4,0.7938,0,7
475,moving_hotspot,rule_based,16.6867,32.2484,32.4,0.6328,0,7
476,moving_hotspot,rule_based,17.1004,33.894,32.4,-0.5478,0,7
477,moving_hotspot,rule_based,17.4877,36.2409,32.4,-1.875,1,7
478,moving_hotspot,rule_based,17.8422,37.3604,32.4,-1.4348,1,7
479,moving_hotspot,rule_based,18.0596,36.5221,32.4,-0.6059,2,7
480,moving_hotspot,rule_based,18.2951,37.9398,32.4,-1.5838,1,7
481,moving_hotspot,rule_based,18.6042,39.6936,32.4,-2.2019,4,7
482,moving_hotspot,rule_based,16.2206,38.4527,129.6,-1.0796,2,0
483,moving_hotspot,rule_based,16.6837,37.4852,32.4,-0.5412,2,7
484,moving_hotspot,rule_based,17.1099,36.1714,32.4,-0.3681,2,7
485,moving_hotspot,rule_based,17.3647,35.2539,32.4,-0.4162,1,7
486,moving_hotspot,rule_based,17.765,35.8441,32.4,-1.1701,1,7
487,moving_hotspot,rule_based,18.2639,37.0751,32.4,-1.6405,2,7
488,moving_hotspot,rule_based,18.7698,37.7156,32.4,-1.4952,3,7
489,moving_hotspot,rule_based,16.5622,34.5344,129.6,0.6,0,0
490,moving_hotspot,rule_based,17.1866,35.1388,32.4,-1.1772,1,7
491,moving_hotspot,rule_based,17.7328,36.4137,32.4,-1.6625,2,7
492,moving_hotspot,rule_based,18.2722,37.5661,32.4,-1.9012,4,7
493,moving_hotspot,rule_based,15.9396,34.1224,129.6,0.6,0,0
494,moving_hotspot,rule_based,16.2614,33.1961,32.4,0.7381,0,7
495,moving_hotspot,rule_based,16.6922,31.9034,32.4,0.9213,0,7
496,moving_hotspot,rule_based,17.1391,33.9162,32.4,-0.725,0,7
497,moving_hotspot,rule_based,17.5371,35.6561,32.4,-1.895,2,7
498,moving_hotspot,rule_based,17.8873,36.9609,32.4,-1.5274,1,7
499,moving_hotspot,rule_based,18.1126,36.7122,32.4,-0.9006,2,7
500,moving_hotspot,rule_based,18.346,37.9526,32.4,-1.4952,1,7
1,multi_hotspot,rule_based,22.3911,25.7333,32.4,-0.2493,0,7
2,multi_hotspot,rule_based,22.7883,28.4483,32.4,-0.3053,0,7
3,multi_hotspot,rule_based,23.2047,30.9613,32.4,-0.388,0,7
4,multi_hotspot,rule_based,23.5973,33.3446,32.4,-0.4895,0,7
5,multi_hotspot,rule_based,23.9607,35.6885,32.4,-2.2055,4,7
6,multi_hotspot,rule_based,24.3206,38.0182,32.4,-2.925,8,7
7,multi_hotspot,rule_based,24.6419,40.33,32.4,-3.075,9,7
8,multi_hotspot,rule_based,22.2745,39.6648,129.6,-2.4174,9,0
9,multi_hotspot,rule_based,22.7023,42.0176,32.4,-3.075,9,7
10,multi_hotspot,rule_based,22.9903,44.0649,32.4,-3.075,9,7
11,multi_hotspot,rule_based,20.5782,43.1658,129.6,-2.1504,8,0
12,multi_hotspot,rule_based,20.9325,44.6733,32.4,-2.6787,8,7
13,multi_hotspot,rule_based,21.3141,46.4099,32.4,-2.7933,8,7
14,multi_hotspot,rule_based,21.7148,48.0631,32.4,-2.7516,8,7
15,multi_hotspot,rule_based,22.0667,49.7938,32.4,-2.7904,8,7
16,multi_hotspot,rule_based,19.7085,48.6184,129.6,-2.0123,8,0
17,multi_hotspot,rule_based,20.1719,50.2854,32.4,-2.7585,8,7
18,multi_hotspot,rule_based,20.6009,51.9176,32.4,-2.7411,8,7
19,multi_hotspot,rule_based,20.9814,53.4838,32.4,-2.7081,8,7
20,multi_hotspot,rule_based,18.822,51.8988,129.6,-1.8075,8,0
21,multi_hotspot,rule_based,19.4148,53.4081,32.4,-2.6797,8,7
22,multi_hotspot,rule_based,20.0128,54.7523,32.4,-2.5971,8,7
23,multi_hotspot,rule_based,17.8871,53.1188,129.6,-1.7832,8,0
24,multi_hotspot,rule_based,18.51,54.2772,32.4,-2.5042,8,7
25,multi_hotspot,rule_based,19.0763,55.4275,32.4,-3.0002,8,7
26,multi_hotspot,rule_based,16.9594,53.7694,129.6,-1.7709,8,0
27,multi_hotspot,rule_based,17.6491,54.9413,32.4,-2.5109,8,7
28,multi_hotspot,rule_based,18.2922,55.9282,32.4,-2.9185,8,7
29,multi_hotspot,rule_based,16.2279,54.3747,129.6,-1.8232,8,0
30,multi_hotspot,rule_based,16.8219,55.6672,32.4,-3.0713,8,7
31,multi_hotspot,rule_based,17.4188,57.0147,32.4,-3.0988,8,7
32,multi_hotspot,rule_based,17.9882,58.3274,32.4,-3.0813,8,7
33,multi_hotspot,rule_based,15.8004,56.6681,129.6,-2.2703,8,0
34,multi_hotspot,rule_based,16.456,57.7959,32.4,-2.9889,8,7
35,multi_hotspot,rule_based,17.0584,58.6028,32.4,-2.8285,8,7
36,multi_hotspot,rule_based,17.6021,59.6047,32.4,-3.4259,8,7
37,multi_hotspot,rule_based,18.1527,60.373,32.4,-3.3091,8,7
38,multi_hotspot,rule_based,15.997,58.4219,129.6,-2.1245,8,0
39,multi_hotspot,rule_based,16.6145,59.1601,32.4,-3.2941,8,7
40,multi_hotspot,rule_based,17.3028,60.2402,32.4,-3.465,8,7
41,multi_hotspot,rule_based,17.9932,61.1828,32.4,-3.8963,8,7
42,multi_hotspot,rule_based,15.9013,59.118,129.6,-2.6,8,0
43,multi_hotspot,rule_based,16.678,60.0509,32.4,-3.3915,8,7
44,multi_hotspot,rule_based,14.6585,58.2608,129.6,-2.205,8,0
45,multi_hotspot,rule_based,15.4646,59.2292,32.4,-3.4092,8,7
46,multi_hotspot,rule_based,16.2094,60.0683,32.4,-3.3445,8,7
47,multi_hotspot,rule_based,14.2266,58.296,129.6,-2.2139,8,0
48,multi_hotspot,rule_based,15.0551,59.2235,32.4,-3.3887,8,7
49,multi_hotspot,rule_based,15.8373,60.4144,32.4,-3.5205,8,7
50,multi_hotspot,rule_based,13.9089,58.573,129.6,-2.1793,8,0
51,multi_hotspot,rule_based,14.6175,59.3285,32.4,-3.3028,8,7
52,multi_hotspot,rule_based,15.3057,60.1602,32.4,-3.3409,8,7
53,multi_hotspot,rule_based,15.9623,60.9027,32.4,-3.2962,8,7
54,multi_hotspot,rule_based,16.588,61.8313,32.4,-3.3893,8,7
55,multi_hotspot,rule_based,14.5214,59.9874,129.6,-2.678,8,0
56,multi_hotspot,rule_based,15.2231,60.7928,32.4,-3.3277,8,7
57,multi_hotspot,rule_based,15.9231,61.7124,32.4,-3.3848,8,7
58,multi_hotspot,rule_based,16.5274,62.7069,32.4,-4.4222,8,7
59,multi_hotspot,rule_based,17.1043,63.4235,32.4,-4.2833,8,7
60,multi_hotspot,rule_based,15.0269,61.4383,129.6,-2.6074,8,0
61,multi_hotspot,rule_based,15.7945,62.2893,32.4,-3.3505,8,7
62,multi_hotspot,rule_based,16.5778,63.1666,32.4,-4.3637,8,7
63,multi_hotspot,rule_based,14.6086,61.2543,129.6,-2.6438,8,0
64,multi_hotspot,rule_based,15.4279,61.7923,32.4,-3.194,8,7
65,multi_hotspot,rule_based,16.2019,62.7232,32.4,-3.8905,8,7
66,multi_hotspot,rule_based,14.3792,60.9458,129.6,-2.7113,8,0
67,multi_hotspot,rule_based,15.1793,61.8212,32.4,-3.3627,8,7
68,multi_hotspot,rule_based,15.9473,62.6139,32.4,-3.3214,8,7
69,multi_hotspot,rule_based,14.1589,60.5522,129.6,-2.6,8,0
70,multi_hotspot,rule_based,14.8719,61.6041,32.4,-3.451,8,7
71,multi_hotspot,rule_based,15.5322,62.0911,32.4,-3.1685,8,7
72,multi_hotspot,rule_based,16.1952,62.6962,32.4,-3.2275,8,7
73,multi_hotspot,rule_based,14.1302,60.7525,129.6,-2.6282,8,0
74,multi_hotspot,rule_based,14.8408,61.5992,32.4,-3.3484,8,7
75,multi_hotspot,rule_based,15.4953,62.3155,32.4,-3.2832,8,7
76,multi_hotspot,rule_based,16.1269,62.9193,32.4,-3.2269,8,7
77,multi_hotspot,rule_based,16.7239,63.7004,32.4,-4.3156,8,7
78,multi_hotspot,rule_based,14.6264,61.7398,129.6,-2.6197,8,0
79,multi_hotspot,rule_based,15.2794,62.5697,32.4,-3.34,8,7
80,multi_hotspot,rule_based,16.0279,63.3109,32.4,-4.2956,8,7
81,multi_hotspot,rule_based,16.7518,64.3324,32.4,-4.4357,8,7
82,multi_hotspot,rule_based,14.7644,62.1881,129.6,-2.6,8,0
83,multi_hotspot,rule_based,15.5203,62.796,32.4,-3.2289,8,7
84,multi_hotspot,rule_based,16.2703,63.293,32.4,-4.1735,8,7
85,multi_hotspot,rule_based,14.4459,61.3343,129.6,-2.6206,8,0
86,multi_hotspot,rule_based,15.2839,62.1388,32.4,-3.3272,8,7
87,multi_hotspot,rule_based,16.0862,63.1521,32.4,-3.4316,8,7
88,multi_hotspot,rule_based,14.2586,61.0953,129.6,-2.6,8,0
89,multi_hotspot,rule_based,15.0927,62.0848,32.4,-3.4197,8,7
90,multi_hotspot,rule_based,15.7847,62.9286,32.4,-3.3469,8,7
91,multi_hotspot,rule_based,13.8372,60.8194,129.6,-2.6,8,0
92,multi_hotspot,rule_based,14.515,61.7286,32.4,-3.3796,8,7
93,multi_hotspot,rule_based,15.2491,62.6977,32.4,-3.4095,8,7
94,multi_hotspot,rule_based,15.9139,63.1875,32.4,-3.6699,8,7
95,multi_hotspot,rule_based,16.5496,63.9547,32.4,-4.3086,8,7
96,multi_hotspot,rule_based,14.4869,62.1138,129.6,-2.6796,8,0
97,multi_hotspot,rule_based,15.1607,62.5425,32.4,-3.1393,8,7
98,multi_hotspot,rule_based,15.8652,63.2804,32.4,-4.294,8,7
99,multi_hotspot,rule_based,16.4933,63.9485,32.4,-4.259,8,7
100,multi_hotspot,rule_based,14.52,61.9259,129.6,-2.6,8,0
101,multi_hotspot,rule_based,15.2989,62.7654,32.4,-3.3447,8,7
102,multi_hotspot,rule_based,16.093,63.5342,32.4,-4.3094,8,7
103,multi_hotspot,rule_based,14.2177,61.2441,129.6,-2.6,8,0
104,multi_hotspot,rule_based,15.0677,62.1184,32.4,-3.3621,8,7
105,multi_hotspot,rule_based,15.8502,62.9786,32.4,-4.3551,8,7
106,multi_hotspot,rule_based,14.0583,61.0299,129.6,-2.6256,8,0
107,multi_hotspot,rule_based,14.9001,61.8552,32.4,-3.3377,8,7
108,multi_hotspot,rule_based,15.6765,62.6665,32.4,-3.3306,8,7
109,multi_hotspot,rule_based,13.9078,60.8493,129.6,-2.6914,8,0
110,multi_hotspot,rule_based,14.6733,61.5478,32.4,-3.2742,8,7
111,multi_hotspot,rule_based,15.3126,62.1491,32.4,-3.2257,8,7
112,multi_hotspot,rule_based,15.9398,62.8246,32.4,-3.7627,8,7
113,multi_hotspot,rule_based,13.9009,60.795,129.6,-2.6,8,0
114,multi_hotspot,rule_based,14.6731,61.5885,32.4,-3.3218,8,7
115,multi_hotspot,rule_based,15.413,62.5202,32.4,-3.3908,8,7
116,multi_hotspot,rule_based,16.0711,63.568,32.4,-4.4489,8,7
117,multi_hotspot,rule_based,16.7323,63.8992,32.4,-4.0906,8,7
118,multi_hotspot,rule_based,14.6081,61.8551,129.6,-2.6,8,0
119,multi_hotspot,rule_based,15.3222,62.5303,32.4,-3.2626,8,7
120,multi_hotspot,rule_based,16.0719,63.3854,32.4,-3.8526,8,7
121,multi_hotspot,rule_based,16.8001,64.1882,32.4,-4.3264,8,7
122,multi_hotspot,rule_based,14.7627,61.9014,129.6,-2.6,8,0
123,multi_hotspot,rule_based,15.5353,62.3549,32.4,-3.1518,8,7
124,multi_hotspot,rule_based,16.307,63.1256,32.4,-4.3103,8,7
125,multi_hotspot,rule_based,14.3929,61.2472,129.6,-2.6608,8,0
126,multi_hotspot,rule_based,15.2172,62.275,32.4,-3.4389,8,7
127,multi_hotspot,rule_based,15.9939,63.2068,32.4,-3.3909,8,7
128,multi_hotspot,rule_based,14.2049,61.1612,129.6,-2.6,8,0
129,multi_hotspot,rule_based,15.0129,61.7477,32.4,-3.2182,8,7
130,multi_hotspot,rule_based,13.4781,59.859,129.6,-2.6557,8,0
131,multi_hotspot,rule_based,14.2292,60.7846,32.4,-3.3878,8,7
132,multi_hotspot,rule_based,14.9586,61.7573,32.4,-3.4113,8,7
133,multi_hotspot,rule_based,15.6556,62.4923,32.4,-3.2925,8,7
134,multi_hotspot,rule_based,16.3301,63.5664,32.4,-3.9621,8,7
135,multi_hotspot,rule_based,16.9279,64.058,32.4,-4.1708,8,7
136,multi_hotspot,rule_based,14.8275,61.8672,129.6,-2.6,8,0
137,multi_hotspot,rule_based,15.4911,62.4769,32.4,-3.2298,8,7
138,multi_hotspot,rule_based,16.2134,63.2659,32.4,-4.3195,8,7
139,multi_hotspot,rule_based,16.8635,63.9846,32.4,-4.2844,8,7
140,multi_hotspot,rule_based,14.8513,61.8987,129.6,-2.6,8,0
141,multi_hotspot,rule_based,15.6644,62.7122,32.4,-3.3317,8,7
142,multi_hotspot,rule_based,16.3704,63.5506,32.4,-4.3442,8,7
143,multi_hotspot,rule_based,14.4023,61.2562,129.6,-2.6,8,0
144,multi_hotspot,rule_based,15.1967,61.7495,32.4,-3.1717,8,7
145,multi_hotspot,rule_based,16.0062,62.8345,32.4,-3.9675,8,7
146,multi_hotspot,rule_based,14.1688,60.6925,129.6,-2.6,8,0
147,multi_hotspot,rule_based,15.0324,61.4204,32.4,-3.2889,8,7
148,multi_hotspot,rule_based,15.8174,62.1383,32.4,-3.2839,8,7
149,multi_hotspot,rule_based,14.0435,60.16,129.6,-2.6109,8,0
150,multi_hotspot,rule_based,14.7394,60.9828,32.4,-3.3364,8,7
151,multi_hotspot,rule_based,15.4638,61.8478,32.4,-3.3575,8,7
152,multi_hotspot,rule_based,16.1162,62.3985,32.4,-3.2004,8,7
153,multi_hotspot,rule_based,14.0922,60.4024,129.6,-2.6019,8,0
154,multi_hotspot,rule_based,14.8091,61.4061,32.4,-3.4269,8,7
155,multi_hotspot,rule_based,15.4585,62.1814,32.4,-3.3126,8,7
156,multi_hotspot,rule_based,16.1521,63.1568,32.4,-4.4127,8,7
157,multi_hotspot,rule_based,16.7567,63.9759,32.4,-4.3345,8,7
158,multi_hotspot,rule_based,14.663,61.8127,129.6,-2.6,8,0
159,multi_hotspot,rule_based,15.3549,62.6578,32.4,-3.8476,8,7
160,multi_hotspot,rule_based,16.1155,63.3973,32.4,-4.2947,8,7
161,multi_hotspot,rule_based,16.8366,64.2968,32.4,-4.3747,8,7
162,multi_hotspot,rule_based,14.8221,62.3564,129.6,-2.6298,8,0
163,multi_hotspot,rule_based,15.6397,63.1082,32.4,-3.8009,8,7
164,multi_hotspot,rule_based,16.3871,63.9307,32.4,-4.3362,8,7
165,multi_hotspot,rule_based,14.4894,61.8488,129.6,-2.6,8,0
166,multi_hotspot,rule_based,15.3168,62.7241,32.4,-3.3626,8,7
167,multi_hotspot,rule_based,16.0865,63.7133,32.4,-3.9196,8,7
168,multi_hotspot,rule_based,14.2601,61.5405,129.6,-2.6,8,0
169,multi_hotspot,rule_based,15.1476,62.5681,32.4,-3.4388,8,7
170,multi_hotspot,rule_based,15.8131,63.3179,32.4,-3.2999,8,7
171,multi_hotspot,rule_based,13.8896,61.3776,129.6,-2.6298,8,0
172,multi_hotspot,rule_based,14.6615,62.3725,32.4,-3.4225,8,7
173,multi_hotspot,rule_based,15.3449,62.9696,32.4,-3.2235,8,7
174,multi_hotspot,rule_based,16.0321,63.6084,32.4,-4.2444,8,7
175,multi_hotspot,rule_based,16.6864,64.0903,32.4,-4.166,8,7
176,multi_hotspot,rule_based,14.6064,62.0387,129.6,-2.6,8,0
177,multi_hotspot,rule_based,15.2792,63.0604,32.4,-3.4358,8,7
178,multi_hotspot,rule_based,15.9454,63.8435,32.4,-3.8166,8,7
179,multi_hotspot,rule_based,16.5322,64.2746,32.4,-4.1405,8,7
180,multi_hotspot,rule_based,14.5364,62.1462,129.6,-2.6,8,0
181,multi_hotspot,rule_based,15.3106,62.8544,32.4,-3.2791,8,7
182,multi_hotspot,rule_based,16.0577,63.4343,32.4,-3.715,8,7
183,multi_hotspot,rule_based,16.7788,63.9611,32.4,-4.1884,8,7
184,multi_hotspot,rule_based,14.7548,61.7615,129.6,-2.6,8,0
185,multi_hotspot,rule_based,15.5662,62.4951,32.4,-3.2918,8,7
186,multi_hotspot,rule_based,13.8824,60.6662,129.6,-2.6856,8,0
187,multi_hotspot,rule_based,14.7348,61.2634,32.4,-3.2236,8,7
188,multi_hotspot,rule_based,15.5061,62.1695,32.4,-3.378,8,7
189,multi_hotspot,rule_based,13.7693,60.1015,129.6,-2.6,8,0
190,multi_hotspot,rule_based,14.5159,60.9071,32.4,-3.3278,8,7
191,multi_hotspot,rule_based,15.2179,61.6972,32.4,-3.32,8,7
192,multi_hotspot,rule_based,15.8952,62.6889,32.4,-3.4208,8,7
193,multi_hotspot,rule_based,16.54,63.1357,32.4,-4.1484,8,7
194,multi_hotspot,rule_based,14.4194,60.9455,129.6,-2.6,8,0
195,multi_hotspot,rule_based,15.1092,61.7563,32.4,-3.3304,8,7
196,multi_hotspot,rule_based,15.7829,62.4612,32.4,-3.2775,8,7
197,multi_hotspot,rule_based,16.454,63.1998,32.4,-4.2943,8,7
198,multi_hotspot,rule_based,17.0718,63.8242,32.4,-4.2372,8,7
199,multi_hotspot,rule_based,14.9007,61.8172,129.6,-2.6,8,0
200,multi_hotspot,rule_based,15.6735,62.2908,32.4,-3.1618,8,7
201,multi_hotspot,rule_based,16.4527,62.9242,32.4,-4.2417,8,7
202,multi_hotspot,rule_based,14.4466,60.8177,129.6,-2.6,8,0
203,multi_hotspot,rule_based,15.2655,61.628,32.4,-3.3301,8,7
204,multi_hotspot,rule_based,16.0284,62.6224,32.4,-3.9222,8,7
205,multi_hotspot,rule_based,14.1341,60.8324,129.6,-2.705,8,0
206,multi_hotspot,rule_based,14.9789,61.6976,32.4,-3.3576,8,7
207,multi_hotspot,rule_based,15.7821,62.5343,32.4,-3.8434,8,7
208,multi_hotspot,rule_based,13.9946,60.2846,129.6,-2.6,8,0
209,multi_hotspot,rule_based,14.8613,61.187,32.4,-3.3762,8,7
210,multi_hotspot,rule_based,15.5403,61.8482,32.4,-3.2556,8,7
211,multi_hotspot,rule_based,16.2341,62.6561,32.4,-3.829,8,7
212,multi_hotspot,rule_based,14.134,60.4992,129.6,-2.6,8,0
213,multi_hotspot,rule_based,14.8204,61.2954,32.4,-3.3231,8,7
214,multi_hotspot,rule_based,15.5196,62.1942,32.4,-3.8744,8,7
215,multi_hotspot,rule_based,16.1504,62.6202,32.4,-4.138,8,7
216,multi_hotspot,rule_based,16.7634,63.5131,32.4,-4.3715,8,7
217,multi_hotspot,rule_based,14.643,61.4671,129.6,-2.6,8,0
218,multi_hotspot,rule_based,15.3663,62.4428,32.4,-3.9128,8,7
219,multi_hotspot,rule_based,16.003,63.3547,32.4,-4.381,8,7
220,multi_hotspot,rule_based,16.7519,64.0492,32.4,-4.2722,8,7
221,multi_hotspot,rule_based,14.7274,61.9453,129.6,-2.6,8,0
222,multi_hotspot,rule_based,15.5371,62.9927,32.4,-3.4487,8,7
223,multi_hotspot,rule_based,16.3079,63.6241,32.4,-4.2407,8,7
224,multi_hotspot,rule_based,14.4119,61.5278,129.6,-2.6,8,0
225,multi_hotspot,rule_based,15.2341,62.2392,32.4,-3.2807,8,7
226,multi_hotspot,rule_based,16.0322,63.1365,32.4,-3.3737,8,7
227,multi_hotspot,rule_based,14.2121,61.0582,129.6,-2.6,8,0
228,multi_hotspot,rule_based,15.0553,61.8988,32.4,-3.3453,8,7
229,multi_hotspot,rule_based,15.8496,62.51,32.4,-3.2306,8,7
230,multi_hotspot,rule_based,13.936,60.3875,129.6,-2.6,8,0
231,multi_hotspot,rule_based,14.6522,61.6856,32.4,-3.574,8,7
232,multi_hotspot,rule_based,15.3445,62.3896,32.4,-3.277,8,7
233,multi_hotspot,rule_based,15.9952,63.091,32.4,-3.7757,8,7
234,multi_hotspot,rule_based,16.6571,63.8568,32.4,-4.3079,8,7
235,multi_hotspot,rule_based,14.5803,61.7862,129.6,-2.6,8,0
236,multi_hotspot,rule_based,15.3082,62.7747,32.4,-3.4192,8,7
237,multi_hotspot,rule_based,15.9646,63.6673,32.4,-3.8713,8,7
238,multi_hotspot,rule_based,16.6059,64.3446,32.4,-4.2637,8,7
239,multi_hotspot,rule_based,14.5043,62.1364,129.6,-2.6,8,0
240,multi_hotspot,rule_based,15.3252,62.7099,32.4,-3.2118,8,7
241,multi_hotspot,rule_based,16.1276,63.2544,32.4,-4.1972,8,7
242,multi_hotspot,rule_based,14.182,61.155,129.6,-2.6,8,0
243,multi_hotspot,rule_based,14.9748,62.2087,32.4,-3.4519,8,7
244,multi_hotspot,rule_based,15.7508,62.7929,32.4,-3.2171,8,7
245,multi_hotspot,rule_based,14.0103,61.0523,129.6,-2.7297,8,0
246,multi_hotspot,rule_based,14.8122,61.9378,32.4,-3.3678,8,7
247,multi_hotspot,rule_based,15.5818,62.5557,32.4,-3.2339,8,7
248,multi_hotspot,rule_based,13.8609,60.4935,129.6,-2.6,8,0
249,multi_hotspot,rule_based,14.7212,61.2124,32.4,-3.2845,8,7
250,multi_hotspot,rule_based,15.463,61.9508,32.4,-3.2942,8,7
251,multi_hotspot,rule_based,16.1193,62.4032,32.4,-3.6512,8,7
252,multi_hotspot,rule_based,14.0978,60.5303,129.6,-2.6636,8,0
253,multi_hotspot,rule_based,14.8129,61.1459,32.4,-3.2328,8,7
254,multi_hotspot,rule_based,15.4723,62.0734,32.4,-3.3888,8,7
255,multi_hotspot,rule_based,16.1561,62.811,32.4,-4.2938,8,7
256,multi_hotspot,rule_based,16.7342,63.4442,32.4,-4.2416,8,7
257,multi_hotspot,rule_based,14.6084,61.5697,129.6,-2.6627,8,0
258,multi_hotspot,rule_based,15.2846,62.3334,32.4,-3.8069,8,7
259,multi_hotspot,rule_based,15.9035,63.3362,32.4,-4.4264,8,7
260,multi_hotspot,rule_based,16.6471,64.173,32.4,-4.3434,8,7
261,multi_hotspot,rule_based,14.6669,61.9712,129.6,-2.6,8,0
262,multi_hotspot,rule_based,15.5129,62.7307,32.4,-3.3047,8,7
263,multi_hotspot,rule_based,16.2862,63.3392,32.4,-4.2292,8,7
264,multi_hotspot,rule_based,14.3872,61.3593,129.6,-2.6101,8,0
265,multi_hotspot,rule_based,15.2384,62.0449,32.4,-3.2678,8,7
266,multi_hotspot,rule_based,16.0217,62.7585,32.4,-3.7818,8,7
267,multi_hotspot,rule_based,14.2532,60.8147,129.6,-2.6281,8,0
268,multi_hotspot,rule_based,15.1041,61.5879,32.4,-3.3116,8,7
269,multi_hotspot,rule_based,15.9075,62.4052,32.4,-3.8336,8,7
270,multi_hotspot,rule_based,13.9806,60.219,129.6,-2.6,8,0
271,multi_hotspot,rule_based,14.7641,61.1431,32.4,-3.3871,8,7
272,multi_hotspot,rule_based,15.4265,61.7079,32.4,-3.2074,8,7
273,multi_hotspot,rule_based,16.0709,62.6041,32.4,-3.3731,8,7
274,multi_hotspot,rule_based,14.0711,60.8068,129.6,-2.7013,8,0
275,multi_hotspot,rule_based,14.8019,61.7321,32.4,-3.3877,8,7
276,multi_hotspot,rule_based,15.4802,62.7055,32.4,-3.4117,8,7
277,multi_hotspot,rule_based,16.1374,63.3323,32.4,-4.2384,8,7
278,multi_hotspot,rule_based,16.768,63.9962,32.4,-4.257,8,7
279,multi_hotspot,rule_based,14.5931,61.7895,129.6,-2.6,8,0
280,multi_hotspot,rule_based,15.42,62.8396,32.4,-3.4501,8,7
281,multi_hotspot,rule_based,16.1719,63.6466,32.4,-4.3285,8,7
282,multi_hotspot,rule_based,16.9077,64.248,32.4,-4.2257,8,7
283,multi_hotspot,rule_based,14.9192,62.2537,129.6,-2.6028,8,0
284,multi_hotspot,rule_based,15.7019,62.986,32.4,-3.2912,8,7
285,multi_hotspot,rule_based,14.0147,60.7739,129.6,-2.6,8,0
286,multi_hotspot,rule_based,14.8698,61.8063,32.4,-3.4412,8,7
287,multi_hotspot,rule_based,15.6573,62.5634,32.4,-3.3035,8,7
288,multi_hotspot,rule_based,13.9082,60.7342,129.6,-2.6854,8,0
289,multi_hotspot,rule_based,14.8396,61.5282,32.4,-3.322,8,7
290,multi_hotspot,rule_based,15.5491,62.3362,32.4,-3.329,8,7
291,multi_hotspot,rule_based,13.6793,60.386,129.6,-2.6249,8,0
292,multi_hotspot,rule_based,14.4422,61.1296,32.4,-3.2968,8,7
293,multi_hotspot,rule_based,15.1373,61.9423,32.4,-3.3313,8,7
294,multi_hotspot,rule_based,15.8267,62.6154,32.4,-3.2615,8,7
295,multi_hotspot,rule_based,16.4615,63.2977,32.4,-4.2661,8,7
296,multi_hotspot,rule_based,14.3527,61.2239,129.6,-2.6,8,0
297,multi_hotspot,rule_based,15.0493,62.2217,32.4,-3.4239,8,7
298,multi_hotspot,rule_based,15.6935,62.8954,32.4,-3.2619,8,7
299,multi_hotspot,rule_based,16.3484,63.6356,32.4,-4.2951,8,7
300,multi_hotspot,rule_based,17.0949,64.426,32.4,-4.3202,8,7
301,multi_hotspot,rule_based,15.0724,62.3375,129.6,-2.6,8,0
302,multi_hotspot,rule_based,15.8525,63.147,32.4,-3.3298,8,7
303,multi_hotspot,rule_based,16.584,64.022,32.4,-4.3625,8,7
304,multi_hotspot,rule_based,14.6097,61.9414,129.6,-2.6,8,0
305,multi_hotspot,rule_based,15.4224,62.7549,32.4,-3.3317,8,7
306,multi_hotspot,rule_based,16.2299,63.4162,32.4,-4.2557,8,7
307,multi_hotspot,rule_based,14.3443,61.3663,129.6,-2.6,8,0
308,multi_hotspot,rule_based,15.1701,61.9893,32.4,-3.2365,8,7
309,multi_hotspot,rule_based,13.6854,60.1432,129.6,-2.6769,8,0
310,multi_hotspot,rule_based,14.4489,60.9563,32.4,-3.3315,8,7
311,multi_hotspot,rule_based,15.2368,62.1574,32.4,-3.5256,8,7
312,multi_hotspot,rule_based,15.8906,62.7168,32.4,-3.2047,8,7
313,multi_hotspot,rule_based,16.5207,63.3481,32.4,-4.2406,8,7
314,multi_hotspot,rule_based,14.4181,60.9648,129.6,-2.6,8,0
315,multi_hotspot,rule_based,15.1341,61.913,32.4,-3.3991,8,7
316,multi_hotspot,rule_based,15.8321,62.6486,32.4,-3.2928,8,7
317,multi_hotspot,rule_based,16.4881,63.3557,32.4,-4.2786,8,7
318,multi_hotspot,rule_based,17.1124,63.8893,32.4,-4.1918,8,7
319,multi_hotspot,rule_based,14.9566,61.7579,129.6,-2.6,8,0
320,multi_hotspot,rule_based,15.7526,62.5958,32.4,-3.3439,8,7
321,multi_hotspot,rule_based,16.5128,63.2812,32.4,-4.2677,8,7
322,multi_hotspot,rule_based,14.5038,61.1925,129.6,-2.6,8,0
323,multi_hotspot,rule_based,15.3321,61.8132,32.4,-3.2353,8,7
324,multi_hotspot,rule_based,16.0796,62.4629,32.4,-3.2499,8,7
325,multi_hotspot,rule_based,14.1949,60.7952,129.6,-2.7661,8,0
326,multi_hotspot,rule_based,15.0372,61.8616,32.4,-3.4582,8,7
327,multi_hotspot,rule_based,15.8246,62.8955,32.4,-3.442,8,7
328,multi_hotspot,rule_based,14.0336,61.0897,129.6,-2.6971,8,0
329,multi_hotspot,rule_based,14.8665,61.8814,32.4,-3.3209,8,7
330,multi_hotspot,rule_based,15.5471,62.734,32.4,-3.3513,8,7
331,multi_hotspot,rule_based,13.7,60.9781,129.6,-2.7221,8,0
332,multi_hotspot,rule_based,14.4522,61.8726,32.4,-3.3722,8,7
333,multi_hotspot,rule_based,15.1943,62.7296,32.4,-3.3535,8,7
334,multi_hotspot,rule_based,15.864,63.4665,32.4,-3.2935,8,7
335,multi_hotspot,rule_based,16.4835,64.0364,32.4,-4.2099,8,7
336,multi_hotspot,rule_based,14.3947,62.0873,129.6,-2.6254,8,0
337,multi_hotspot,rule_based,15.0911,62.8194,32.4,-3.2911,8,7
338,multi_hotspot,rule_based,15.7736,63.7546,32.4,-3.3926,8,7
339,multi_hotspot,rule_based,16.37,64.3337,32.4,-4.2146,8,7
340,multi_hotspot,rule_based,14.3824,61.9974,129.6,-2.6,8,0
341,multi_hotspot,rule_based,15.1743,62.5426,32.4,-3.1976,8,7
342,multi_hotspot,rule_based,15.9454,63.501,32.4,-4.4042,8,7
343,multi_hotspot,rule_based,16.6511,64.1224,32.4,-4.2357,8,7
344,multi_hotspot,rule_based,14.658,62.2842,129.6,-2.6809,8,0
345,multi_hotspot,rule_based,15.4778,62.894,32.4,-3.2299,8,7
346,multi_hotspot,rule_based,16.2343,63.267,32.4,-4.1115,8,7
347,multi_hotspot,rule_based,14.3918,61.4787,129.6,-2.7059,8,0
348,multi_hotspot,rule_based,15.2175,62.2875,32.4,-3.3294,8,7
349,multi_hotspot,rule_based,16.0343,63.1457,32.4,-3.8541,8,7
350,multi_hotspot,rule_based,14.1144,61.1337,129.6,-2.6,8,0
351,multi_hotspot,rule_based,14.8659,62.032,32.4,-3.3742,8,7
352,multi_hotspot,rule_based,15.549,62.8368,32.4,-3.3274,8,7
353,multi_hotspot,rule_based,16.1682,63.7023,32.4,-4.3577,8,7
354,multi_hotspot,rule_based,14.1243,61.5641,129.6,-2.6,8,0
355,multi_hotspot,rule_based,14.8511,62.5289,32.4,-3.4074,8,7
356,multi_hotspot,rule_based,15.5172,63.0854,32.4,-3.2032,8,7
357,multi_hotspot,rule_based,16.1664,63.8526,32.4,-4.3086,8,7
358,multi_hotspot,rule_based,16.7773,64.6149,32.4,-4.3061,8,7
359,multi_hotspot,rule_based,14.6735,62.6841,129.6,-2.6346,8,0
360,multi_hotspot,rule_based,15.4548,63.4563,32.4,-3.3111,8,7
361,multi_hotspot,rule_based,16.3028,63.7869,32.4,-4.0903,8,7
362,multi_hotspot,rule_based,14.3822,61.9715,129.6,-2.6923,8,0
363,multi_hotspot,rule_based,15.1816,62.5738,32.4,-3.2262,8,7
364,multi_hotspot,rule_based,15.9814,63.3507,32.4,-3.8134,8,7
365,multi_hotspot,rule_based,14.1489,61.3747,129.6,-2.612,8,0
366,multi_hotspot,rule_based,14.9738,62.2878,32.4,-3.3816,8,7
367,multi_hotspot,rule_based,15.7537,62.8801,32.4,-3.2211,8,7
368,multi_hotspot,rule_based,13.9325,60.6854,129.6,-2.6,8,0
369,multi_hotspot,rule_based,14.7641,61.6871,32.4,-3.4259,8,7
370,multi_hotspot,rule_based,15.4626,62.6263,32.4,-3.3946,8,7
371,multi_hotspot,rule_based,16.0976,63.5563,32.4,-3.89,8,7
372,multi_hotspot,rule_based,14.0482,61.1844,129.6,-2.6,8,0
373,multi_hotspot,rule_based,14.7675,61.9641,32.4,-3.3149,8,7
374,multi_hotspot,rule_based,15.4494,62.7492,32.4,-3.3175,8,7
375,multi_hotspot,rule_based,16.1123,63.3558,32.4,-4.2283,8,7
376,multi_hotspot,rule_based,16.7105,63.9733,32.4,-4.2337,8,7
377,multi_hotspot,rule_based,14.5756,61.9258,129.6,-2.6,8,0
378,multi_hotspot,rule_based,15.2644,62.8472,32.4,-3.3857,8,7
379,multi_hotspot,rule_based,15.9205,63.5899,32.4,-4.2964,8,7
380,multi_hotspot,rule_based,16.6711,64.1592,32.4,-4.2097,8,7
381,multi_hotspot,rule_based,14.7489,62.2642,129.6,-2.6525,8,0
382,multi_hotspot,rule_based,15.6005,63.0855,32.4,-3.3356,8,7
383,multi_hotspot,rule_based,16.3475,63.8145,32.4,-4.2895,8,7
384,multi_hotspot,rule_based,14.4347,61.8801,129.6,-2.6328,8,0
385,multi_hotspot,rule_based,15.2789,62.6714,32.4,-3.3207,8,7
386,multi_hotspot,rule_based,16.0665,63.3891,32.4,-3.2838,8,7
387,multi_hotspot,rule_based,14.2498,61.4698,129.6,-2.6404,8,0
388,multi_hotspot,rule_based,15.0776,62.2274,32.4,-3.3038,8,7
389,multi_hotspot,rule_based,15.8855,62.8243,32.4,-3.2234,8,7
390,multi_hotspot,rule_based,13.9735,61.0274,129.6,-2.7015,8,0
391,multi_hotspot,rule_based,14.7139,61.6715,32.4,-3.2471,8,7
392,multi_hotspot,rule_based,15.4061,62.2499,32.4,-3.2142,8,7
393,multi_hotspot,rule_based,16.0256,63.0043,32.4,-3.8022,8,7
394,multi_hotspot,rule_based,14.0154,60.9968,129.6,-2.6,8,0
395,multi_hotspot,rule_based,14.7405,61.9376,32.4,-3.3954,8,7
396,multi_hotspot,rule_based,15.4413,62.8094,32.4,-3.3609,8,7
397,multi_hotspot,rule_based,16.0809,63.376,32.4,-4.2083,8,7
398,multi_hotspot,rule_based,16.6817,63.9625,32.4,-4.2182,8,7
399,multi_hotspot,rule_based,14.5458,61.8314,129.6,-2.6,8,0
400,multi_hotspot,rule_based,15.3518,62.7525,32.4,-3.3855,8,7
401,multi_hotspot,rule_based,16.0993,63.4298,32.4,-4.2636,8,7
402,multi_hotspot,rule_based,16.8023,64.0778,32.4,-4.249,8,7
403,multi_hotspot,rule_based,14.7715,61.9871,129.6,-2.6,8,0
404,multi_hotspot,rule_based,15.5632,62.6246,32.4,-3.7438,8,7
405,multi_hotspot,rule_based,16.3134,63.4362,32.4,-4.3308,8,7
406,multi_hotspot,rule_based,14.4806,61.2043,129.6,-2.6,8,0
407,multi_hotspot,rule_based,15.2612,62.1434,32.4,-3.3945,8,7
408,multi_hotspot,rule_based,16.0023,62.864,32.4,-3.7853,8,7
409,multi_hotspot,rule_based,14.1497,60.5904,129.6,-2.6,8,0
410,multi_hotspot,rule_based,14.8372,61.3237,32.4,-3.2917,8,7
411,multi_hotspot,rule_based,15.5042,62.0625,32.4,-3.2944,8,7
412,multi_hotspot,rule_based,16.1105,62.4096,32.4,-3.5985,8,7
413,multi_hotspot,rule_based,14.081,60.3562,129.6,-2.6,8,0
414,multi_hotspot,rule_based,14.8167,61.001,32.4,-3.2474,8,7
415,multi_hotspot,rule_based,15.4667,61.8949,32.4,-3.372,8,7
416,multi_hotspot,rule_based,16.1214,62.8987,32.4,-4.4269,8,7
417,multi_hotspot,rule_based,16.7351,63.7362,32.4,-4.3438,8,7
418,multi_hotspot,rule_based,14.6269,61.8381,129.6,-2.651,8,0
419,multi_hotspot,rule_based,15.2995,62.65,32.4,-3.3309,8,7
420,multi_hotspot,rule_based,16.0716,63.2413,32.4,-4.2206,8,7
421,multi_hotspot,rule_based,16.8116,64.1139,32.4,-4.3613,8,7
422,multi_hotspot,rule_based,14.7973,61.9645,129.6,-2.6,8,0
423,multi_hotspot,rule_based,15.6374,62.9366,32.4,-3.411,8,7
424,multi_hotspot,rule_based,16.3984,63.8327,32.4,-4.373,8,7
425,multi_hotspot,rule_based,14.4842,61.7745,129.6,-2.6,8,0
426,multi_hotspot,rule_based,15.3393,62.8597,32.4,-3.4676,8,7
427,multi_hotspot,rule_based,16.0949,63.6027,32.4,-3.7965,8,7
428,multi_hotspot,rule_based,14.2477,61.4695,129.6,-2.6,8,0
429,multi_hotspot,rule_based,15.0149,62.3055,32.4,-3.343,8,7
430,multi_hotspot,rule_based,15.6676,62.9803,32.4,-3.2624,8,7
431,multi_hotspot,rule_based,13.8037,60.7721,129.6,-2.6,8,0
432,multi_hotspot,rule_based,14.5607,61.5921,32.4,-3.335,8,7
433,multi_hotspot,rule_based,15.2608,62.2881,32.4,-3.273,8,7
434,multi_hotspot,rule_based,15.976,63.1907,32.4,-3.3763,8,7
435,multi_hotspot,rule_based,16.5634,63.9693,32.4,-4.3143,8,7
436,multi_hotspot,rule_based,14.4632,61.7386,129.6,-2.6,8,0
437,multi_hotspot,rule_based,15.1471,62.5141,32.4,-3.3128,8,7
438,multi_hotspot,rule_based,15.798,63.3515,32.4,-3.3437,8,7
439,multi_hotspot,rule_based,16.4253,64.1157,32.4,-4.3071,8,7
440,multi_hotspot,rule_based,17.1533,64.7028,32.4,-4.2186,8,7
441,multi_hotspot,rule_based,15.1225,62.5822,129.6,-2.6,8,0
442,multi_hotspot,rule_based,15.8922,63.3901,32.4,-3.329,8,7
443,multi_hotspot,rule_based,16.5816,63.9354,32.4,-4.1976,8,7
444,multi_hotspot,rule_based,14.6279,61.9331,129.6,-2.6,8,0
445,multi_hotspot,rule_based,15.463,62.7102,32.4,-3.3136,8,7
446,multi_hotspot,rule_based,13.8253,60.4904,129.6,-2.6,8,0
447,multi_hotspot,rule_based,14.6287,61.3357,32.4,-3.3477,8,7
448,multi_hotspot,rule_based,15.451,62.131,32.4,-3.3226,8,7
449,multi_hotspot,rule_based,13.7297,60.3232,129.6,-2.6961,8,0
450,multi_hotspot,rule_based,14.482,61.2688,32.4,-3.3978,8,7
451,multi_hotspot,rule_based,15.1414,61.8169,32.4,-3.199,8,7
452,multi_hotspot,rule_based,15.765,62.3884,32.4,-3.2108,8,7
453,multi_hotspot,rule_based,16.3835,63.0633,32.4,-3.7624,8,7
454,multi_hotspot,rule_based,14.278,60.8901,129.6,-2.6,8,0
455,multi_hotspot,rule_based,15.0043,61.7433,32.4,-3.3516,8,7
456,multi_hotspot,rule_based,15.6746,62.7025,32.4,-3.4046,8,7
457,multi_hotspot,rule_based,16.308,63.3274,32.4,-4.2374,8,7
458,multi_hotspot,rule_based,16.9398,64.3196,32.4,-4.4211,8,7
459,multi_hotspot,rule_based,14.844,62.0364,129.6,-2.6,8,0
460,multi_hotspot,rule_based,15.6566,62.6761,32.4,-3.7448,8,7
461,multi_hotspot,rule_based,16.4089,63.4216,32.4,-4.2978,8,7
462,multi_hotspot,rule_based,14.4676,61.3877,129.6,-2.6,8,0
463,multi_hotspot,rule_based,15.302,62.0872,32.4,-3.2748,8,7
464,multi_hotspot,rule_based,16.0685,62.7991,32.4,-4.2809,8,7
465,multi_hotspot,rule_based,14.1767,60.6338,129.6,-2.6,8,0
466,multi_hotspot,rule_based,15.0062,61.6522,32.4,-3.4342,8,7
467,multi_hotspot,rule_based,15.8521,62.6548,32.4,-3.4263,8,7
468,multi_hotspot,rule_based,14.1305,60.7606,129.6,-2.6529,8,0
469,multi_hotspot,rule_based,15.0034,61.3553,32.4,-3.2223,8,7
470,multi_hotspot,rule_based,15.7087,62.298,32.4,-3.3963,8,7
471,multi_hotspot,rule_based,13.8288,60.4206,129.6,-2.6613,8,0
472,multi_hotspot,rule_based,14.5258,61.3623,32.4,-3.3958,8,7
473,multi_hotspot,rule_based,15.232,62.0088,32.4,-3.2483,8,7
474,multi_hotspot,rule_based,15.8905,62.7925,32.4,-3.3168,8,7
475,multi_hotspot,rule_based,16.5254,63.6592,32.4,-4.3584,8,7
476,multi_hotspot,rule_based,14.4291,61.3942,129.6,-2.6,8,0
477,multi_hotspot,rule_based,15.1319,61.9874,32.4,-3.2216,8,7
478,multi_hotspot,rule_based,15.7862,62.9199,32.4,-3.3913,8,7
479,multi_hotspot,rule_based,16.4064,63.7059,32.4,-4.318,8,7
480,multi_hotspot,rule_based,17.1329,64.1729,32.4,-4.1585,8,7
481,multi_hotspot,rule_based,15.0904,62.2071,129.6,-2.6171,8,0
482,multi_hotspot,rule_based,15.8727,63.0591,32.4,-3.851,8,7
483,multi_hotspot,rule_based,16.6435,63.725,32.4,-4.258,8,7
484,multi_hotspot,rule_based,14.685,61.8507,129.6,-2.6628,8,0
485,multi_hotspot,rule_based,15.4694,62.738,32.4,-3.3687,8,7
486,multi_hotspot,rule_based,16.2547,63.469,32.4,-4.2905,8,7
487,multi_hotspot,rule_based,14.3602,61.3429,129.6,-2.6,8,0
488,multi_hotspot,rule_based,15.1849,62.1226,32.4,-3.3149,8,7
489,multi_hotspot,rule_based,15.9801,62.9087,32.4,-3.3181,8,7
490,multi_hotspot,rule_based,14.0974,61.2381,129.6,-2.7647,8,0
491,multi_hotspot,rule_based,14.8134,62.0442,32.4,-3.328,8,7
492,multi_hotspot,rule_based,15.5141,62.8762,32.4,-3.341,8,7
493,multi_hotspot,rule_based,16.2013,63.4351,32.4,-3.7044,8,7
494,multi_hotspot,rule_based,14.1406,61.2677,129.6,-2.6,8,0
495,multi_hotspot,rule_based,14.8594,62.262,32.4,-3.4222,8,7
496,multi_hotspot,rule_based,15.5799,62.8777,32.4,-3.2328,8,7
497,multi_hotspot,rule_based,16.2378,63.5832,32.4,-4.2778,8,7
498,multi_hotspot,rule_based,16.8349,64.2014,32.4,-4.2341,8,7
499,multi_hotspot,rule_based,14.7138,61.9955,129.6,-2.6,8,0
500,multi_hotspot,rule_based,15.5255,62.5032,32.4,-3.1789,8,7
1,alibaba_replay,q_learning,20.459,22.3781,113.4,0.0033,0,2
2,alibaba_replay,q_learning,18.5727,20.9477,129.6,0.7892,0,0
3,alibaba_replay,q_learning,17.2648,20.2704,113.4,0.5169,0,3
4,alibaba_replay,q_learning,16.8321,20.2395,85.23,0.3844,0,6
5,alibaba_replay,q_learning,15.1843,18.8116,129.6,0.7655,0,0
6,alibaba_replay,q_learning,14.1084,18.7443,113.4,0.145,0,2
7,alibaba_replay,q_learning,12.6056,17.4253,129.6,0.6462,0,0
8,alibaba_replay,q_learning,11.216,16.3065,129.6,0.5367,0,0
9,alibaba_replay,q_learning,9.9078,15.0644,129.6,0.5883,0,0
10,alibaba_replay,q_learning,8.6869,14.1315,129.6,0.4258,0,0
11,alibaba_replay,q_learning,8.0209,14.2056,113.4,0.025,0,3
12,alibaba_replay,q_learning,6.9552,13.1621,129.6,0.4681,0,0
13,alibaba_replay,q_learning,6.0728,12.1916,129.6,0.4367,0,0
14,alibaba_replay,q_learning,6.427,12.9615,85.23,-0.1131,0,6
15,alibaba_replay,q_learning,5.6192,12.1502,129.6,0.3682,0,0
16,alibaba_replay,q_learning,5.0016,11.1824,129.6,0.4545,0,0
17,alibaba_replay,q_learning,4.4812,10.6895,129.6,0.22,0,0
18,alibaba_replay,q_learning,4.5004,10.9236,113.4,-0.0533,0,2
19,alibaba_replay,q_learning,4.0546,10.2815,129.6,0.2759,0,0
20,alibaba_replay,q_learning,3.7588,9.6136,129.6,0.2981,0,0
21,alibaba_replay,q_learning,3.4934,9.1268,129.6,0.2177,0,0
22,alibaba_replay,q_learning,3.6957,10.1487,113.4,-0.4162,0,3
23,alibaba_replay,q_learning,4.0169,10.2395,113.4,0.0244,0,2
24,alibaba_replay,q_learning,4.8158,10.9177,85.23,-0.0655,0,6
25,alibaba_replay,q_learning,4.407,10.5894,129.6,0.1147,0,0
26,alibaba_replay,q_learning,4.8399,11.6599,113.4,-0.5015,0,2
27,alibaba_replay,q_learning,5.0632,11.6958,113.4,0.026,0,3
28,alibaba_replay,q_learning,4.8899,11.2718,129.6,0.1411,0,0
29,alibaba_replay,q_learning,5.9724,12.753,85.23,-0.4924,0,6
30,alibaba_replay,q_learning,6.3814,13.0693,113.4,-0.148,0,2
31,alibaba_replay,q_learning,7.4877,14.3165,85.23,-0.4336,0,6
32,alibaba_replay,q_learning,7.7996,14.9189,113.4,-0.3102,0,3
33,alibaba_replay,q_learning,7.6785,15.0527,129.6,-0.2013,0,0
34,alibaba_replay,q_learning,8.2433,16.0969,113.4,-0.599,0,2
35,alibaba_replay,q_learning,9.4475,17.541,85.23,-0.5855,0,6
36,alibaba_replay,q_learning,9.3828,17.6021,129.6,-0.2218,0,0
37,alibaba_replay,q_learning,9.4457,17.6589,129.6,-0.2344,0,0
38,alibaba_replay,q_learning,9.5783,17.7567,129.6,-0.2679,0,0
39,alibaba_replay,q_learning,9.7364,18.022,129.6,-0.3742,0,0
40,alibaba_replay,q_learning,10.3664,19.3978,113.4,-0.8133,0,1
41,alibaba_replay,q_learning,11.0672,20.9827,113.4,-0.9445,0,1
42,alibaba_replay,q_learning,11.7175,22.7139,113.4,-1.0021,0,3
43,alibaba_replay,q_learning,12.429,23.6795,113.4,-0.6907,0,2
44,alibaba_replay,q_learning,12.6301,23.7271,129.6,-0.3789,0,0
45,alibaba_replay,q_learning,12.9061,23.9546,129.6,-0.4916,0,0
46,alibaba_replay,q_learning,13.2101,24.0709,129.6,-0.4582,0,0
47,alibaba_replay,q_learning,13.5222,24.4538,129.6,-0.5915,0,0
48,alibaba_replay,q_learning,14.3418,26.0529,113.4,-1.087,0,2
49,alibaba_replay,q_learning,15.1522,26.8817,113.4,-0.7019,0,3
50,alibaba_replay,q_learning,16.7617,27.7385,85.23,-0.5203,0,6
51,alibaba_replay,q_learning,17.082,27.7654,129.6,-0.4135,0,0
52,alibaba_replay,q_learning,17.8815,29.4427,113.4,-1.1261,0,3
53,alibaba_replay,q_learning,18.6637,30.6758,113.4,-0.904,0,3
54,alibaba_replay,q_learning,18.9783,31.0196,129.6,-0.5719,0,0
55,alibaba_replay,q_learning,19.3492,31.3761,129.6,-0.5783,0,0
56,alibaba_replay,q_learning,20.1475,33.064,113.4,-1.1315,0,1
57,alibaba_replay,q_learning,20.5281,33.3261,129.6,-0.531,0,0
58,alibaba_replay,q_learning,20.8651,33.3887,129.6,-0.4313,0,0
59,alibaba_replay,q_learning,21.224,33.6676,129.6,-0.5395,0,0
60,alibaba_replay,q_learning,21.5418,33.6953,129.6,-0.4139,0,0
61,alibaba_replay,q_learning,21.9098,33.8219,129.6,-0.4633,0,0
62,alibaba_replay,q_learning,22.322,33.9814,129.6,-0.4798,0,0
63,alibaba_replay,q_learning,22.6722,34.1943,129.6,-0.5064,0,0
64,alibaba_replay,q_learning,23.0929,34.6167,129.6,-0.6112,0,0
65,alibaba_replay,q_learning,23.9586,36.3777,113.4,-2.618,3,3
66,alibaba_replay,q_learning,24.8329,37.3197,113.4,-2.0585,2,1
67,alibaba_replay,q_learning,25.1856,37.3451,129.6,-1.8627,3,0
68,alibaba_replay,q_learning,25.5497,37.271,129.6,-1.813,3,0
69,alibaba_replay,q_learning,25.9453,37.2043,129.6,-1.9667,4,0
70,alibaba_replay,q_learning,26.3009,37.3,129.6,-2.0479,4,0
71,alibaba_replay,q_learning,27.108,38.7762,113.4,-2.6256,4,3
72,alibaba_replay,q_learning,27.9383,39.7102,113.4,-2.8045,7,1
73,alibaba_replay,q_learning,28.2716,39.8448,129.6,-2.6673,8,0
74,alibaba_replay,q_learning,28.6563,40.1041,129.6,-2.713,8,0
75,alibaba_replay,q_learning,29.4603,41.3811,113.4,-3.5349,11,1
76,alibaba_replay,q_learning,30.2625,42.3747,113.4,-3.3915,11,1
77,alibaba_replay,q_learning,31.0389,43.7032,113.4,-3.8863,13,1
78,alibaba_replay,q_learning,31.3875,43.6448,129.6,-3.2719,13,0
79,alibaba_replay,q_learning,31.6845,43.2771,129.6,-3.2389,14,0
80,alibaba_replay,q_learning,32.0138,43.0297,129.6,-3.2748,14,0
81,alibaba_replay,q_learning,32.3482,42.896,129.6,-3.4577,15,0
82,alibaba_replay,q_learning,32.7012,42.7241,129.6,-3.4165,15,0
83,alibaba_replay,q_learning,33.4563,43.752,113.4,-4.0654,16,4
84,alibaba_replay,q_learning,34.2068,44.9036,113.4,-4.1737,16,4
85,alibaba_replay,q_learning,35.3332,45.1143,99.42,-4.0264,19,5
86,alibaba_replay,q_learning,36.0302,46.1009,113.4,-4.9012,22,3
87,alibaba_replay,q_learning,37.5573,45.1745,83.16,-4.1579,25,6
88,alibaba_replay,q_learning,38.1265,46.2013,113.4,-5.4052,25,4
89,alibaba_replay,q_learning,38.7054,47.5947,113.4,-5.5284,24,4
90,alibaba_replay,q_learning,39.2778,47.7677,113.4,-5.4529,28,3
91,alibaba_replay,q_learning,39.329,47.6408,129.6,-5.3979,28,0
92,alibaba_replay,q_learning,39.8126,48.2417,113.4,-5.604,28,1
93,alibaba_replay,q_learning,39.9234,47.7962,129.6,-5.1751,28,0
94,alibaba_replay,q_learning,40.0043,47.5194,129.6,-5.386,29,0
95,alibaba_replay,q_learning,40.1018,47.2882,129.6,-5.5428,30,0
96,alibaba_replay,q_learning,40.233,46.6915,129.6,-5.4904,31,0
97,alibaba_replay,q_learning,40.7492,47.9043,113.4,-6.2703,31,1
98,alibaba_replay,q_learning,41.3047,48.93,113.4,-6.1969,31,1
99,alibaba_replay,q_learning,41.7934,50.0948,113.4,-6.612,33,1
100,alibaba_replay,q_learning,41.8327,49.7892,129.6,-5.9641,33,0
101,alibaba_replay,q_learning,41.8201,49.5682,129.6,-6.1361,34,0
102,alibaba_replay,q_learning,41.8728,49.715,129.6,-6.3021,34,0
103,alibaba_replay,q_learning,41.9016,49.7109,129.6,-6.2147,34,0
104,alibaba_replay,q_learning,41.9557,49.5532,129.6,-6.1237,34,0
105,alibaba_replay,q_learning,41.9872,49.4117,129.6,-6.1202,34,0
106,alibaba_replay,q_learning,42.0022,49.0283,129.6,-5.9859,34,0
107,alibaba_replay,q_learning,42.0526,49.0007,129.6,-6.1549,34,0
108,alibaba_replay,q_learning,42.0806,48.5866,129.6,-5.8016,33,0
109,alibaba_replay,q_learning,42.1136,48.4604,129.6,-6.0856,34,0
110,alibaba_replay,q_learning,42.2051,48.6358,129.6,-6.2271,34,0
111,alibaba_replay,q_learning,42.2108,48.2876,129.6,-5.961,34,0
112,alibaba_replay,q_learning,42.2449,47.9279,129.6,-6.0968,35,0
113,alibaba_replay,q_learning,42.3081,47.833,129.6,-6.2241,35,0
114,alibaba_replay,q_learning,42.4207,47.7278,129.6,-6.2127,35,0
115,alibaba_replay,q_learning,42.5457,47.8451,129.6,-6.3179,35,0
116,alibaba_replay,q_learning,42.6135,47.5698,129.6,-6.2629,36,0
117,alibaba_replay,q_learning,42.7091,47.5407,129.6,-6.3801,36,0
118,alibaba_replay,q_learning,42.7603,47.6851,129.6,-6.4648,36,0
119,alibaba_replay,q_learning,42.8515,47.7576,129.6,-6.4236,36,0
120,alibaba_replay,q_learning,42.9057,47.7958,129.6,-6.4037,36,0
121,alibaba_replay,q_learning,42.9702,47.4492,129.6,-6.2065,36,0
122,alibaba_replay,q_learning,43.0047,47.2693,129.6,-6.2888,36,0
123,alibaba_replay,q_learning,43.0477,47.2197,129.6,-6.3535,36,0
124,alibaba_replay,q_learning,43.1266,47.3672,129.6,-6.4505,36,0
125,alibaba_replay,q_learning,43.1703,47.3024,129.6,-6.3423,36,0
126,alibaba_replay,q_learning,43.2403,47.297,129.6,-6.3712,36,0
127,alibaba_replay,q_learning,43.3017,47.3261,129.6,-6.3862,36,0
128,alibaba_replay,q_learning,43.8061,48.5948,113.4,-6.9164,36,1
129,alibaba_replay,q_learning,43.819,48.7384,129.6,-6.4626,36,0
130,alibaba_replay,q_learning,43.8349,48.6331,129.6,-6.3364,36,0
131,alibaba_replay,q_learning,43.8676,48.6953,129.6,-6.4169,36,0
132,alibaba_replay,q_learning,43.9152,48.9299,129.6,-6.5026,36,0
133,alibaba_replay,q_learning,44.4092,49.9165,113.4,-6.8078,36,1
134,alibaba_replay,q_learning,44.4409,49.9381,129.6,-6.4287,36,0
135,alibaba_replay,q_learning,44.4298,49.8509,129.6,-6.3716,36,0
136,alibaba_replay,q_learning,44.4517,49.6792,129.6,-6.325,36,0
137,alibaba_replay,q_learning,44.4392,49.4207,129.6,-6.2778,36,0
138,alibaba_replay,q_learning,44.5128,49.4826,129.6,-6.4358,36,0
139,alibaba_replay,q_learning,44.5471,49.5535,129.6,-6.4355,36,0
140,alibaba_replay,q_learning,44.9987,50.6863,113.4,-6.8992,36,1
141,alibaba_replay,q_learning,45.0022,50.3734,129.6,-6.2788,36,0
142,alibaba_replay,q_learning,44.9445,50.2363,129.6,-6.358,36,0
143,alibaba_replay,q_learning,44.9463,49.9802,129.6,-6.2896,36,0
144,alibaba_replay,q_learning,44.9261,49.7715,129.6,-6.3086,36,0
145,alibaba_replay,q_learning,44.9621,49.7899,129.6,-6.4171,36,0
146,alibaba_replay,q_learning,44.9464,49.4484,129.6,-6.2284,36,0
147,alibaba_replay,q_learning,44.9993,49.407,129.6,-6.3729,36,0
148,alibaba_replay,q_learning,45.4701,50.3338,113.4,-6.7931,36,1
149,alibaba_replay,q_learning,45.4779,50.4059,129.6,-6.467,36,0
150,alibaba_replay,q_learning,45.4551,50.3967,129.6,-6.4156,36,0
151,alibaba_replay,q_learning,45.4966,50.5356,129.6,-6.4829,36,0
152,alibaba_replay,q_learning,45.5021,50.4003,129.6,-6.3386,36,0
153,alibaba_replay,q_learning,45.537,50.4746,129.6,-6.4367,36,0
154,alibaba_replay,q_learning,45.9979,51.3794,113.4,-6.7984,36,1
155,alibaba_replay,q_learning,45.9528,51.3856,129.6,-6.4462,36,0
156,alibaba_replay,q_learning,45.9833,51.0174,129.6,-6.2458,36,0
157,alibaba_replay,q_learning,45.9549,50.8312,129.6,-6.3254,36,0
158,alibaba_replay,q_learning,45.9696,50.855,129.6,-6.4228,36,0
159,alibaba_replay,q_learning,45.9617,50.7504,129.6,-6.3486,36,0
160,alibaba_replay,q_learning,46.4031,51.6683,113.4,-6.8072,36,1
161,alibaba_replay,q_learning,46.3679,51.304,129.6,-6.2579,36,0
162,alibaba_replay,q_learning,46.3355,51.1333,129.6,-6.3403,36,0
163,alibaba_replay,q_learning,46.3316,51.0077,129.6,-6.3526,36,0
164,alibaba_replay,q_learning,46.2976,50.5452,129.6,-6.1723,36,0
165,alibaba_replay,q_learning,46.7156,51.6766,113.4,-6.9276,36,1
166,alibaba_replay,q_learning,47.5244,51.9694,99.42,-6.3862,36,5
167,alibaba_replay,q_learning,47.4386,51.7735,129.6,-6.3361,36,0
168,alibaba_replay,q_learning,48.6301,52.8922,83.16,-6.6481,36,6
169,alibaba_replay,q_learning,48.9985,53.871,113.4,-6.7802,36,4
170,alibaba_replay,q_learning,49.2806,54.8473,113.4,-6.7707,36,2
171,alibaba_replay,q_learning,49.5064,55.5847,113.4,-7.667,36,4
172,alibaba_replay,q_learning,49.8084,56.6482,113.4,-10.3733,36,4
173,alibaba_replay,q_learning,50.0441,57.2184,113.4,-10.695,36,4
174,alibaba_replay,q_learning,50.3011,57.9945,113.4,-10.7943,36,1
175,alibaba_replay,q_learning,50.549,58.6227,113.4,-10.699,36,2
176,alibaba_replay,q_learning,50.784,59.2953,113.4,-10.7841,36,4
177,alibaba_replay,q_learning,50.9594,59.8422,113.4,-10.7198,36,1
178,alibaba_replay,q_learning,51.155,60.6001,113.4,-11.3161,36,2
179,alibaba_replay,q_learning,51.2996,61.0193,113.4,-11.1984,36,4
180,alibaba_replay,q_learning,51.473,61.4152,113.4,-11.1876,36,1
181,alibaba_replay,q_learning,51.6126,62.0258,113.4,-11.2909,36,2
182,alibaba_replay,q_learning,51.7528,62.5969,113.4,-11.3203,36,4
183,alibaba_replay,q_learning,51.9011,63.1275,113.4,-11.3001,36,1
184,alibaba_replay,q_learning,52.0285,63.686,113.4,-11.319,36,2
185,alibaba_replay,q_learning,52.2025,63.937,113.4,-11.1957,36,4
186,alibaba_replay,q_learning,52.3589,64.2134,113.4,-11.2066,36,1
187,alibaba_replay,q_learning,52.5137,64.635,113.4,-11.2903,36,2
188,alibaba_replay,q_learning,52.6148,64.8845,113.4,-11.2339,36,4
189,alibaba_replay,q_learning,52.7185,65.2891,113.4,-11.3115,36,1
190,alibaba_replay,q_learning,52.8336,65.7605,113.4,-11.3538,36,2
191,alibaba_replay,q_learning,52.9399,65.9071,113.4,-11.2008,36,1
192,alibaba_replay,q_learning,52.5996,65.0969,129.6,-10.7909,36,0
193,alibaba_replay,q_learning,52.2765,64.2228,129.6,-10.7254,36,0
194,alibaba_replay,q_learning,51.9365,63.4592,129.6,-10.7461,36,0
195,alibaba_replay,q_learning,52.0735,63.9919,113.4,-11.2963,36,4
196,alibaba_replay,q_learning,52.2203,64.5647,113.4,-11.3611,36,4
197,alibaba_replay,q_learning,52.3906,64.9674,113.4,-11.281,36,1
198,alibaba_replay,q_learning,52.5339,65.269,113.4,-11.22,36,2
199,alibaba_replay,q_learning,52.6104,65.5329,113.4,-11.2367,36,4
200,alibaba_replay,q_learning,52.7108,66.0233,113.4,-11.355,36,1
201,alibaba_replay,q_learning,52.8517,66.5047,113.4,-11.3547,36,2
202,alibaba_replay,q_learning,52.933,66.6731,113.4,-11.2227,36,4
203,alibaba_replay,q_learning,53.0439,66.7092,113.4,-11.1562,36,1
204,alibaba_replay,q_learning,53.1272,66.9101,113.4,-11.2413,36,2
205,alibaba_replay,q_learning,53.1879,66.8765,113.4,-11.1439,36,4
206,alibaba_replay,q_learning,53.2874,67.0636,113.4,-11.2547,36,1
207,alibaba_replay,q_learning,53.3753,67.2875,113.4,-11.2797,36,2
208,alibaba_replay,q_learning,53.435,67.5684,113.4,-11.3257,36,1
209,alibaba_replay,q_learning,53.0856,66.9196,129.6,-10.9285,36,0
210,alibaba_replay,q_learning,52.7155,65.9318,129.6,-10.7154,36,0
211,alibaba_replay,q_learning,52.4125,65.0992,129.6,-10.7511,36,0
212,alibaba_replay,q_learning,52.04,64.1569,129.6,-10.6607,36,0
213,alibaba_replay,q_learning,52.1301,64.5995,113.4,-11.2556,36,4
214,alibaba_replay,q_learning,52.2612,64.7965,113.4,-11.1806,36,4
215,alibaba_replay,q_learning,52.3463,65.256,113.4,-11.319,36,1
216,alibaba_replay,q_learning,52.4388,65.504,113.4,-11.2032,36,2
217,alibaba_replay,q_learning,52.5194,65.7364,113.4,-11.2299,36,4
218,alibaba_replay,q_learning,52.6372,65.8714,113.4,-11.1874,36,1
219,alibaba_replay,q_learning,52.6961,65.9127,113.4,-11.1406,36,2
220,alibaba_replay,q_learning,52.7876,66.2877,113.4,-11.34,36,4
221,alibaba_replay,q_learning,52.8314,66.3005,113.4,-11.1584,36,1
222,alibaba_replay,q_learning,52.9039,66.5212,113.4,-11.2718,36,2
223,alibaba_replay,q_learning,52.9676,66.8873,113.4,-11.3706,36,4
224,alibaba_replay,q_learning,53.0057,67.0671,113.4,-11.2774,36,1
225,alibaba_replay,q_learning,53.0538,67.1576,113.4,-11.2327,36,4
226,alibaba_replay,q_learning,53.1136,67.5056,113.4,-11.3615,36,1
227,alibaba_replay,q_learning,53.1762,67.9858,113.4,-11.4276,36,2
228,alibaba_replay,q_learning,53.2269,67.9395,113.4,-11.1643,36,4
229,alibaba_replay,q_learning,53.2635,68.2405,113.4,-11.338,36,1
230,alibaba_replay,q_learning,53.2457,68.4279,113.4,-11.2812,36,2
231,alibaba_replay,q_learning,53.2482,68.4188,113.4,-11.1829,36,4
232,alibaba_replay,q_learning,53.2651,68.2833,113.4,-11.1198,36,1
233,alibaba_replay,q_learning,53.2687,68.3822,113.4,-11.237,36,2
234,alibaba_replay,q_learning,53.3124,68.6962,113.4,-11.3445,36,4
235,alibaba_replay,q_learning,53.3453,68.9263,113.4,-11.3025,36,1
236,alibaba_replay,q_learning,53.3755,69.2337,113.4,-11.3412,36,4
237,alibaba_replay,q_learning,53.3613,69.5253,113.4,-11.3333,36,2
238,alibaba_replay,q_learning,53.3619,69.502,113.4,-11.1759,36,1
239,alibaba_replay,q_learning,53.3456,69.3409,113.4,-11.1069,36,4
240,alibaba_replay,q_learning,53.341,69.7232,113.4,-11.3787,36,2
241,alibaba_replay,q_learning,53.3499,69.5356,113.4,-11.0937,36,1
242,alibaba_replay,q_learning,53.2818,69.6409,113.4,-11.2401,36,4
243,alibaba_replay,q_learning,53.221,69.6419,113.4,-11.188,36,4
244,alibaba_replay,q_learning,53.2093,69.5776,113.4,-11.1553,36,1
245,alibaba_replay,q_learning,53.1972,69.5296,113.4,-11.1635,36,2
246,alibaba_replay,q_learning,53.1607,69.5364,113.4,-11.1909,36,4
247,alibaba_replay,q_learning,53.1238,69.835,113.4,-11.3368,36,1
248,alibaba_replay,q_learning,53.1102,69.7738,113.4,-11.1569,36,2
249,alibaba_replay,q_learning,53.1055,69.9292,113.4,-11.2652,36,4
250,alibaba_replay,q_learning,53.1207,69.8547,113.4,-11.1502,36,1
251,alibaba_replay,q_learning,53.096,70.0726,113.4,-11.2965,36,4
252,alibaba_replay,q_learning,53.0751,69.9782,113.4,-11.1403,36,2
253,alibaba_replay,q_learning,53.0294,70.0914,113.4,-11.2441,36,1
254,alibaba_replay,q_learning,52.9638,70.1078,113.4,-11.1957,36,4
255,alibaba_replay,q_learning,52.9618,70.0523,113.4,-11.1598,36,4
256,alibaba_replay,q_learning,52.8868,70.062,113.4,-11.6923,36,1
257,alibaba_replay,q_learning,52.8384,70.1745,113.4,-11.2437,36,2
258,alibaba_replay,q_learning,52.776,70.2186,113.4,-11.7095,36,4
259,alibaba_replay,q_learning,52.6994,70.1514,113.4,-11.1539,36,1
260,alibaba_replay,q_learning,52.6708,70.3577,113.4,-11.7906,36,4
261,alibaba_replay,q_learning,52.637,70.2721,113.4,-11.6447,36,2
262,alibaba_replay,q_learning,52.6295,70.2983,113.4,-11.2006,36,1
263,alibaba_replay,q_learning,52.5891,70.2668,113.4,-11.1717,36,4
264,alibaba_replay,q_learning,52.5056,70.197,113.4,-11.6526,36,4
265,alibaba_replay,q_learning,52.4782,70.2855,113.4,-11.7318,36,1
266,alibaba_replay,q_learning,52.424,70.3561,113.4,-11.2228,36,2
267,alibaba_replay,q_learning,52.3733,70.3426,113.4,-11.6808,36,4
268,alibaba_replay,q_learning,52.3429,70.3542,113.4,-11.1933,36,1
269,alibaba_replay,q_learning,52.3024,70.3666,113.4,-11.1937,36,2
270,alibaba_replay,q_learning,52.2296,70.5471,113.4,-11.7777,36,4
271,alibaba_replay,q_learning,52.2024,70.7637,113.4,-11.2958,36,1
272,alibaba_replay,q_learning,52.0917,70.6298,113.4,-11.1205,36,4
273,alibaba_replay,q_learning,51.9933,70.5845,113.4,-11.6649,36,4
274,alibaba_replay,q_learning,51.4919,69.4171,129.6,-11.2163,36,0
275,alibaba_replay,q_learning,51.8116,68.6074,99.18,-11.1839,36,5
276,alibaba_replay,q_learning,51.2592,67.2034,129.6,-11.098,36,0
277,alibaba_replay,q_learning,51.1866,67.4844,113.4,-11.828,36,2
278,alibaba_replay,q_learning,51.1165,67.209,113.4,-11.0498,36,1
279,alibaba_replay,q_learning,50.968,67.1063,113.4,-11.1362,36,4
280,alibaba_replay,q_learning,50.9058,67.3347,113.4,-11.6517,35,4
281,alibaba_replay,q_learning,50.7999,67.3024,113.4,-11.5213,35,2
282,alibaba_replay,q_learning,50.7029,67.1523,113.4,-11.6125,36,2
283,alibaba_replay,q_learning,50.61,67.6035,113.4,-11.9131,36,1
284,alibaba_replay,q_learning,50.511,67.6873,113.4,-11.5794,35,4
285,alibaba_replay,q_learning,50.4066,67.6155,113.4,-11.3516,34,2
286,alibaba_replay,q_learning,50.3152,68.0562,113.4,-11.4078,36,1
287,alibaba_replay,q_learning,50.2026,67.9497,113.4,-11.4843,35,4
288,alibaba_replay,q_learning,50.1247,68.103,113.4,-11.4641,34,4
289,alibaba_replay,q_learning,50.0987,68.1161,113.4,-11.3941,34,2
290,alibaba_replay,q_learning,49.9882,68.1903,113.4,-11.9246,34,2
291,alibaba_replay,q_learning,49.8185,67.9708,113.4,-11.6278,33,2
292,alibaba_replay,q_learning,49.2306,66.8849,129.6,-10.807,33,0
293,alibaba_replay,q_learning,48.6463,65.853,129.6,-10.8341,33,0
294,alibaba_replay,q_learning,48.5574,63.1248,113.4,-9.2375,33,3
295,alibaba_replay,q_learning,47.9896,62.1137,129.6,-9.8445,33,0
296,alibaba_replay,q_learning,47.402,61.1999,129.6,-8.8931,33,0
297,alibaba_replay,q_learning,47.2815,58.7376,113.4,-8.2113,33,3
298,alibaba_replay,q_learning,46.679,57.8848,129.6,-7.893,33,0
299,alibaba_replay,q_learning,46.6001,57.8748,113.4,-8.1277,33,3
300,alibaba_replay,q_learning,47.3126,56.4347,85.23,-6.8243,34,6
301,alibaba_replay,q_learning,47.1528,56.8699,113.4,-7.9149,34,1
302,alibaba_replay,q_learning,46.9772,57.5944,113.4,-8.1381,34,4
303,alibaba_replay,q_learning,46.7866,57.9623,113.4,-8.4215,33,4
304,alibaba_replay,q_learning,46.6036,58.6101,113.4,-9.0614,33,2
305,alibaba_replay,q_learning,46.3931,58.9338,113.4,-9.3994,33,2
306,alibaba_replay,q_learning,46.2063,56.5091,113.4,-7.7375,33,3
307,alibaba_replay,q_learning,45.9861,57.1144,113.4,-8.7402,31,4
308,alibaba_replay,q_learning,45.7728,57.6681,113.4,-9.2143,31,4
309,alibaba_replay,q_learning,45.544,58.0831,113.4,-8.845,29,4
310,alibaba_replay,q_learning,45.3542,58.8636,113.4,-8.8777,28,4
311,alibaba_replay,q_learning,45.2129,59.2655,113.4,-9.8885,26,4
312,alibaba_replay,q_learning,44.9932,59.2957,113.4,-8.3526,27,1
313,alibaba_replay,q_learning,44.7565,59.8174,113.4,-8.4484,26,4
314,alibaba_replay,q_learning,44.5243,57.5748,113.4,-7.3375,27,3
315,alibaba_replay,q_learning,44.291,58.1599,113.4,-8.98,26,4
316,alibaba_replay,q_learning,44.0887,58.3637,113.4,-9.0894,28,1
317,alibaba_replay,q_learning,43.8735,56.2766,113.4,-7.1375,29,3
318,alibaba_replay,q_learning,43.6309,56.8698,113.4,-8.6341,27,4
319,alibaba_replay,q_learning,42.8826,56.4358,129.6,-7.733,27,0
320,alibaba_replay,q_learning,42.1866,55.4079,129.6,-6.2861,26,0
321,alibaba_replay,q_learning,41.5104,54.8435,129.6,-4.8678,25,0
322,alibaba_replay,q_learning,40.8201,54.1718,129.6,-4.8142,25,0
323,alibaba_replay,q_learning,40.1734,53.6748,129.6,-4.4515,22,0
324,alibaba_replay,q_learning,40.3406,53.9167,99.42,-4.7614,23,5
325,alibaba_replay,q_learning,40.4751,53.905,99.42,-4.7845,24,5
326,alibaba_replay,q_learning,39.7435,53.3514,129.6,-4.5732,23,0
327,alibaba_replay,q_learning,39.016,52.6852,129.6,-4.5169,23,0
328,alibaba_replay,q_learning,38.2856,52.1412,129.6,-4.428,22,0
329,alibaba_replay,q_learning,37.5583,51.6316,129.6,-4.4452,22,0
330,alibaba_replay,q_learning,36.8427,51.171,129.6,-4.3197,21,0
331,alibaba_replay,q_learning,36.098,50.8064,129.6,-4.2177,20,0
332,alibaba_replay,q_learning,35.4033,50.0875,129.6,-3.8906,19,0
333,alibaba_replay,q_learning,34.7288,49.7484,129.6,-3.9305,18,0
334,alibaba_replay,q_learning,34.0268,49.2187,129.6,-3.6851,17,0
335,alibaba_replay,q_learning,33.3276,48.7054,129.6,-3.6933,17,0
336,alibaba_replay,q_learning,32.6694,48.2026,129.6,-3.6986,17,0
337,alibaba_replay,q_learning,31.9779,47.8048,129.6,-3.4511,15,0
338,alibaba_replay,q_learning,31.3104,47.3865,129.6,-3.2909,14,0
339,alibaba_replay,q_learning,30.6079,46.7599,129.6,-3.1867,14,0
340,alibaba_replay,q_learning,29.9405,46.2001,129.6,-3.2201,14,0
341,alibaba_replay,q_learning,29.2526,45.698,129.6,-3.099,13,0
342,alibaba_replay,q_learning,29.0366,46.4439,113.4,-3.4604,12,2
343,alibaba_replay,q_learning,28.3268,46.071,129.6,-2.8636,11,0
344,alibaba_replay,q_learning,27.65,45.4689,129.6,-2.7489,11,0
345,alibaba_replay,q_learning,27.009,44.9832,129.6,-2.8072,11,0
346,alibaba_replay,q_learning,26.3381,44.4305,129.6,-2.7737,11,0
347,alibaba_replay,q_learning,25.6562,43.7805,129.6,-2.275,8,0
348,alibaba_replay,q_learning,25.0078,42.9314,129.6,-2.0254,7,0
349,alibaba_replay,q_learning,24.3845,41.9166,129.6,-1.6426,5,0
350,alibaba_replay,q_learning,24.165,39.2413,113.4,-0.8875,4,3
351,alibaba_replay,q_learning,23.9625,37.0668,113.4,-1.0375,5,3
352,alibaba_replay,q_learning,23.6952,36.3653,113.4,-1.5368,4,3
353,alibaba_replay,q_learning,23.3791,36.4563,113.4,-1.933,4,2
354,alibaba_replay,q_learning,23.0301,35.6508,113.4,-1.0347,1,1
355,alibaba_replay,q_learning,22.7044,34.3866,113.4,0.3446,0,3
356,alibaba_replay,q_learning,21.8842,33.2466,129.6,0.17,0,0
357,alibaba_replay,q_learning,21.0931,32.3305,129.6,0.0581,0,0
358,alibaba_replay,q_learning,20.7586,32.4106,113.4,-0.3275,0,2
359,alibaba_replay,q_learning,21.2645,33.2902,83.16,-0.5173,0,6
360,alibaba_replay,q_learning,20.4097,32.5471,129.6,-0.0285,0,0
361,alibaba_replay,q_learning,19.6563,31.706,129.6,0.0205,0,0
362,alibaba_replay,q_learning,18.8605,30.7448,129.6,0.0806,0,0
363,alibaba_replay,q_learning,18.0299,29.8943,129.6,0.0253,0,0
364,alibaba_replay,q_learning,17.2476,28.971,129.6,0.0617,0,0
365,alibaba_replay,q_learning,16.9006,29.1689,113.4,-0.3865,0,3
366,alibaba_replay,q_learning,16.0924,28.2365,129.6,0.0662,0,0
367,alibaba_replay,q_learning,15.2671,27.1747,129.6,0.1309,0,0
368,alibaba_replay,q_learning,14.4188,25.8106,129.6,0.2821,0,0
369,alibaba_replay,q_learning,13.6445,24.7491,129.6,0.1307,0,0
370,alibaba_replay,q_learning,12.921,23.8671,129.6,0.041,0,0
371,alibaba_replay,q_learning,12.1713,22.8578,129.6,0.1046,0,0
372,alibaba_replay,q_learning,11.4751,22.1256,129.6,-0.0333,0,0
373,alibaba_replay,q_learning,11.9896,22.3983,85.23,-0.1843,0,6
374,alibaba_replay,q_learning,11.2457,21.6887,129.6,0.0023,0,0
375,alibaba_replay,q_learning,10.5434,20.7646,129.6,0.1241,0,0
376,alibaba_replay,q_learning,9.8404,19.7049,129.6,0.2134,0,0
377,alibaba_replay,q_learning,9.1727,18.8666,129.6,0.1181,0,0
378,alibaba_replay,q_learning,8.5617,18.0349,129.6,0.1282,0,0
379,alibaba_replay,q_learning,8.3663,17.9443,113.4,-0.102,0,3
380,alibaba_replay,q_learning,8.276,18.0756,113.4,-0.2213,0,2
381,alibaba_replay,q_learning,7.6557,16.9312,129.6,0.3225,0,0
382,alibaba_replay,q_learning,7.0578,16.1392,129.6,0.1622,0,0
383,alibaba_replay,q_learning,6.3987,15.1605,129.6,0.2755,0,0
384,alibaba_replay,q_learning,6.2443,15.1697,113.4,-0.0753,0,3
385,alibaba_replay,q_learning,5.6703,14.1924,129.6,0.327,0,0
386,alibaba_replay,q_learning,5.1236,13.0016,129.6,0.462,0,0
387,alibaba_replay,q_learning,4.6217,11.8406,129.6,0.4696,0,0
388,alibaba_replay,q_learning,4.1993,10.8625,129.6,0.4051,0,0
389,alibaba_replay,q_learning,3.7951,10.2564,129.6,0.2408,0,0
390,alibaba_replay,q_learning,3.4296,9.796,129.6,0.1875,0,0
391,alibaba_replay,q_learning,3.551,10.3255,113.4,-0.1937,0,2
392,alibaba_replay,q_learning,3.0771,9.6545,129.6,0.3094,0,0
393,alibaba_replay,q_learning,2.6919,9.211,129.6,0.2132,0,0
394,alibaba_replay,q_learning,2.3893,8.5848,129.6,0.3194,0,0
395,alibaba_replay,q_learning,2.1219,7.8506,129.6,0.3871,0,0
396,alibaba_replay,q_learning,1.893,7.5114,129.6,0.201,0,0
397,alibaba_replay,q_learning,1.6455,6.977,129.6,0.3108,0,0
398,alibaba_replay,q_learning,1.4162,6.3615,129.6,0.3618,0,0
399,alibaba_replay,q_learning,1.1933,5.8903,129.6,0.2991,0,0
400,alibaba_replay,q_learning,1.0102,5.4045,129.6,0.3136,0,0
401,alibaba_replay,q_learning,0.835,5.0858,129.6,0.2363,0,0
402,alibaba_replay,q_learning,0.6891,4.7304,129.6,0.2591,0,0
403,alibaba_replay,q_learning,0.5571,4.4793,129.6,0.2116,0,0
404,alibaba_replay,q_learning,0.4531,3.9578,129.6,0.3501,0,0
405,alibaba_replay,q_learning,0.3375,3.4339,129.6,0.3543,0,0
406,alibaba_replay,q_learning,0.2413,3.0737,129.6,0.2744,0,0
407,alibaba_replay,q_learning,0.1792,2.5003,129.6,0.383,0,0
408,alibaba_replay,q_learning,0.3547,3.1675,113.4,-0.1247,0,2
409,alibaba_replay,q_learning,0.1452,2.5781,129.6,0.3923,0,0
410,alibaba_replay,q_learning,0.0929,2.2112,129.6,0.2819,0,0
411,alibaba_replay,q_learning,0.1865,1.6405,99.42,0.5934,0,5
412,alibaba_replay,q_learning,0.2706,2.217,113.4,-0.0785,0,3
413,alibaba_replay,q_learning,0.2758,2.7029,99.42,0.0636,0,5
414,alibaba_replay,q_learning,0.2664,1.8609,99.18,0.7302,0,5
415,alibaba_replay,q_learning,0.2857,1.3066,99.18,0.5867,0,5
416,alibaba_replay,q_learning,0.3134,1.3014,99.42,0.3103,0,5
417,alibaba_replay,q_learning,0.3176,1.3346,99.18,0.2924,0,5
418,alibaba_replay,q_learning,0.5566,2.0674,85.23,0.0382,0,6
419,alibaba_replay,q_learning,0.7916,2.7555,85.23,0.0576,0,6
420,alibaba_replay,q_learning,0.9954,3.6381,83.16,-0.0285,0,6
421,alibaba_replay,q_learning,0.8189,3.4353,113.4,0.3046,0,2
422,alibaba_replay,q_learning,0.7087,2.8982,99.66,0.5685,0,5
423,alibaba_replay,q_learning,0.8929,3.0748,85.23,0.3098,0,6
424,alibaba_replay,q_learning,0.7227,3.4462,113.4,0.0162,0,4
425,alibaba_replay,q_learning,0.613,3.3818,99.18,0.334,0,5
426,alibaba_replay,q_learning,0.7216,4.223,99.66,-0.1249,0,5
427,alibaba_replay,q_learning,0.7106,5.0498,113.4,-0.2128,0,3
428,alibaba_replay,q_learning,0.7312,4.4272,99.18,0.6102,0,5
429,alibaba_replay,q_learning,0.7729,5.1694,99.18,-0.0745,0,5
430,alibaba_replay,q_learning,0.8824,5.9085,113.4,-0.1747,0,3
431,alibaba_replay,q_learning,0.9595,4.7211,113.4,0.789,0,2
432,alibaba_replay,q_learning,0.9867,6.2564,113.4,-0.5751,0,3
433,alibaba_replay,q_learning,1.0856,5.9428,99.18,0.4479,0,5
434,alibaba_replay,q_learning,1.2064,5.7525,99.18,0.3822,0,5
435,alibaba_replay,q_learning,1.2578,4.9524,99.18,0.6839,0,5
436,alibaba_replay,q_learning,0.9256,4.8131,129.6,0.1454,0,0
437,alibaba_replay,q_learning,0.9806,5.5955,99.18,-0.1068,0,5
438,alibaba_replay,q_learning,0.9019,5.5508,113.4,0.2169,0,3
439,alibaba_replay,q_learning,0.9239,4.759,99.18,0.6883,0,5
440,alibaba_replay,q_learning,0.9568,5.536,99.18,-0.0984,0,5
441,alibaba_replay,q_learning,0.8077,4.7938,113.4,0.5672,0,3
442,alibaba_replay,q_learning,0.793,4.6217,99.18,0.3812,0,5
443,alibaba_replay,q_learning,0.7689,4.4502,113.4,0.2835,0,3
444,alibaba_replay,q_learning,0.7247,3.7608,99.18,0.6423,0,5
445,alibaba_replay,q_learning,0.6806,4.4534,99.66,-0.0519,0,5
446,alibaba_replay,q_learning,0.652,4.5333,99.18,0.2578,0,5
447,alibaba_replay,q_learning,0.3784,4.0987,129.6,0.3079,0,0
448,alibaba_replay,q_learning,0.2315,3.4989,129.6,0.3935,0,0
449,alibaba_replay,q_learning,0.1694,3.2503,129.6,0.2195,0,0
450,alibaba_replay,q_learning,0.1413,2.8732,129.6,0.2851,0,0
451,alibaba_replay,q_learning,0.1937,2.3295,99.18,0.5805,0,5
452,alibaba_replay,q_learning,0.256,2.8245,113.4,-0.038,0,3
453,alibaba_replay,q_learning,0.2871,2.1362,99.18,0.653,0,5
454,alibaba_replay,q_learning,0.1016,1.5137,129.6,0.4103,0,0
455,alibaba_replay,q_learning,0.0438,0.8332,129.6,0.44,0,0
456,alibaba_replay,q_learning,0.0035,0.0892,129.6,0.472,0,0
457,alibaba_replay,q_learning,0.0659,0.7495,99.18,-0.0192,0,5
458,alibaba_replay,q_learning,0.1818,0.9441,113.4,0.1144,0,3
459,alibaba_replay,q_learning,0.035,0.6217,129.6,0.261,0,0
460,alibaba_replay,q_learning,0.0055,0.1988,129.6,0.3115,0,0
461,alibaba_replay,q_learning,0.0821,0.7487,99.18,0.0359,0,5
462,alibaba_replay,q_learning,0.4233,1.7491,85.23,-0.0942,0,6
463,alibaba_replay,q_learning,0.6461,2.19,87.48,0.167,0,6
464,alibaba_replay,q_learning,0.6015,2.559,113.4,0.0217,0,2
465,alibaba_replay,q_learning,0.6614,3.1606,113.4,-0.0961,0,4
466,alibaba_replay,q_learning,0.4902,2.8941,113.4,0.3403,0,3
467,alibaba_replay,q_learning,0.241,2.0203,129.6,0.5344,0,0
468,alibaba_replay,q_learning,0.6003,2.4204,85.23,0.2036,0,6
469,alibaba_replay,q_learning,0.5777,2.4093,113.4,0.2126,0,2
470,alibaba_replay,q_learning,0.9048,3.1883,85.23,0.0089,0,6
471,alibaba_replay,q_learning,0.6222,2.4757,113.4,0.5636,0,3
472,alibaba_replay,q_learning,0.5634,2.1835,99.42,0.4511,0,5
473,alibaba_replay,q_learning,0.5525,2.6337,113.4,-0.0188,0,2
474,alibaba_replay,q_learning,0.7715,2.7206,85.23,0.3568,0,6
475,alibaba_replay,q_learning,0.9483,3.5082,85.23,0.0048,0,6
476,alibaba_replay,q_learning,1.1484,3.373,83.16,0.4799,0,6
477,alibaba_replay,q_learning,0.9906,3.1822,99.42,0.3955,0,5
478,alibaba_replay,q_learning,1.2039,3.8904,85.23,0.0426,0,6
479,alibaba_replay,q_learning,1.3128,4.2826,113.4,-0.002,0,2
480,alibaba_replay,q_learning,1.6398,5.6695,87.48,-0.3279,0,6
481,alibaba_replay,q_learning,1.8249,6.6394,99.66,-0.2104,0,5
482,alibaba_replay,q_learning,1.7559,5.9945,113.4,0.4991,0,3
483,alibaba_replay,q_learning,1.4388,5.8637,129.6,0.131,0,0
484,alibaba_replay,q_learning,1.224,5.5037,129.6,0.2498,0,0
485,alibaba_replay,q_learning,1.7036,6.4342,85.23,-0.0961,0,6
486,alibaba_replay,q_learning,2.1598,7.2297,87.48,-0.0514,0,6
487,alibaba_replay,q_learning,1.6897,6.8483,129.6,0.2486,0,0
488,alibaba_replay,q_learning,1.6662,7.4207,113.4,-0.1173,0,3
489,alibaba_replay,q_learning,1.3543,6.6679,129.6,0.4406,0,0
490,alibaba_replay,q_learning,1.1189,6.1211,129.6,0.3429,0,0
491,alibaba_replay,q_learning,0.9471,5.2683,129.6,0.5009,0,0
492,alibaba_replay,q_learning,0.7753,4.9231,129.6,0.2513,0,0
493,alibaba_replay,q_learning,0.9825,5.2409,113.4,0.0305,0,3
494,alibaba_replay,q_learning,0.7301,4.8244,129.6,0.2885,0,0
495,alibaba_replay,q_learning,0.6161,4.0658,129.6,0.4637,0,0
496,alibaba_replay,q_learning,1.1307,4.7765,85.23,0.0328,0,6
497,alibaba_replay,q_learning,1.1699,5.2658,113.4,-0.0552,0,3
498,alibaba_replay,q_learning,0.8105,4.5298,129.6,0.4494,0,0
499,alibaba_replay,q_learning,0.6257,3.6544,129.6,0.5242,0,0
500,alibaba_replay,q_learning,1.0849,4.4518,87.48,-0.0235,0,6
1,workload_burst,q_learning,19.005,20.0313,129.6,1.082,0,0
2,workload_burst,q_learning,16.1854,17.2549,129.6,1.0981,0,0
3,workload_burst,q_learning,13.5458,14.7247,129.6,1.0982,0,0
4,workload_burst,q_learning,11.0353,12.1591,129.6,1.0984,0,0
5,workload_burst,q_learning,8.6406,9.755,129.6,1.0984,0,0
6,workload_burst,q_learning,6.3804,7.6229,129.6,1.0982,0,0
7,workload_burst,q_learning,4.2127,5.2771,129.6,1.0986,0,0
8,workload_burst,q_learning,2.1806,3.4062,129.6,1.034,0,0
9,workload_burst,q_learning,0.2805,1.1933,129.6,1.0992,0,0
10,workload_burst,q_learning,0.0,0.0,129.6,0.6967,0,0
11,workload_burst,q_learning,0.0,0.0,129.6,0.1,0,0
12,workload_burst,q_learning,0.0,0.0,129.6,0.1,0,0
13,workload_burst,q_learning,0.0,0.0,129.6,0.1,0,0
14,workload_burst,q_learning,0.0,0.0,129.6,0.1,0,0
15,workload_burst,q_learning,0.0,0.0,129.6,0.1,0,0
16,workload_burst,q_learning,0.0,0.0,129.6,0.1,0,0
17,workload_burst,q_learning,0.0,0.0,129.6,0.1,0,0
18,workload_burst,q_learning,0.0,0.0,129.6,0.1,0,0
19,workload_burst,q_learning,0.0,0.0,129.6,0.1,0,0
20,workload_burst,q_learning,0.3094,2.0413,129.6,-0.9034,0,0
21,workload_burst,q_learning,0.3735,2.056,129.6,0.0879,0,0
22,workload_burst,q_learning,0.3898,2.9163,129.6,-0.3362,0,0
23,workload_burst,q_learning,0.3551,1.9452,129.6,0.5822,0,0
24,workload_burst,q_learning,0.5184,3.812,129.6,-0.8443,0,0
25,workload_burst,q_learning,0.4693,3.5798,129.6,0.2088,0,0
26,workload_burst,q_learning,0.7188,3.7322,87.48,0.3048,0,6
27,workload_burst,q_learning,0.4622,2.453,129.6,0.7345,0,0
28,workload_burst,q_learning,0.509,3.9549,129.6,-0.6624,0,0
29,workload_burst,q_learning,0.3563,1.7262,129.6,1.0969,0,0
30,workload_burst,q_learning,0.5736,2.8664,99.66,-0.2706,0,5
31,workload_burst,q_learning,0.3364,2.1658,129.6,0.4474,0,0
32,workload_burst,q_learning,0.3915,2.3667,129.6,-0.0055,0,0
33,workload_burst,q_learning,0.5929,3.6182,129.6,-0.5382,0,0
34,workload_burst,q_learning,0.5739,2.5065,129.6,0.6496,0,0
35,workload_burst,q_learning,0.0145,0.3155,129.6,1.1,0,0
36,workload_burst,q_learning,0.0,0.0,129.6,0.2577,0,0
37,workload_burst,q_learning,0.0,0.0,129.6,0.1,0,0
38,workload_burst,q_learning,0.0,0.0,129.6,0.1,0,0
39,workload_burst,q_learning,0.0,0.0,129.6,0.1,0,0
40,workload_burst,q_learning,0.0,0.0,129.6,0.1,0,0
41,workload_burst,q_learning,0.0,0.0,129.6,0.1,0,0
42,workload_burst,q_learning,0.0,0.0,129.6,0.1,0,0
43,workload_burst,q_learning,0.0,0.0,129.6,0.1,0,0
44,workload_burst,q_learning,0.0,0.0,129.6,0.1,0,0
45,workload_burst,q_learning,0.0,0.0,129.6,0.1,0,0
46,workload_burst,q_learning,0.0,0.0,129.6,0.1,0,0
47,workload_burst,q_learning,0.0,0.0,129.6,0.1,0,0
48,workload_burst,q_learning,0.0,0.0,129.6,0.1,0,0
49,workload_burst,q_learning,0.0,0.0,129.6,0.1,0,0
50,workload_burst,q_learning,0.0,0.0,129.6,0.1,0,0
51,workload_burst,q_learning,0.0,0.0,129.6,0.1,0,0
52,workload_burst,q_learning,0.0,0.0,129.6,0.1,0,0
53,workload_burst,q_learning,0.0,0.0,129.6,0.1,0,0
54,workload_burst,q_learning,0.0,0.0,129.6,0.1,0,0
55,workload_burst,q_learning,0.0,0.0,129.6,0.1,0,0
56,workload_burst,q_learning,0.0,0.0,129.6,0.1,0,0
57,workload_burst,q_learning,0.0,0.0,129.6,0.1,0,0
58,workload_burst,q_learning,0.0,0.0,129.6,0.1,0,0
59,workload_burst,q_learning,0.0,0.0,129.6,0.1,0,0
60,workload_burst,q_learning,0.0,0.0,129.6,0.1,0,0
61,workload_burst,q_learning,0.0,0.0,129.6,0.1,0,0
62,workload_burst,q_learning,0.0,0.0,129.6,0.1,0,0
63,workload_burst,q_learning,0.0,0.0,129.6,0.1,0,0
64,workload_burst,q_learning,0.0,0.0,129.6,0.1,0,0
65,workload_burst,q_learning,0.0,0.0,129.6,0.1,0,0
66,workload_burst,q_learning,0.0,0.0,129.6,0.1,0,0
67,workload_burst,q_learning,0.0,0.0,129.6,0.1,0,0
68,workload_burst,q_learning,0.0,0.0,129.6,0.1,0,0
69,workload_burst,q_learning,0.0,0.0,129.6,0.1,0,0
70,workload_burst,q_learning,0.3308,1.9379,129.6,-0.8728,0,0
71,workload_burst,q_learning,0.6814,3.7846,99.66,-0.6298,0,5
72,workload_burst,q_learning,0.5789,4.6428,129.6,-0.3395,0,0
73,workload_burst,q_learning,0.6917,5.8902,129.6,-0.5447,0,0
74,workload_burst,q_learning,0.625,3.7353,129.6,1.091,0,0
75,workload_burst,q_learning,0.4808,2.4782,129.6,0.7222,0,0
76,workload_burst,q_learning,0.8496,4.9703,87.48,-0.6252,0,6
77,workload_burst,q_learning,0.6786,4.9829,129.6,0.0783,0,0
78,workload_burst,q_learning,0.6447,5.2379,129.6,-0.0425,0,0
79,workload_burst,q_learning,0.3746,3.7669,113.4,0.9404,0,2
80,workload_burst,q_learning,0.4676,3.8011,129.6,0.0753,0,0
81,workload_burst,q_learning,0.3594,2.2013,129.6,0.8958,0,0
82,workload_burst,q_learning,0.4653,4.0902,129.6,-0.8537,0,0
83,workload_burst,q_learning,0.4884,4.5005,129.6,-0.1171,0,0
84,workload_burst,q_learning,0.7623,5.9315,129.6,-0.6394,0,0
85,workload_burst,q_learning,0.2923,3.8297,129.6,1.0928,0,0
86,workload_burst,q_learning,0.0729,1.8758,129.6,1.0759,0,0
87,workload_burst,q_learning,0.0,0.0,129.6,1.0379,0,0
88,workload_burst,q_learning,0.0,0.0,129.6,0.1,0,0
89,workload_burst,q_learning,0.0,0.0,129.6,0.1,0,0
90,workload_burst,q_learning,0.0,0.0,129.6,0.1,0,0
91,workload_burst,q_learning,0.0,0.0,129.6,0.1,0,0
92,workload_burst,q_learning,0.0,0.0,129.6,0.1,0,0
93,workload_burst,q_learning,0.0,0.0,129.6,0.1,0,0
94,workload_burst,q_learning,0.0,0.0,129.6,0.1,0,0
95,workload_burst,q_learning,0.0,0.0,129.6,0.1,0,0
96,workload_burst,q_learning,0.0,0.0,129.6,0.1,0,0
97,workload_burst,q_learning,0.0,0.0,129.6,0.1,0,0
98,workload_burst,q_learning,0.0,0.0,129.6,0.1,0,0
99,workload_burst,q_learning,0.0,0.0,129.6,0.1,0,0
100,workload_burst,q_learning,0.0,0.0,129.6,0.1,0,0
101,workload_burst,q_learning,0.0,0.0,129.6,0.1,0,0
102,workload_burst,q_learning,0.0,0.0,129.6,0.1,0,0
103,workload_burst,q_learning,0.0,0.0,129.6,0.1,0,0
104,workload_burst,q_learning,0.0,0.0,129.6,0.1,0,0
105,workload_burst,q_learning,0.0,0.0,129.6,0.1,0,0
106,workload_burst,q_learning,0.0,0.0,129.6,0.1,0,0
107,workload_burst,q_learning,0.0,0.0,129.6,0.1,0,0
108,workload_burst,q_learning,0.0,0.0,129.6,0.1,0,0
109,workload_burst,q_learning,0.0,0.0,129.6,0.1,0,0
110,workload_burst,q_learning,0.0,0.0,129.6,0.1,0,0
111,workload_burst,q_learning,0.0,0.0,129.6,0.1,0,0
112,workload_burst,q_learning,0.0,0.0,129.6,0.1,0,0
113,workload_burst,q_learning,0.0,0.0,129.6,0.1,0,0
114,workload_burst,q_learning,0.0,0.0,129.6,0.1,0,0
115,workload_burst,q_learning,0.0,0.0,129.6,0.1,0,0
116,workload_burst,q_learning,0.0,0.0,129.6,0.1,0,0
117,workload_burst,q_learning,0.0,0.0,129.6,0.1,0,0
118,workload_burst,q_learning,0.0,0.0,129.6,0.1,0,0
119,workload_burst,q_learning,0.0,0.0,129.6,0.1,0,0
120,workload_burst,q_learning,0.33,2.226,129.6,-0.9038,0,0
121,workload_burst,q_learning,0.5046,3.2746,129.6,-0.4334,0,0
122,workload_burst,q_learning,0.5096,3.2377,129.6,0.1108,0,0
123,workload_burst,q_learning,0.418,2.9357,129.6,0.245,0,0
124,workload_burst,q_learning,0.4789,3.0658,129.6,0.0282,0,0
125,workload_burst,q_learning,0.5237,4.1463,129.6,-0.4514,0,0
126,workload_burst,q_learning,0.4544,2.3795,129.6,0.9775,0,0
127,workload_burst,q_learning,0.9328,4.225,87.48,-0.5506,0,6
128,workload_burst,q_learning,1.2235,5.8694,85.23,-0.4468,0,6
129,workload_burst,q_learning,1.3277,7.3622,129.6,-0.6995,0,0
130,workload_burst,q_learning,1.5852,9.3188,113.4,-0.848,0,1
131,workload_burst,q_learning,1.8775,10.2722,99.66,-0.2583,0,5
132,workload_burst,q_learning,1.7443,11.5829,129.6,-0.6321,0,0
133,workload_burst,q_learning,1.4866,8.8083,129.6,1.0434,0,0
134,workload_burst,q_learning,1.3468,8.6398,129.6,0.14,0,0
135,workload_burst,q_learning,0.5993,5.9907,129.6,1.0833,0,0
136,workload_burst,q_learning,0.1676,3.7372,129.6,1.0956,0,0
137,workload_burst,q_learning,0.0458,1.5983,129.6,1.0993,0,0
138,workload_burst,q_learning,0.0,0.0,129.6,0.8991,0,0
139,workload_burst,q_learning,0.0,0.0,129.6,0.1,0,0
140,workload_burst,q_learning,0.0,0.0,129.6,0.1,0,0
141,workload_burst,q_learning,0.0,0.0,129.6,0.1,0,0
142,workload_burst,q_learning,0.0,0.0,129.6,0.1,0,0
143,workload_burst,q_learning,0.0,0.0,129.6,0.1,0,0
144,workload_burst,q_learning,0.0,0.0,129.6,0.1,0,0
145,workload_burst,q_learning,0.0,0.0,129.6,0.1,0,0
146,workload_burst,q_learning,0.0,0.0,129.6,0.1,0,0
147,workload_burst,q_learning,0.0,0.0,129.6,0.1,0,0
148,workload_burst,q_learning,0.0,0.0,129.6,0.1,0,0
149,workload_burst,q_learning,0.0,0.0,129.6,0.1,0,0
150,workload_burst,q_learning,0.0,0.0,129.6,0.1,0,0
151,workload_burst,q_learning,0.0,0.0,129.6,0.1,0,0
152,workload_burst,q_learning,0.0,0.0,129.6,0.1,0,0
153,workload_burst,q_learning,0.0,0.0,129.6,0.1,0,0
154,workload_burst,q_learning,0.0,0.0,129.6,0.1,0,0
155,workload_burst,q_learning,0.0,0.0,129.6,0.1,0,0
156,workload_burst,q_learning,0.0,0.0,129.6,0.1,0,0
157,workload_burst,q_learning,0.0,0.0,129.6,0.1,0,0
158,workload_burst,q_learning,0.0,0.0,129.6,0.1,0,0
159,workload_burst,q_learning,0.0,0.0,129.6,0.1,0,0
160,workload_burst,q_learning,0.0,0.0,129.6,0.1,0,0
161,workload_burst,q_learning,0.0,0.0,129.6,0.1,0,0
162,workload_burst,q_learning,0.0,0.0,129.6,0.1,0,0
163,workload_burst,q_learning,0.0,0.0,129.6,0.1,0,0
164,workload_burst,q_learning,0.0,0.0,129.6,0.1,0,0
165,workload_burst,q_learning,0.0,0.0,129.6,0.1,0,0
166,workload_burst,q_learning,0.0,0.0,129.6,0.1,0,0
167,workload_burst,q_learning,0.0,0.0,129.6,0.1,0,0
168,workload_burst,q_learning,0.0,0.0,129.6,0.1,0,0
169,workload_burst,q_learning,0.0,0.0,129.6,0.1,0,0
170,workload_burst,q_learning,0.3639,2.1415,129.6,-0.9052,0,0
171,workload_burst,q_learning,0.3511,1.8622,129.6,0.2358,0,0
172,workload_burst,q_learning,0.4301,2.8057,129.6,-0.3785,0,0
173,workload_burst,q_learning,0.8474,5.1825,85.23,-0.61,0,6
174,workload_burst,q_learning,0.6424,2.7514,129.6,1.0928,0,0
175,workload_burst,q_learning,0.502,3.6729,129.6,-0.3704,0,0
176,workload_burst,q_learning,0.5289,2.4903,129.6,0.6848,0,0
177,workload_burst,q_learning,0.4543,2.928,129.6,-0.1258,0,0
178,workload_burst,q_learning,0.469,3.3128,129.6,-0.1011,0,0
179,workload_burst,q_learning,0.6674,4.752,129.6,-0.6362,0,0
180,workload_burst,q_learning,0.5259,2.6546,129.6,1.0934,0,0
181,workload_burst,q_learning,0.5854,4.1379,129.6,-0.6551,0,0
182,workload_burst,q_learning,0.4848,2.2778,129.6,1.0252,0,0
183,workload_burst,q_learning,0.4787,3.5369,129.6,-0.5384,0,0
184,workload_burst,q_learning,0.4085,1.9459,129.6,0.8914,0,0
185,workload_burst,q_learning,0.1729,1.1581,85.23,0.8006,0,6
186,workload_burst,q_learning,0.0,0.0,129.6,0.679,0,0
187,workload_burst,q_learning,0.0,0.0,129.6,0.1,0,0
188,workload_burst,q_learning,0.0,0.0,129.6,0.1,0,0
189,workload_burst,q_learning,0.0,0.0,129.6,0.1,0,0
190,workload_burst,q_learning,0.0,0.0,129.6,0.1,0,0
191,workload_burst,q_learning,0.0,0.0,129.6,0.1,0,0
192,workload_burst,q_learning,0.0,0.0,129.6,0.1,0,0
193,workload_burst,q_learning,0.0,0.0,129.6,0.1,0,0
194,workload_burst,q_learning,0.0,0.0,129.6,0.1,0,0
195,workload_burst,q_learning,0.0,0.0,129.6,0.1,0,0
196,workload_burst,q_learning,0.0,0.0,129.6,0.1,0,0
197,workload_burst,q_learning,0.0,0.0,129.6,0.1,0,0
198,workload_burst,q_learning,0.0,0.0,129.6,0.1,0,0
199,workload_burst,q_learning,0.0,0.0,129.6,0.1,0,0
200,workload_burst,q_learning,0.0,0.0,129.6,0.1,0,0
201,workload_burst,q_learning,0.0,0.0,129.6,0.1,0,0
202,workload_burst,q_learning,0.0,0.0,129.6,0.1,0,0
203,workload_burst,q_learning,0.0,0.0,129.6,0.1,0,0
204,workload_burst,q_learning,0.0,0.0,129.6,0.1,0,0
205,workload_burst,q_learning,0.0,0.0,129.6,0.1,0,0
206,workload_burst,q_learning,0.0,0.0,129.6,0.1,0,0
207,workload_burst,q_learning,0.0,0.0,129.6,0.1,0,0
208,workload_burst,q_learning,0.0,0.0,129.6,0.1,0,0
209,workload_burst,q_learning,0.0,0.0,129.6,0.1,0,0
210,workload_burst,q_learning,0.0,0.0,129.6,0.1,0,0
211,workload_burst,q_learning,0.0,0.0,129.6,0.1,0,0
212,workload_burst,q_learning,0.0,0.0,129.6,0.1,0,0
213,workload_burst,q_learning,0.0,0.0,129.6,0.1,0,0
214,workload_burst,q_learning,0.0,0.0,129.6,0.1,0,0
215,workload_burst,q_learning,0.0,0.0,129.6,0.1,0,0
216,workload_burst,q_learning,0.0,0.0,129.6,0.1,0,0
217,workload_burst,q_learning,0.0,0.0,129.6,0.1,0,0
218,workload_burst,q_learning,0.0,0.0,129.6,0.1,0,0
219,workload_burst,q_learning,0.0,0.0,129.6,0.1,0,0
220,workload_burst,q_learning,0.3784,2.2087,129.6,-0.9053,0,0
221,workload_burst,q_learning,0.3267,2.1851,129.6,0.1079,0,0
222,workload_burst,q_learning,0.6449,3.4447,129.6,-0.5431,0,0
223,workload_burst,q_learning,0.6293,4.4189,129.6,-0.4004,0,0
224,workload_burst,q_learning,0.5465,5.644,129.6,-0.5244,0,0
225,workload_burst,q_learning,0.8045,7.3357,129.6,-0.7715,0,0
226,workload_burst,q_learning,1.1137,8.9401,129.6,-0.7462,0,0
227,workload_burst,q_learning,0.9728,8.7652,129.6,0.1597,0,0
228,workload_burst,q_learning,0.9465,8.9615,129.6,-0.0365,0,0
229,workload_burst,q_learning,1.052,9.9416,129.6,-0.4321,0,0
230,workload_burst,q_learning,1.0213,7.3443,129.6,1.0718,0,0
231,workload_burst,q_learning,1.0822,4.6922,99.66,1.2883,0,5
232,workload_burst,q_learning,0.9277,5.523,129.6,-0.3422,0,0
233,workload_burst,q_learning,0.6739,6.1339,129.6,-0.2213,0,0
234,workload_burst,q_learning,0.613,4.3735,129.6,0.9678,0,0
235,workload_burst,q_learning,0.1315,2.2911,129.6,1.098,0,0
236,workload_burst,q_learning,0.0106,0.3823,129.6,1.0544,0,0
237,workload_burst,q_learning,0.0,0.0,129.6,0.2911,0,0
238,workload_burst,q_learning,0.0,0.0,129.6,0.1,0,0
239,workload_burst,q_learning,0.0,0.0,129.6,0.1,0,0
240,workload_burst,q_learning,0.0,0.0,129.6,0.1,0,0
241,workload_burst,q_learning,0.0,0.0,129.6,0.1,0,0
242,workload_burst,q_learning,0.0,0.0,129.6,0.1,0,0
243,workload_burst,q_learning,0.0,0.0,129.6,0.1,0,0
244,workload_burst,q_learning,0.0,0.0,129.6,0.1,0,0
245,workload_burst,q_learning,0.0,0.0,129.6,0.1,0,0
246,workload_burst,q_learning,0.0,0.0,129.6,0.1,0,0
247,workload_burst,q_learning,0.0,0.0,129.6,0.1,0,0
248,workload_burst,q_learning,0.0,0.0,129.6,0.1,0,0
249,workload_burst,q_learning,0.0,0.0,129.6,0.1,0,0
250,workload_burst,q_learning,0.0,0.0,129.6,0.1,0,0
251,workload_burst,q_learning,0.0,0.0,129.6,0.1,0,0
252,workload_burst,q_learning,0.0,0.0,129.6,0.1,0,0
253,workload_burst,q_learning,0.0,0.0,129.6,0.1,0,0
254,workload_burst,q_learning,0.0,0.0,129.6,0.1,0,0
255,workload_burst,q_learning,0.0,0.0,129.6,0.1,0,0
256,workload_burst,q_learning,0.0,0.0,129.6,0.1,0,0
257,workload_burst,q_learning,0.0,0.0,129.6,0.1,0,0
258,workload_burst,q_learning,0.0,0.0,129.6,0.1,0,0
259,workload_burst,q_learning,0.0,0.0,129.6,0.1,0,0
260,workload_burst,q_learning,0.0,0.0,129.6,0.1,0,0
261,workload_burst,q_learning,0.0,0.0,129.6,0.1,0,0
262,workload_burst,q_learning,0.0,0.0,129.6,0.1,0,0
263,workload_burst,q_learning,0.0,0.0,129.6,0.1,0,0
264,workload_burst,q_learning,0.0,0.0,129.6,0.1,0,0
265,workload_burst,q_learning,0.0,0.0,129.6,0.1,0,0
266,workload_burst,q_learning,0.0,0.0,129.6,0.1,0,0
267,workload_burst,q_learning,0.0,0.0,129.6,0.1,0,0
268,workload_burst,q_learning,0.0,0.0,129.6,0.1,0,0
269,workload_burst,q_learning,0.0,0.0,129.6,0.1,0,0
270,workload_burst,q_learning,0.2711,2.0004,129.6,-0.9029,0,0
271,workload_burst,q_learning,0.7683,5.1968,87.48,-0.6253,0,6
272,workload_burst,q_learning,0.6324,3.0628,129.6,1.0933,0,0
273,workload_burst,q_learning,0.7164,3.7826,129.6,-0.2758,0,0
274,workload_burst,q_learning,0.5738,2.2272,129.6,0.8721,0,0
275,workload_burst,q_learning,0.4094,2.5535,129.6,-0.0691,0,0
276,workload_burst,q_learning,0.5046,4.1734,129.6,-0.7198,0,0
277,workload_burst,q_learning,0.4152,3.3806,129.6,0.4892,0,0
278,workload_burst,q_learning,0.5855,4.3971,129.6,-0.4213,0,0
279,workload_burst,q_learning,0.42,2.6333,129.6,0.9765,0,0
280,workload_burst,q_learning,0.9014,4.9313,87.48,-0.6284,0,6
281,workload_burst,q_learning,0.7407,5.7697,129.6,-0.3342,0,0
282,workload_burst,q_learning,0.9236,6.0542,99.66,0.1443,0,5
283,workload_burst,q_learning,0.6994,4.5349,129.6,0.8476,0,0
284,workload_burst,q_learning,0.7971,6.3222,129.6,-0.8148,0,0
285,workload_burst,q_learning,0.262,3.9877,129.6,1.0949,0,0
286,workload_burst,q_learning,0.0548,1.9722,129.6,1.0989,0,0
287,workload_burst,q_learning,0.0,0.0,129.6,1.0861,0,0
288,workload_burst,q_learning,0.0,0.0,129.6,0.1,0,0
289,workload_burst,q_learning,0.0,0.0,129.6,0.1,0,0
290,workload_burst,q_learning,0.0,0.0,129.6,0.1,0,0
291,workload_burst,q_learning,0.0,0.0,129.6,0.1,0,0
292,workload_burst,q_learning,0.0,0.0,129.6,0.1,0,0
293,workload_burst,q_learning,0.0,0.0,129.6,0.1,0,0
294,workload_burst,q_learning,0.0,0.0,129.6,0.1,0,0
295,workload_burst,q_learning,0.0,0.0,129.6,0.1,0,0
296,workload_burst,q_learning,0.0,0.0,129.6,0.1,0,0
297,workload_burst,q_learning,0.0,0.0,129.6,0.1,0,0
298,workload_burst,q_learning,0.0,0.0,129.6,0.1,0,0
299,workload_burst,q_learning,0.0,0.0,129.6,0.1,0,0
300,workload_burst,q_learning,0.0,0.0,129.6,0.1,0,0
301,workload_burst,q_learning,0.0,0.0,129.6,0.1,0,0
302,workload_burst,q_learning,0.0,0.0,129.6,0.1,0,0
303,workload_burst,q_learning,0.0,0.0,129.6,0.1,0,0
304,workload_burst,q_learning,0.0,0.0,129.6,0.1,0,0
305,workload_burst,q_learning,0.0,0.0,129.6,0.1,0,0
306,workload_burst,q_learning,0.0,0.0,129.6,0.1,0,0
307,workload_burst,q_learning,0.0,0.0,129.6,0.1,0,0
308,workload_burst,q_learning,0.0,0.0,129.6,0.1,0,0
309,workload_burst,q_learning,0.0,0.0,129.6,0.1,0,0
310,workload_burst,q_learning,0.0,0.0,129.6,0.1,0,0
311,workload_burst,q_learning,0.0,0.0,129.6,0.1,0,0
312,workload_burst,q_learning,0.0,0.0,129.6,0.1,0,0
313,workload_burst,q_learning,0.0,0.0,129.6,0.1,0,0
314,workload_burst,q_learning,0.0,0.0,129.6,0.1,0,0
315,workload_burst,q_learning,0.0,0.0,129.6,0.1,0,0
316,workload_burst,q_learning,0.0,0.0,129.6,0.1,0,0
317,workload_burst,q_learning,0.0,0.0,129.6,0.1,0,0
318,workload_burst,q_learning,0.0,0.0,129.6,0.1,0,0
319,workload_burst,q_learning,0.0,0.0,129.6,0.1,0,0
320,workload_burst,q_learning,0.3494,2.2805,129.6,-0.9043,0,0
321,workload_burst,q_learning,0.5964,3.2527,129.6,-0.398,0,0
322,workload_burst,q_learning,0.6112,4.7191,129.6,-0.646,0,0
323,workload_burst,q_learning,0.5632,3.0796,129.6,0.9117,0,0
324,workload_burst,q_learning,0.583,4.4587,129.6,-0.6014,0,0
325,workload_burst,q_learning,0.9125,4.1534,87.48,0.5266,0,6
326,workload_burst,q_learning,0.9828,4.938,129.6,-0.3205,0,0
327,workload_burst,q_learning,0.8708,5.1436,129.6,-0.0216,0,0
328,workload_burst,q_learning,0.8438,3.5731,129.6,0.8703,0,0
329,workload_burst,q_learning,0.6218,4.3719,129.6,-0.3081,0,0
330,workload_burst,q_learning,0.8816,4.9713,87.48,0.0747,0,6
331,workload_burst,q_learning,0.596,3.6577,129.6,0.7487,0,0
332,workload_burst,q_learning,0.5426,2.846,129.6,0.4972,0,0
333,workload_burst,q_learning,0.9877,5.2015,87.48,-0.6305,0,6
334,workload_burst,q_learning,0.7923,5.6079,129.6,-0.1194,0,0
335,workload_burst,q_learning,0.1698,3.1906,129.6,1.0959,0,0
336,workload_burst,q_learning,0.0341,0.9568,129.6,1.0997,0,0
337,workload_burst,q_learning,0.0,0.0,129.6,0.5784,0,0
338,workload_burst,q_learning,0.0,0.0,129.6,0.1,0,0
339,workload_burst,q_learning,0.0,0.0,129.6,0.1,0,0
340,workload_burst,q_learning,0.0,0.0,129.6,0.1,0,0
341,workload_burst,q_learning,0.0,0.0,129.6,0.1,0,0
342,workload_burst,q_learning,0.0,0.0,129.6,0.1,0,0
343,workload_burst,q_learning,0.0,0.0,129.6,0.1,0,0
344,workload_burst,q_learning,0.0,0.0,129.6,0.1,0,0
345,workload_burst,q_learning,0.0,0.0,129.6,0.1,0,0
346,workload_burst,q_learning,0.0,0.0,129.6,0.1,0,0
347,workload_burst,q_learning,0.0,0.0,129.6,0.1,0,0
348,workload_burst,q_learning,0.0,0.0,129.6,0.1,0,0
349,workload_burst,q_learning,0.0,0.0,129.6,0.1,0,0
350,workload_burst,q_learning,0.0,0.0,129.6,0.1,0,0
351,workload_burst,q_learning,0.0,0.0,129.6,0.1,0,0
352,workload_burst,q_learning,0.0,0.0,129.6,0.1,0,0
353,workload_burst,q_learning,0.0,0.0,129.6,0.1,0,0
354,workload_burst,q_learning,0.0,0.0,129.6,0.1,0,0
355,workload_burst,q_learning,0.0,0.0,129.6,0.1,0,0
356,workload_burst,q_learning,0.0,0.0,129.6,0.1,0,0
357,workload_burst,q_learning,0.0,0.0,129.6,0.1,0,0
358,workload_burst,q_learning,0.0,0.0,129.6,0.1,0,0
359,workload_burst,q_learning,0.0,0.0,129.6,0.1,0,0
360,workload_burst,q_learning,0.0,0.0,129.6,0.1,0,0
361,workload_burst,q_learning,0.0,0.0,129.6,0.1,0,0
362,workload_burst,q_learning,0.0,0.0,129.6,0.1,0,0
363,workload_burst,q_learning,0.0,0.0,129.6,0.1,0,0
364,workload_burst,q_learning,0.0,0.0,129.6,0.1,0,0
365,workload_burst,q_learning,0.0,0.0,129.6,0.1,0,0
366,workload_burst,q_learning,0.0,0.0,129.6,0.1,0,0
367,workload_burst,q_learning,0.0,0.0,129.6,0.1,0,0
368,workload_burst,q_learning,0.0,0.0,129.6,0.1,0,0
369,workload_burst,q_learning,0.0,0.0,129.6,0.1,0,0
370,workload_burst,q_learning,0.2664,1.7454,129.6,-0.7754,0,0
371,workload_burst,q_learning,0.3188,1.866,129.6,0.036,0,0
372,workload_burst,q_learning,0.4234,3.6415,129.6,-0.7965,0,0
373,workload_burst,q_learning,0.6271,4.6443,129.6,-0.4164,0,0
374,workload_burst,q_learning,0.5559,3.4743,129.6,0.6767,0,0
375,workload_burst,q_learning,0.5351,4.848,129.6,-0.5973,0,0
376,workload_burst,q_learning,0.4903,4.9422,129.6,0.0417,0,0
377,workload_burst,q_learning,0.519,5.2952,129.6,-0.0878,0,0
378,workload_burst,q_learning,0.5758,6.7005,129.6,-0.62,0,0
379,workload_burst,q_learning,0.8225,6.7359,129.6,0.0567,0,0
380,workload_burst,q_learning,0.7618,4.4621,129.6,1.0813,0,0
381,workload_burst,q_learning,1.1866,7.3794,87.48,-0.6386,0,6
382,workload_burst,q_learning,0.8634,5.1443,129.6,1.0859,0,0
383,workload_burst,q_learning,0.6292,4.1993,129.6,0.5593,0,0
384,workload_burst,q_learning,0.9022,5.7292,87.48,-0.3929,0,6
385,workload_burst,q_learning,0.2793,3.2338,129.6,1.0955,0,0
386,workload_burst,q_learning,0.0256,0.9204,129.6,1.0998,0,0
387,workload_burst,q_learning,0.0,0.0,129.6,0.5602,0,0
388,workload_burst,q_learning,0.0,0.0,129.6,0.1,0,0
389,workload_burst,q_learning,0.0,0.0,129.6,0.1,0,0
390,workload_burst,q_learning,0.0,0.0,129.6,0.1,0,0
391,workload_burst,q_learning,0.0,0.0,129.6,0.1,0,0
392,workload_burst,q_learning,0.0,0.0,129.6,0.1,0,0
393,workload_burst,q_learning,0.0,0.0,129.6,0.1,0,0
394,workload_burst,q_learning,0.0,0.0,129.6,0.1,0,0
395,workload_burst,q_learning,0.0,0.0,129.6,0.1,0,0
396,workload_burst,q_learning,0.0,0.0,129.6,0.1,0,0
397,workload_burst,q_learning,0.0,0.0,129.6,0.1,0,0
398,workload_burst,q_learning,0.0,0.0,129.6,0.1,0,0
399,workload_burst,q_learning,0.0,0.0,129.6,0.1,0,0
400,workload_burst,q_learning,0.0,0.0,129.6,0.1,0,0
401,workload_burst,q_learning,0.0,0.0,129.6,0.1,0,0
402,workload_burst,q_learning,0.0,0.0,129.6,0.1,0,0
403,workload_burst,q_learning,0.0,0.0,129.6,0.1,0,0
404,workload_burst,q_learning,0.0,0.0,129.6,0.1,0,0
405,workload_burst,q_learning,0.0,0.0,129.6,0.1,0,0
406,workload_burst,q_learning,0.0,0.0,129.6,0.1,0,0
407,workload_burst,q_learning,0.0,0.0,129.6,0.1,0,0
408,workload_burst,q_learning,0.0,0.0,129.6,0.1,0,0
409,workload_burst,q_learning,0.0,0.0,129.6,0.1,0,0
410,workload_burst,q_learning,0.0,0.0,129.6,0.1,0,0
411,workload_burst,q_learning,0.0,0.0,129.6,0.1,0,0
412,workload_burst,q_learning,0.0,0.0,129.6,0.1,0,0
413,workload_burst,q_learning,0.0,0.0,129.6,0.1,0,0
414,workload_burst,q_learning,0.0,0.0,129.6,0.1,0,0
415,workload_burst,q_learning,0.0,0.0,129.6,0.1,0,0
416,workload_burst,q_learning,0.0,0.0,129.6,0.1,0,0
417,workload_burst,q_learning,0.0,0.0,129.6,0.1,0,0
418,workload_burst,q_learning,0.0,0.0,129.6,0.1,0,0
419,workload_burst,q_learning,0.0,0.0,129.6,0.1,0,0
420,workload_burst,q_learning,0.3541,2.3263,129.6,-0.9047,0,0
421,workload_burst,q_learning,0.3227,2.1511,129.6,0.1838,0,0
422,workload_burst,q_learning,0.4472,3.6449,129.6,-0.6546,0,0
423,workload_burst,q_learning,0.6839,3.7883,129.6,0.0136,0,0
424,workload_burst,q_learning,0.8434,4.9552,129.6,-0.5085,0,0
425,workload_burst,q_learning,0.7777,5.7489,129.6,-0.3124,0,0
426,workload_burst,q_learning,0.7097,6.9478,129.6,-0.5224,0,0
427,workload_burst,q_learning,0.6481,4.5542,129.6,1.089,0,0
428,workload_burst,q_learning,0.7642,5.9816,129.6,-0.6362,0,0
429,workload_burst,q_learning,0.8457,5.7613,129.6,0.1882,0,0
430,workload_burst,q_learning,1.0172,7.1844,129.6,-0.6478,0,0
431,workload_burst,q_learning,0.8357,4.783,129.6,1.0878,0,0
432,workload_burst,q_learning,0.5298,3.8618,129.6,0.5517,0,0
433,workload_burst,q_learning,0.5261,3.6204,129.6,0.2117,0,0
434,workload_burst,q_learning,0.473,4.3494,129.6,-0.2731,0,0
435,workload_burst,q_learning,0.0807,2.1252,129.6,1.0987,0,0
436,workload_burst,q_learning,0.0024,0.0871,129.6,1.1,0,0
437,workload_burst,q_learning,0.0,0.0,129.6,0.1435,0,0
438,workload_burst,q_learning,0.0,0.0,129.6,0.1,0,0
439,workload_burst,q_learning,0.0,0.0,129.6,0.1,0,0
440,workload_burst,q_learning,0.0,0.0,129.6,0.1,0,0
441,workload_burst,q_learning,0.0,0.0,129.6,0.1,0,0
442,workload_burst,q_learning,0.0,0.0,129.6,0.1,0,0
443,workload_burst,q_learning,0.0,0.0,129.6,0.1,0,0
444,workload_burst,q_learning,0.0,0.0,129.6,0.1,0,0
445,workload_burst,q_learning,0.0,0.0,129.6,0.1,0,0
446,workload_burst,q_learning,0.0,0.0,129.6,0.1,0,0
447,workload_burst,q_learning,0.0,0.0,129.6,0.1,0,0
448,workload_burst,q_learning,0.0,0.0,129.6,0.1,0,0
449,workload_burst,q_learning,0.0,0.0,129.6,0.1,0,0
450,workload_burst,q_learning,0.0,0.0,129.6,0.1,0,0
451,workload_burst,q_learning,0.0,0.0,129.6,0.1,0,0
452,workload_burst,q_learning,0.0,0.0,129.6,0.1,0,0
453,workload_burst,q_learning,0.0,0.0,129.6,0.1,0,0
454,workload_burst,q_learning,0.0,0.0,129.6,0.1,0,0
455,workload_burst,q_learning,0.0,0.0,129.6,0.1,0,0
456,workload_burst,q_learning,0.0,0.0,129.6,0.1,0,0
457,workload_burst,q_learning,0.0,0.0,129.6,0.1,0,0
458,workload_burst,q_learning,0.0,0.0,129.6,0.1,0,0
459,workload_burst,q_learning,0.0,0.0,129.6,0.1,0,0
460,workload_burst,q_learning,0.0,0.0,129.6,0.1,0,0
461,workload_burst,q_learning,0.0,0.0,129.6,0.1,0,0
462,workload_burst,q_learning,0.0,0.0,129.6,0.1,0,0
463,workload_burst,q_learning,0.0,0.0,129.6,0.1,0,0
464,workload_burst,q_learning,0.0,0.0,129.6,0.1,0,0
465,workload_burst,q_learning,0.0,0.0,129.6,0.1,0,0
466,workload_burst,q_learning,0.0,0.0,129.6,0.1,0,0
467,workload_burst,q_learning,0.0,0.0,129.6,0.1,0,0
468,workload_burst,q_learning,0.0,0.0,129.6,0.1,0,0
469,workload_burst,q_learning,0.0,0.0,129.6,0.1,0,0
470,workload_burst,q_learning,0.2824,2.0725,129.6,-0.9031,0,0
471,workload_burst,q_learning,0.3864,2.3992,129.6,-0.0693,0,0
472,workload_burst,q_learning,0.8425,5.3247,113.4,-0.8101,0,3
473,workload_burst,q_learning,0.821,5.7238,129.6,-0.1231,0,0
474,workload_burst,q_learning,1.0279,6.2587,129.6,-0.2057,0,0
475,workload_burst,q_learning,0.8318,3.9123,129.6,1.0864,0,0
476,workload_burst,q_learning,0.9354,3.9053,99.66,0.2979,0,5
477,workload_burst,q_learning,0.5643,3.2567,129.6,0.4166,0,0
478,workload_burst,q_learning,0.4079,3.7698,129.6,-0.163,0,0
479,workload_burst,q_learning,0.5098,5.3876,129.6,-0.721,0,0
480,workload_burst,q_learning,0.9377,3.8369,99.66,1.063,0,5
481,workload_burst,q_learning,0.8515,4.8747,129.6,-0.4388,0,0
482,workload_burst,q_learning,0.6719,4.9053,129.6,0.0726,0,0
483,workload_burst,q_learning,0.5008,2.9074,129.6,1.0914,0,0
484,workload_burst,q_learning,0.3894,2.2082,129.6,0.445,0,0
485,workload_burst,q_learning,0.0023,0.0488,129.6,1.1,0,0
486,workload_burst,q_learning,0.0,0.0,129.6,0.1244,0,0
487,workload_burst,q_learning,0.0,0.0,129.6,0.1,0,0
488,workload_burst,q_learning,0.0,0.0,129.6,0.1,0,0
489,workload_burst,q_learning,0.0,0.0,129.6,0.1,0,0
490,workload_burst,q_learning,0.0,0.0,129.6,0.1,0,0
491,workload_burst,q_learning,0.0,0.0,129.6,0.1,0,0
492,workload_burst,q_learning,0.0,0.0,129.6,0.1,0,0
493,workload_burst,q_learning,0.0,0.0,129.6,0.1,0,0
494,workload_burst,q_learning,0.0,0.0,129.6,0.1,0,0
495,workload_burst,q_learning,0.0,0.0,129.6,0.1,0,0
496,workload_burst,q_learning,0.0,0.0,129.6,0.1,0,0
497,workload_burst,q_learning,0.0,0.0,129.6,0.1,0,0
498,workload_burst,q_learning,0.0,0.0,129.6,0.1,0,0
499,workload_burst,q_learning,0.0,0.0,129.6,0.1,0,0
500,workload_burst,q_learning,0.0,0.0,129.6,0.1,0,0
1,moving_hotspot,q_learning,19.4008,23.0333,129.6,-0.429,0,0
2,moving_hotspot,q_learning,16.9573,22.4506,129.6,0.3593,0,0
3,moving_hotspot,q_learning,14.6749,21.5857,129.6,0.4823,0,0
4,moving_hotspot,q_learning,12.5038,19.1638,129.6,1.0358,0,0
5,moving_hotspot,q_learning,10.3135,16.7656,129.6,1.0232,0,0
6,moving_hotspot,q_learning,8.3654,13.8511,129.6,1.0198,0,0
7,moving_hotspot,q_learning,6.6609,13.1936,129.6,0.3217,0,0
8,moving_hotspot,q_learning,5.069,12.9494,129.6,0.0796,0,0
9,moving_hotspot,q_learning,3.5724,12.1004,129.6,0.3581,0,0
10,moving_hotspot,q_learning,2.9726,12.1514,129.6,-0.0776,0,0
11,moving_hotspot,q_learning,2.518,12.8233,129.6,-0.3852,0,0
12,moving_hotspot,q_learning,2.1624,12.7696,129.6,0.0009,0,0
13,moving_hotspot,q_learning,1.7262,10.1235,129.6,1.015,0,0
14,moving_hotspot,q_learning,1.1745,7.7086,129.6,1.0578,0,0
15,moving_hotspot,q_learning,0.8457,5.1107,129.6,1.0768,0,0
16,moving_hotspot,q_learning,0.7075,4.9222,129.6,0.1723,0,0
17,moving_hotspot,q_learning,0.6805,5.2842,129.6,-0.1049,0,0
18,moving_hotspot,q_learning,0.5811,5.5921,129.6,-0.072,0,0
19,moving_hotspot,q_learning,0.4134,3.9992,129.6,0.8868,0,0
20,moving_hotspot,q_learning,0.3464,4.5416,129.6,-0.1809,0,0
21,moving_hotspot,q_learning,0.4186,5.7381,129.6,-0.5127,0,0
22,moving_hotspot,q_learning,0.4051,6.0103,129.6,-0.0502,0,0
23,moving_hotspot,q_learning,0.3303,3.8993,129.6,1.0907,0,0
24,moving_hotspot,q_learning,0.2783,2.8136,129.6,0.6384,0,0
25,moving_hotspot,q_learning,0.1626,2.4035,129.6,0.3023,0,0
26,moving_hotspot,q_learning,0.0841,1.1594,129.6,0.7215,0,0
27,moving_hotspot,q_learning,0.1674,2.0853,129.6,-0.3649,0,0
28,moving_hotspot,q_learning,0.2098,2.5552,129.6,-0.1379,0,0
29,moving_hotspot,q_learning,0.2576,2.6866,129.6,0.0309,0,0
30,moving_hotspot,q_learning,0.3307,3.1661,129.6,-0.1462,0,0
31,moving_hotspot,q_learning,0.3732,4.0213,129.6,-0.3363,0,0
32,moving_hotspot,q_learning,0.3513,4.3114,129.6,-0.0523,0,0
33,moving_hotspot,q_learning,0.2567,2.9353,129.6,0.7838,0,0
34,moving_hotspot,q_learning,0.1036,1.4434,129.6,0.845,0,0
35,moving_hotspot,q_learning,0.1672,2.1852,129.6,-0.2734,0,0
36,moving_hotspot,q_learning,0.1802,2.5336,129.6,-0.0771,0,0
37,moving_hotspot,q_learning,0.2039,2.5836,129.6,0.0718,0,0
38,moving_hotspot,q_learning,0.194,2.4635,129.6,0.1571,0,0
39,moving_hotspot,q_learning,0.1645,2.4729,129.6,0.0928,0,0
40,moving_hotspot,q_learning,0.2207,3.0901,129.6,-0.214,0,0
41,moving_hotspot,q_learning,0.3136,4.2519,129.6,-0.4897,0,0
42,moving_hotspot,q_learning,0.2883,4.5752,129.6,-0.069,0,0
43,moving_hotspot,q_learning,0.2572,2.7588,129.6,1.0035,0,0
44,moving_hotspot,q_learning,0.2377,2.7792,129.6,0.0862,0,0
45,moving_hotspot,q_learning,0.1874,2.6879,129.6,0.1423,0,0
46,moving_hotspot,q_learning,0.0973,1.2056,129.6,0.8405,0,0
47,moving_hotspot,q_learning,0.1831,2.0082,129.6,-0.3034,0,0
48,moving_hotspot,q_learning,0.2127,2.3398,129.6,-0.0687,0,0
49,moving_hotspot,q_learning,0.2189,2.3567,129.6,0.0887,0,0
50,moving_hotspot,q_learning,0.2932,3.2384,129.6,-0.3465,0,0
51,moving_hotspot,q_learning,0.3468,3.9602,129.6,-0.2691,0,0
52,moving_hotspot,q_learning,0.3133,4.1535,129.6,-0.0029,0,0
53,moving_hotspot,q_learning,0.2559,2.4023,129.6,0.9719,0,0
54,moving_hotspot,q_learning,0.0939,1.4045,129.6,0.5981,0,0
55,moving_hotspot,q_learning,0.159,1.9632,129.6,-0.1815,0,0
56,moving_hotspot,q_learning,0.1851,2.6239,129.6,-0.2331,0,0
57,moving_hotspot,q_learning,0.1951,2.2755,129.6,0.2713,0,0
58,moving_hotspot,q_learning,0.2047,2.6811,129.6,-0.1061,0,0
59,moving_hotspot,q_learning,0.1912,2.6412,129.6,0.1166,0,0
60,moving_hotspot,q_learning,0.2244,3.4784,129.6,-0.3242,0,0
61,moving_hotspot,q_learning,0.313,4.0616,129.6,-0.2006,0,0
62,moving_hotspot,q_learning,0.3201,4.3446,129.6,-0.0491,0,0
63,moving_hotspot,q_learning,0.261,2.9883,129.6,0.7734,0,0
64,moving_hotspot,q_learning,0.2376,2.8479,129.6,0.1666,0,0
65,moving_hotspot,q_learning,0.1996,2.6304,129.6,0.2054,0,0
66,moving_hotspot,q_learning,0.1286,1.5962,129.6,0.616,0,0
67,moving_hotspot,q_learning,0.1854,1.8408,129.6,-0.0242,0,0
68,moving_hotspot,q_learning,0.1914,2.0521,129.6,-0.008,0,0
69,moving_hotspot,q_learning,0.2184,2.7397,129.6,-0.2469,0,0
70,moving_hotspot,q_learning,0.2931,3.2226,129.6,-0.147,0,0
71,moving_hotspot,q_learning,0.3473,3.9775,129.6,-0.2859,0,0
72,moving_hotspot,q_learning,0.3443,4.5227,129.6,-0.1803,0,0
73,moving_hotspot,q_learning,0.258,2.7805,129.6,0.9668,0,0
74,moving_hotspot,q_learning,0.1101,1.6866,129.6,0.6459,0,0
75,moving_hotspot,q_learning,0.1636,2.3419,129.6,-0.2304,0,0
76,moving_hotspot,q_learning,0.196,2.7219,129.6,-0.093,0,0
77,moving_hotspot,q_learning,0.1876,2.3041,129.6,0.3063,0,0
78,moving_hotspot,q_learning,0.1825,2.5108,129.6,-0.0061,0,0
79,moving_hotspot,q_learning,0.1636,2.5103,129.6,0.0974,0,0
80,moving_hotspot,q_learning,0.2181,3.4468,129.6,-0.374,0,0
81,moving_hotspot,q_learning,0.3058,4.2172,129.6,-0.2949,0,0
82,moving_hotspot,q_learning,0.2958,4.4054,129.6,-0.0014,0,0
83,moving_hotspot,q_learning,0.2441,2.709,129.6,0.9439,0,0
84,moving_hotspot,q_learning,0.1986,2.4229,129.6,0.2402,0,0
85,moving_hotspot,q_learning,0.1416,2.2523,129.6,0.1832,0,0
86,moving_hotspot,q_learning,0.0923,1.0337,129.6,0.7087,0,0
87,moving_hotspot,q_learning,0.2117,2.3702,129.6,-0.5708,0,0
88,moving_hotspot,q_learning,0.229,2.5575,129.6,0.003,0,0
89,moving_hotspot,q_learning,0.2132,2.652,129.6,0.0495,0,0
90,moving_hotspot,q_learning,0.3025,3.2978,129.6,-0.2289,0,0
91,moving_hotspot,q_learning,0.3752,3.8444,129.6,-0.1817,0,0
92,moving_hotspot,q_learning,0.3312,3.9679,129.6,0.0321,0,0
93,moving_hotspot,q_learning,0.2634,2.4912,129.6,0.8344,0,0
94,moving_hotspot,q_learning,0.0865,1.2254,129.6,0.7323,0,0
95,moving_hotspot,q_learning,0.1444,1.7576,129.6,-0.1678,0,0
96,moving_hotspot,q_learning,0.1671,2.3063,129.6,-0.1768,0,0
97,moving_hotspot,q_learning,0.178,2.2623,129.6,0.1194,0,0
98,moving_hotspot,q_learning,0.215,2.9645,129.6,-0.2549,0,0
99,moving_hotspot,q_learning,0.1794,2.5211,129.6,0.3187,0,0
100,moving_hotspot,q_learning,0.2177,3.3272,129.6,-0.3084,0,0
101,moving_hotspot,q_learning,0.3013,4.0674,129.6,-0.2788,0,0
102,moving_hotspot,q_learning,0.2826,4.5395,129.6,-0.1434,0,0
103,moving_hotspot,q_learning,0.2224,2.3812,129.6,1.0962,0,0
104,moving_hotspot,q_learning,0.1912,2.3793,129.6,0.0982,0,0
105,moving_hotspot,q_learning,0.1719,2.5758,129.6,-0.0011,0,0
106,moving_hotspot,q_learning,0.1149,1.507,129.6,0.6334,0,0
107,moving_hotspot,q_learning,0.1901,2.0832,129.6,-0.1904,0,0
108,moving_hotspot,q_learning,0.2019,2.2443,129.6,0.0169,0,0
109,moving_hotspot,q_learning,0.2203,2.7051,129.6,-0.1337,0,0
110,moving_hotspot,q_learning,0.3072,3.672,129.6,-0.3903,0,0
111,moving_hotspot,q_learning,0.3377,3.9573,129.6,-0.051,0,0
112,moving_hotspot,q_learning,0.3125,3.9849,129.6,0.0801,0,0
113,moving_hotspot,q_learning,0.2406,2.5899,129.6,0.7941,0,0
114,moving_hotspot,q_learning,0.0973,1.2009,129.6,0.7937,0,0
115,moving_hotspot,q_learning,0.1723,1.8515,129.6,-0.2274,0,0
116,moving_hotspot,q_learning,0.1965,2.618,129.6,-0.2863,0,0
117,moving_hotspot,q_learning,0.2135,2.517,129.6,0.1473,0,0
118,moving_hotspot,q_learning,0.19,2.6067,129.6,0.0524,0,0
119,moving_hotspot,q_learning,0.1668,2.383,129.6,0.2092,0,0
120,moving_hotspot,q_learning,0.2134,3.3468,129.6,-0.3869,0,0
121,moving_hotspot,q_learning,0.2944,3.9068,129.6,-0.1882,0,0
122,moving_hotspot,q_learning,0.2794,4.1799,129.6,-0.0433,0,0
123,moving_hotspot,q_learning,0.2501,2.7844,129.6,0.7932,0,0
124,moving_hotspot,q_learning,0.2035,2.6199,129.6,0.179,0,0
125,moving_hotspot,q_learning,0.1656,2.6422,129.6,0.0859,0,0
126,moving_hotspot,q_learning,0.116,1.6101,129.6,0.615,0,0
127,moving_hotspot,q_learning,0.1935,1.9611,129.6,-0.0778,0,0
128,moving_hotspot,q_learning,0.2071,2.4636,129.6,-0.1542,0,0
129,moving_hotspot,q_learning,0.2132,2.6066,129.6,0.0254,0,0
130,moving_hotspot,q_learning,0.2989,3.2,129.6,-0.2026,0,0
131,moving_hotspot,q_learning,0.3601,4.2362,129.6,-0.4273,0,0
132,moving_hotspot,q_learning,0.3516,4.4477,129.6,-0.013,0,0
133,moving_hotspot,q_learning,0.2657,2.5837,129.6,1.0276,0,0
134,moving_hotspot,q_learning,0.1033,1.3823,129.6,0.6999,0,0
135,moving_hotspot,q_learning,0.1651,2.1004,129.6,-0.2613,0,0
136,moving_hotspot,q_learning,0.1756,2.0795,129.6,0.108,0,0
137,moving_hotspot,q_learning,0.1656,2.4036,129.6,-0.0646,0,0
138,moving_hotspot,q_learning,0.1836,2.4869,129.6,0.0553,0,0
139,moving_hotspot,q_learning,0.1833,2.908,129.6,-0.1141,0,0
140,moving_hotspot,q_learning,0.2383,3.3508,129.6,-0.1276,0,0
141,moving_hotspot,q_learning,0.3197,4.4813,129.6,-0.4748,0,0
142,moving_hotspot,q_learning,0.2832,4.5808,129.6,0.0429,0,0
143,moving_hotspot,q_learning,0.2409,2.3363,129.6,1.0961,0,0
144,moving_hotspot,q_learning,0.1928,2.9199,129.6,-0.1953,0,0
145,moving_hotspot,q_learning,0.1734,2.2825,129.6,0.416,0,0
146,moving_hotspot,q_learning,0.1034,1.5592,129.6,0.4607,0,0
147,moving_hotspot,q_learning,0.2022,2.0021,129.6,-0.1238,0,0
148,moving_hotspot,q_learning,0.2308,2.8215,129.6,-0.3132,0,0
149,moving_hotspot,q_learning,0.2221,2.3914,129.6,0.3123,0,0
150,moving_hotspot,q_learning,0.2869,3.135,129.6,-0.2771,0,0
151,moving_hotspot,q_learning,0.3455,3.9783,129.6,-0.3301,0,0
152,moving_hotspot,q_learning,0.3233,4.2139,129.6,-0.0244,0,0
153,moving_hotspot,q_learning,0.2609,2.7899,129.6,0.8076,0,0
154,moving_hotspot,q_learning,0.0957,1.3331,129.6,0.8277,0,0
155,moving_hotspot,q_learning,0.1454,1.8854,129.6,-0.1782,0,0
156,moving_hotspot,q_learning,0.1834,2.4384,129.6,-0.1794,0,0
157,moving_hotspot,q_learning,0.1727,2.5362,129.6,0.0484,0,0
158,moving_hotspot,q_learning,0.1754,2.2565,129.6,0.2374,0,0
159,moving_hotspot,q_learning,0.1664,2.5973,129.6,-0.0734,0,0
160,moving_hotspot,q_learning,0.2248,3.2758,129.6,-0.2451,0,0
161,moving_hotspot,q_learning,0.3165,4.3182,129.6,-0.4306,0,0
162,moving_hotspot,q_learning,0.293,4.5406,129.6,-0.0186,0,0
163,moving_hotspot,q_learning,0.2238,2.3269,129.6,1.0965,0,0
164,moving_hotspot,q_learning,0.1839,1.9314,129.6,0.2956,0,0
165,moving_hotspot,q_learning,0.1623,2.3773,129.6,-0.1255,0,0
166,moving_hotspot,q_learning,0.1124,1.3606,129.6,0.6074,0,0
167,moving_hotspot,q_learning,0.2021,2.1671,129.6,-0.3059,0,0
168,moving_hotspot,q_learning,0.2157,2.3482,129.6,0.0067,0,0
169,moving_hotspot,q_learning,0.2017,2.3144,129.6,0.1147,0,0
170,moving_hotspot,q_learning,0.2852,2.9823,129.6,-0.2391,0,0
171,moving_hotspot,q_learning,0.3257,4.0301,129.6,-0.4317,0,0
172,moving_hotspot,q_learning,0.3277,4.2931,129.6,-0.0381,0,0
173,moving_hotspot,q_learning,0.2744,2.502,129.6,0.991,0,0
174,moving_hotspot,q_learning,0.1114,1.4267,129.6,0.6367,0,0
175,moving_hotspot,q_learning,0.1739,2.2004,129.6,-0.2895,0,0
176,moving_hotspot,q_learning,0.1982,2.4467,129.6,-0.026,0,0
177,moving_hotspot,q_learning,0.19,2.3574,129.6,0.1416,0,0
178,moving_hotspot,q_learning,0.1814,2.6456,129.6,-0.0469,0,0
179,moving_hotspot,q_learning,0.1634,2.1426,129.6,0.3491,0,0
180,moving_hotspot,q_learning,0.2082,3.137,129.6,-0.4019,0,0
181,moving_hotspot,q_learning,0.2705,3.6454,129.6,-0.1614,0,0
182,moving_hotspot,q_learning,0.266,4.07,129.6,-0.1182,0,0
183,moving_hotspot,q_learning,0.2349,2.5337,129.6,0.8644,0,0
184,moving_hotspot,q_learning,0.1708,2.5023,129.6,0.1131,0,0
185,moving_hotspot,q_learning,0.1624,2.6078,129.6,0.0444,0,0
186,moving_hotspot,q_learning,0.1081,1.1625,129.6,0.8219,0,0
187,moving_hotspot,q_learning,0.2079,2.267,129.6,-0.4549,0,0
188,moving_hotspot,q_learning,0.2259,2.8014,129.6,-0.1707,0,0
189,moving_hotspot,q_learning,0.2539,2.9552,129.6,0.0193,0,0
190,moving_hotspot,q_learning,0.3362,3.5134,129.6,-0.1857,0,0
191,moving_hotspot,q_learning,0.3735,4.6096,129.6,-0.4575,0,0
192,moving_hotspot,q_learning,0.341,4.7654,129.6,0.0143,0,0
193,moving_hotspot,q_learning,0.256,2.635,129.6,1.0957,0,0
194,moving_hotspot,q_learning,0.0842,1.1035,129.6,0.8652,0,0
195,moving_hotspot,q_learning,0.1457,1.9101,129.6,-0.3051,0,0
196,moving_hotspot,q_learning,0.1909,2.6353,129.6,-0.2658,0,0
197,moving_hotspot,q_learning,0.2134,2.8462,129.6,-0.009,0,0
198,moving_hotspot,q_learning,0.2124,2.6837,129.6,0.1781,0,0
199,moving_hotspot,q_learning,0.1731,2.5346,129.6,0.1717,0,0
200,moving_hotspot,q_learning,0.2049,2.9615,129.6,-0.118,0,0
201,moving_hotspot,q_learning,0.2818,3.8828,129.6,-0.3679,0,0
202,moving_hotspot,q_learning,0.2674,4.6466,129.6,-0.2889,0,0
203,moving_hotspot,q_learning,0.255,2.5425,129.6,1.0955,0,0
204,moving_hotspot,q_learning,0.2186,2.6135,129.6,0.0611,0,0
205,moving_hotspot,q_learning,0.1806,2.9509,129.6,-0.0722,0,0
206,moving_hotspot,q_learning,0.1074,1.1492,129.6,1.0001,0,0
207,moving_hotspot,q_learning,0.2026,1.939,129.6,-0.2972,0,0
208,moving_hotspot,q_learning,0.2256,2.3585,129.6,-0.1127,0,0
209,moving_hotspot,q_learning,0.2192,2.2306,129.6,0.1613,0,0
210,moving_hotspot,q_learning,0.3091,2.9289,129.6,-0.2541,0,0
211,moving_hotspot,q_learning,0.367,3.7611,129.6,-0.3242,0,0
212,moving_hotspot,q_learning,0.3434,4.2629,129.6,-0.158,0,0
213,moving_hotspot,q_learning,0.2554,2.8468,129.6,0.8036,0,0
214,moving_hotspot,q_learning,0.1016,1.3244,129.6,0.8603,0,0
215,moving_hotspot,q_learning,0.1717,2.3671,129.6,-0.4239,0,0
216,moving_hotspot,q_learning,0.1846,3.0945,129.6,-0.2673,0,0
217,moving_hotspot,q_learning,0.2131,2.647,129.6,0.3204,0,0
218,moving_hotspot,q_learning,0.2023,2.6586,129.6,0.091,0,0
219,moving_hotspot,q_learning,0.1931,2.3547,129.6,0.2488,0,0
220,moving_hotspot,q_learning,0.236,3.6103,129.6,-0.5336,0,0
221,moving_hotspot,q_learning,0.317,4.0102,129.6,-0.1089,0,0
222,moving_hotspot,q_learning,0.3129,4.4264,129.6,-0.1158,0,0
223,moving_hotspot,q_learning,0.252,3.0577,129.6,0.7797,0,0
224,moving_hotspot,q_learning,0.196,2.4733,129.6,0.3893,0,0
225,moving_hotspot,q_learning,0.1818,2.5979,129.6,0.0342,0,0
226,moving_hotspot,q_learning,0.1357,1.1396,129.6,0.8281,0,0
227,moving_hotspot,q_learning,0.2232,2.2156,129.6,-0.4408,0,0
228,moving_hotspot,q_learning,0.2339,2.6136,129.6,-0.1025,0,0
229,moving_hotspot,q_learning,0.2523,2.8576,129.6,-0.0255,0,0
230,moving_hotspot,q_learning,0.3116,3.1765,129.6,-0.0655,0,0
231,moving_hotspot,q_learning,0.3564,4.0387,129.6,-0.3395,0,0
232,moving_hotspot,q_learning,0.335,4.5911,129.6,-0.1839,0,0
233,moving_hotspot,q_learning,0.2462,2.8849,129.6,0.9486,0,0
234,moving_hotspot,q_learning,0.1253,1.4515,129.6,0.8157,0,0
235,moving_hotspot,q_learning,0.1848,2.1407,129.6,-0.2472,0,0
236,moving_hotspot,q_learning,0.2028,2.8031,129.6,-0.2347,0,0
237,moving_hotspot,q_learning,0.212,2.7439,129.6,0.126,0,0
238,moving_hotspot,q_learning,0.2067,2.8384,129.6,0.0492,0,0
239,moving_hotspot,q_learning,0.1799,2.6579,129.6,0.1872,0,0
240,moving_hotspot,q_learning,0.2151,3.0504,129.6,-0.1012,0,0
241,moving_hotspot,q_learning,0.3011,4.1849,129.6,-0.4753,0,0
242,moving_hotspot,q_learning,0.2919,4.6244,129.6,-0.1273,0,0
243,moving_hotspot,q_learning,0.2503,2.5975,129.6,1.0957,0,0
244,moving_hotspot,q_learning,0.1973,2.3503,129.6,0.221,0,0
245,moving_hotspot,q_learning,0.172,2.6459,129.6,-0.0508,0,0
246,moving_hotspot,q_learning,0.1226,1.5114,129.6,0.6662,0,0
247,moving_hotspot,q_learning,0.1988,2.1613,129.6,-0.2275,0,0
248,moving_hotspot,q_learning,0.2197,2.6906,129.6,-0.1679,0,0
249,moving_hotspot,q_learning,0.2291,2.5746,129.6,0.1547,0,0
250,moving_hotspot,q_learning,0.3196,3.492,129.6,-0.3655,0,0
251,moving_hotspot,q_learning,0.386,4.471,129.6,-0.3999,0,0
252,moving_hotspot,q_learning,0.3608,4.6423,129.6,0.0064,0,0
253,moving_hotspot,q_learning,0.2521,2.4256,129.6,1.0961,0,0
254,moving_hotspot,q_learning,0.0846,1.387,129.6,0.6185,0,0
255,moving_hotspot,q_learning,0.1736,2.1213,129.6,-0.2697,0,0
256,moving_hotspot,q_learning,0.1873,2.7052,129.6,-0.1951,0,0
257,moving_hotspot,q_learning,0.1968,2.442,129.6,0.2286,0,0
258,moving_hotspot,q_learning,0.1848,2.5521,129.6,0.0419,0,0
259,moving_hotspot,q_learning,0.1854,2.5038,129.6,0.121,0,0
260,moving_hotspot,q_learning,0.2285,3.6603,129.6,-0.4846,0,0
261,moving_hotspot,q_learning,0.2949,4.137,129.6,-0.1471,0,0
262,moving_hotspot,q_learning,0.2906,4.2809,129.6,0.0206,0,0
263,moving_hotspot,q_learning,0.2452,3.2754,129.6,0.5978,0,0
264,moving_hotspot,q_learning,0.1878,2.3388,129.6,0.5656,0,0
265,moving_hotspot,q_learning,0.1495,2.2487,129.6,0.1427,0,0
266,moving_hotspot,q_learning,0.1006,1.4094,129.6,0.5188,0,0
267,moving_hotspot,q_learning,0.2085,2.2747,129.6,-0.3354,0,0
268,moving_hotspot,q_learning,0.2327,2.6655,129.6,-0.0987,0,0
269,moving_hotspot,q_learning,0.256,2.7009,129.6,0.0787,0,0
270,moving_hotspot,q_learning,0.3196,3.348,129.6,-0.2301,0,0
271,moving_hotspot,q_learning,0.3868,4.5109,129.6,-0.491,0,0
272,moving_hotspot,q_learning,0.3394,4.5489,129.6,0.0734,0,0
273,moving_hotspot,q_learning,0.2644,2.8645,129.6,0.9376,0,0
274,moving_hotspot,q_learning,0.1223,1.322,129.6,0.8703,0,0
275,moving_hotspot,q_learning,0.1779,2.0782,129.6,-0.2806,0,0
276,moving_hotspot,q_learning,0.1821,2.5459,129.6,-0.1369,0,0
277,moving_hotspot,q_learning,0.1831,2.7344,129.6,0.0027,0,0
278,moving_hotspot,q_learning,0.1935,2.319,129.6,0.3048,0,0
279,moving_hotspot,q_learning,0.1478,2.6652,129.6,-0.0759,0,0
280,moving_hotspot,q_learning,0.2141,3.4026,129.6,-0.2744,0,0
281,moving_hotspot,q_learning,0.2913,4.0329,129.6,-0.2237,0,0
282,moving_hotspot,q_learning,0.2786,4.4068,129.6,-0.0939,0,0
283,moving_hotspot,q_learning,0.226,2.3774,129.6,1.0962,0,0
284,moving_hotspot,q_learning,0.1922,2.5111,129.6,0.03,0,0
285,moving_hotspot,q_learning,0.1772,2.8255,129.6,-0.0604,0,0
286,moving_hotspot,q_learning,0.1148,1.3987,129.6,0.8124,0,0
287,moving_hotspot,q_learning,0.1965,2.0196,129.6,-0.2127,0,0
288,moving_hotspot,q_learning,0.2099,2.1989,129.6,0.0076,0,0
289,moving_hotspot,q_learning,0.2477,2.7184,129.6,-0.1633,0,0
290,moving_hotspot,q_learning,0.3252,3.2508,129.6,-0.1724,0,0
291,moving_hotspot,q_learning,0.3578,4.0255,129.6,-0.2956,0,0
292,moving_hotspot,q_learning,0.3461,4.2603,129.6,-0.0243,0,0
293,moving_hotspot,q_learning,0.2565,2.7777,129.6,0.8372,0,0
294,moving_hotspot,q_learning,0.1202,1.8259,129.6,0.5746,0,0
295,moving_hotspot,q_learning,0.181,2.5356,129.6,-0.2576,0,0
296,moving_hotspot,q_learning,0.2014,2.581,129.6,0.0743,0,0
297,moving_hotspot,q_learning,0.1972,2.4036,129.6,0.1858,0,0
298,moving_hotspot,q_learning,0.1934,3.14,129.6,-0.2719,0,0
299,moving_hotspot,q_learning,0.1894,2.4594,129.6,0.4373,0,0
300,moving_hotspot,q_learning,0.2278,3.4108,129.6,-0.3813,0,0
301,moving_hotspot,q_learning,0.3081,4.2882,129.6,-0.3479,0,0
302,moving_hotspot,q_learning,0.2963,4.5147,129.6,-0.0206,0,0
303,moving_hotspot,q_learning,0.2409,2.6682,129.6,1.0191,0,0
304,moving_hotspot,q_learning,0.2127,2.7259,129.6,0.068,0,0
305,moving_hotspot,q_learning,0.1903,2.4306,129.6,0.2445,0,0
306,moving_hotspot,q_learning,0.1115,1.4839,129.6,0.5725,0,0
307,moving_hotspot,q_learning,0.1877,1.9951,129.6,-0.1579,0,0
308,moving_hotspot,q_learning,0.1943,2.3104,129.6,-0.0601,0,0
309,moving_hotspot,q_learning,0.2114,2.5905,129.6,-0.043,0,0
310,moving_hotspot,q_learning,0.2928,3.3349,129.6,-0.2782,0,0
311,moving_hotspot,q_learning,0.364,3.9683,129.6,-0.2255,0,0
312,moving_hotspot,q_learning,0.3591,4.2049,129.6,-0.0259,0,0
313,moving_hotspot,q_learning,0.2667,2.9272,129.6,0.7343,0,0
314,moving_hotspot,q_learning,0.1243,1.6911,129.6,0.7169,0,0
315,moving_hotspot,q_learning,0.1845,2.4989,129.6,-0.3068,0,0
316,moving_hotspot,q_learning,0.2127,2.598,129.6,0.047,0,0
317,moving_hotspot,q_learning,0.2043,2.8728,129.6,-0.0407,0,0
318,moving_hotspot,q_learning,0.1969,2.2802,129.6,0.3934,0,0
319,moving_hotspot,q_learning,0.1688,2.5876,129.6,-0.0565,0,0
320,moving_hotspot,q_learning,0.2229,3.1458,129.6,-0.1843,0,0
321,moving_hotspot,q_learning,0.2883,3.844,129.6,-0.2567,0,0
322,moving_hotspot,q_learning,0.28,4.0734,129.6,-0.021,0,0
323,moving_hotspot,q_learning,0.2313,2.7018,129.6,0.7819,0,0
324,moving_hotspot,q_learning,0.1738,2.2689,129.6,0.314,0,0
325,moving_hotspot,q_learning,0.1821,2.5272,129.6,-0.0321,0,0
326,moving_hotspot,q_learning,0.1023,1.2863,129.6,0.7197,0,0
327,moving_hotspot,q_learning,0.1951,2.0325,129.6,-0.2753,0,0
328,moving_hotspot,q_learning,0.2097,2.5485,129.6,-0.1608,0,0
329,moving_hotspot,q_learning,0.2245,2.5145,129.6,0.114,0,0
330,moving_hotspot,q_learning,0.3058,3.1033,129.6,-0.2003,0,0
331,moving_hotspot,q_learning,0.3477,4.1632,129.6,-0.4383,0,0
332,moving_hotspot,q_learning,0.3346,4.3864,129.6,-0.0185,0,0
333,moving_hotspot,q_learning,0.2738,2.4157,129.6,1.0813,0,0
334,moving_hotspot,q_learning,0.0865,1.3181,129.6,0.6481,0,0
335,moving_hotspot,q_learning,0.134,1.6996,129.6,-0.0924,0,0
336,moving_hotspot,q_learning,0.1685,2.0381,129.6,-0.0715,0,0
337,moving_hotspot,q_learning,0.1797,2.3839,129.6,-0.0757,0,0
338,moving_hotspot,q_learning,0.1967,2.576,129.6,0.001,0,0
339,moving_hotspot,q_learning,0.168,2.2798,129.6,0.2453,0,0
340,moving_hotspot,q_learning,0.2179,3.1981,129.6,-0.3641,0,0
341,moving_hotspot,q_learning,0.285,4.0843,129.6,-0.351,0,0
342,moving_hotspot,q_learning,0.2762,4.2809,129.6,-0.0047,0,0
343,moving_hotspot,q_learning,0.2237,2.4318,129.6,1.0211,0,0
344,moving_hotspot,q_learning,0.1892,2.3613,129.6,0.1326,0,0
345,moving_hotspot,q_learning,0.1697,2.5228,129.6,0.0166,0,0
346,moving_hotspot,q_learning,0.0976,1.6991,129.6,0.5109,0,0
347,moving_hotspot,q_learning,0.1878,2.1336,129.6,-0.1195,0,0
348,moving_hotspot,q_learning,0.2184,2.2378,129.6,0.0452,0,0
349,moving_hotspot,q_learning,0.2294,2.503,129.6,-0.0355,0,0
350,moving_hotspot,q_learning,0.3079,3.1902,129.6,-0.2492,0,0
351,moving_hotspot,q_learning,0.3567,3.63,129.6,-0.1276,0,0
352,moving_hotspot,q_learning,0.3351,3.9382,129.6,-0.0605,0,0
353,moving_hotspot,q_learning,0.2515,2.7086,129.6,0.711,0,0
354,moving_hotspot,q_learning,0.0964,1.2208,129.6,0.8431,0,0
355,moving_hotspot,q_learning,0.1636,2.3983,129.6,-0.4911,0,0
356,moving_hotspot,q_learning,0.1823,2.8832,129.6,-0.1457,0,0
357,moving_hotspot,q_learning,0.1552,2.216,129.6,0.4315,0,0
358,moving_hotspot,q_learning,0.1529,2.328,129.6,0.0416,0,0
359,moving_hotspot,q_learning,0.1771,2.2869,129.6,0.1177,0,0
360,moving_hotspot,q_learning,0.2275,3.6152,129.6,-0.5698,0,0
361,moving_hotspot,q_learning,0.3071,3.8285,129.6,-0.0147,0,0
362,moving_hotspot,q_learning,0.3003,4.1741,129.6,-0.0799,0,0
363,moving_hotspot,q_learning,0.2323,2.8944,129.6,0.7358,0,0
364,moving_hotspot,q_learning,0.1983,2.4801,129.6,0.304,0,0
365,moving_hotspot,q_learning,0.184,2.7809,129.6,-0.0538,0,0
366,moving_hotspot,q_learning,0.1295,1.3201,129.6,0.8294,0,0
367,moving_hotspot,q_learning,0.1854,1.9759,129.6,-0.23,0,0
368,moving_hotspot,q_learning,0.2179,2.4103,129.6,-0.1203,0,0
369,moving_hotspot,q_learning,0.2198,2.6747,129.6,-0.0352,0,0
370,moving_hotspot,q_learning,0.3034,3.2453,129.6,-0.1913,0,0
371,moving_hotspot,q_learning,0.3437,4.4999,129.6,-0.5357,0,0
372,moving_hotspot,q_learning,0.3488,4.7552,129.6,-0.0356,0,0
373,moving_hotspot,q_learning,0.2665,2.8477,129.6,1.0492,0,0
374,moving_hotspot,q_learning,0.1212,1.5544,129.6,0.7455,0,0
375,moving_hotspot,q_learning,0.1744,2.2104,129.6,-0.2305,0,0
376,moving_hotspot,q_learning,0.1861,2.5053,129.6,-0.0504,0,0
377,moving_hotspot,q_learning,0.1981,2.5047,129.6,0.0973,0,0
378,moving_hotspot,q_learning,0.1945,2.5271,129.6,0.0857,0,0
379,moving_hotspot,q_learning,0.1737,2.642,129.6,0.0393,0,0
380,moving_hotspot,q_learning,0.2192,3.396,129.6,-0.2828,0,0
381,moving_hotspot,q_learning,0.3034,4.3828,129.6,-0.4029,0,0
382,moving_hotspot,q_learning,0.3051,4.716,129.6,-0.0746,0,0
383,moving_hotspot,q_learning,0.2449,2.5156,129.6,1.096,0,0
384,moving_hotspot,q_learning,0.1975,2.2418,129.6,0.2342,0,0
385,moving_hotspot,q_learning,0.1688,2.5279,129.6,-0.0458,0,0
386,moving_hotspot,q_learning,0.092,1.1481,129.6,0.7893,0,0
387,moving_hotspot,q_learning,0.1868,1.8099,129.6,-0.2329,0,0
388,moving_hotspot,q_learning,0.2,2.3439,129.6,-0.1696,0,0
389,moving_hotspot,q_learning,0.2317,2.64,129.6,-0.0517,0,0
390,moving_hotspot,q_learning,0.3128,3.4721,129.6,-0.3228,0,0
391,moving_hotspot,q_learning,0.3654,4.1578,129.6,-0.252,0,0
392,moving_hotspot,q_learning,0.3361,4.5647,129.6,-0.111,0,0
393,moving_hotspot,q_learning,0.2566,2.4135,129.6,1.0963,0,0
394,moving_hotspot,q_learning,0.0873,1.3084,129.6,0.6519,0,0
395,moving_hotspot,q_learning,0.1344,1.8492,129.6,-0.1722,0,0
396,moving_hotspot,q_learning,0.166,2.2144,129.6,-0.0849,0,0
397,moving_hotspot,q_learning,0.1885,2.2963,129.6,0.0563,0,0
398,moving_hotspot,q_learning,0.1778,2.3062,129.6,0.0922,0,0
399,moving_hotspot,q_learning,0.161,2.7079,129.6,-0.1038,0,0
400,moving_hotspot,q_learning,0.2298,3.2989,129.6,-0.2014,0,0
401,moving_hotspot,q_learning,0.3106,4.3633,129.6,-0.4413,0,0
402,moving_hotspot,q_learning,0.305,4.6667,129.6,-0.0592,0,0
403,moving_hotspot,q_learning,0.2489,2.6171,129.6,1.0957,0,0
404,moving_hotspot,q_learning,0.1993,2.5771,129.6,0.117,0,0
405,moving_hotspot,q_learning,0.1638,2.3955,129.6,0.1882,0,0
406,moving_hotspot,q_learning,0.0972,1.4908,129.6,0.5516,0,0
407,moving_hotspot,q_learning,0.1925,2.0093,129.6,-0.1616,0,0
408,moving_hotspot,q_learning,0.2199,2.4818,129.6,-0.1392,0,0
409,moving_hotspot,q_learning,0.2123,2.3234,129.6,0.1764,0,0
410,moving_hotspot,q_learning,0.3067,3.4254,129.6,-0.457,0,0
411,moving_hotspot,q_learning,0.3445,3.7928,129.6,-0.0917,0,0
412,moving_hotspot,q_learning,0.3256,3.9253,129.6,0.0274,0,0
413,moving_hotspot,q_learning,0.2688,2.9283,129.6,0.5941,0,0
414,moving_hotspot,q_learning,0.099,1.3492,129.6,0.8887,0,0
415,moving_hotspot,q_learning,0.1474,2.0156,129.6,-0.2352,0,0
416,moving_hotspot,q_learning,0.1962,2.7611,129.6,-0.2763,0,0
417,moving_hotspot,q_learning,0.2161,2.7794,129.6,0.0872,0,0
418,moving_hotspot,q_learning,0.2044,2.7667,129.6,0.1031,0,0
419,moving_hotspot,q_learning,0.1722,2.4796,129.6,0.2406,0,0
420,moving_hotspot,q_learning,0.2229,3.3031,129.6,-0.3173,0,0
421,moving_hotspot,q_learning,0.2976,3.9943,129.6,-0.2541,0,0
422,moving_hotspot,q_learning,0.3035,4.4431,129.6,-0.1317,0,0
423,moving_hotspot,q_learning,0.2641,2.8355,129.6,0.899,0,0
424,moving_hotspot,q_learning,0.2321,2.9209,129.6,0.0536,0,0
425,moving_hotspot,q_learning,0.1862,2.5594,129.6,0.2777,0,0
426,moving_hotspot,q_learning,0.1421,1.6342,129.6,0.5613,0,0
427,moving_hotspot,q_learning,0.1946,1.9537,129.6,-0.0619,0,0
428,moving_hotspot,q_learning,0.1832,2.1733,129.6,-0.0123,0,0
429,moving_hotspot,q_learning,0.185,2.3698,129.6,-0.0008,0,0
430,moving_hotspot,q_learning,0.2692,2.9825,129.6,-0.211,0,0
431,moving_hotspot,q_learning,0.3285,3.4024,129.6,-0.1166,0,0
432,moving_hotspot,q_learning,0.335,3.9792,129.6,-0.1947,0,0
433,moving_hotspot,q_learning,0.2265,2.5322,129.6,0.8202,0,0
434,moving_hotspot,q_learning,0.0882,1.6581,129.6,0.5362,0,0
435,moving_hotspot,q_learning,0.1601,1.9119,129.6,-0.0288,0,0
436,moving_hotspot,q_learning,0.178,2.2469,129.6,-0.0703,0,0
437,moving_hotspot,q_learning,0.1875,2.4284,129.6,0.0062,0,0
438,moving_hotspot,q_learning,0.1872,2.5969,129.6,0.0129,0,0
439,moving_hotspot,q_learning,0.1854,2.4982,129.6,0.1462,0,0
440,moving_hotspot,q_learning,0.2094,3.4546,129.6,-0.3836,0,0
441,moving_hotspot,q_learning,0.2801,3.8979,129.6,-0.1297,0,0
442,moving_hotspot,q_learning,0.2786,4.1403,129.6,-0.0277,0,0
443,moving_hotspot,q_learning,0.2274,2.6544,129.6,0.8392,0,0
444,moving_hotspot,q_learning,0.189,2.5978,129.6,0.1252,0,0
445,moving_hotspot,q_learning,0.1752,2.671,129.6,0.0601,0,0
446,moving_hotspot,q_learning,0.1161,1.4509,129.6,0.7091,0,0
447,moving_hotspot,q_learning,0.1897,2.146,129.6,-0.2501,0,0
448,moving_hotspot,q_learning,0.2156,2.7685,129.6,-0.2147,0,0
449,moving_hotspot,q_learning,0.2469,2.8986,129.6,0.0314,0,0
450,moving_hotspot,q_learning,0.3267,3.4438,129.6,-0.1793,0,0
451,moving_hotspot,q_learning,0.3595,4.6648,129.6,-0.5198,0,0
452,moving_hotspot,q_learning,0.3277,5.0226,129.6,-0.087,0,0
453,moving_hotspot,q_learning,0.2487,2.5394,129.6,1.0963,0,0
454,moving_hotspot,q_learning,0.0916,1.2551,129.6,0.7414,0,0
455,moving_hotspot,q_learning,0.1683,2.0367,129.6,-0.2931,0,0
456,moving_hotspot,q_learning,0.1739,2.3297,129.6,-0.0491,0,0
457,moving_hotspot,q_learning,0.1819,2.2028,129.6,0.1608,0,0
458,moving_hotspot,q_learning,0.1997,2.6841,129.6,-0.1439,0,0
459,moving_hotspot,q_learning,0.175,2.6529,129.6,0.1124,0,0
460,moving_hotspot,q_learning,0.2138,3.2531,129.6,-0.2056,0,0
461,moving_hotspot,q_learning,0.2786,4.2245,129.6,-0.3942,0,0
462,moving_hotspot,q_learning,0.2833,4.6214,129.6,-0.1057,0,0
463,moving_hotspot,q_learning,0.2508,2.621,129.6,1.0954,0,0
464,moving_hotspot,q_learning,0.1927,2.7006,129.6,0.0573,0,0
465,moving_hotspot,q_learning,0.1669,2.1274,129.6,0.3843,0,0
466,moving_hotspot,q_learning,0.1017,1.4234,129.6,0.4512,0,0
467,moving_hotspot,q_learning,0.2163,2.1031,129.6,-0.2426,0,0
468,moving_hotspot,q_learning,0.2354,2.4516,129.6,-0.0773,0,0
469,moving_hotspot,q_learning,0.2336,2.5562,129.6,0.0444,0,0
470,moving_hotspot,q_learning,0.3189,3.174,129.6,-0.215,0,0
471,moving_hotspot,q_learning,0.3701,4.1387,129.6,-0.3916,0,0
472,moving_hotspot,q_learning,0.3297,4.2861,129.6,0.0195,0,0
473,moving_hotspot,q_learning,0.2224,2.0107,129.6,1.0969,0,0
474,moving_hotspot,q_learning,0.0849,1.4879,129.6,0.3606,0,0
475,moving_hotspot,q_learning,0.1794,2.1183,129.6,-0.2177,0,0
476,moving_hotspot,q_learning,0.1934,2.626,129.6,-0.1569,0,0
477,moving_hotspot,q_learning,0.1974,2.4047,129.6,0.2078,0,0
478,moving_hotspot,q_learning,0.1963,2.2135,129.6,0.1929,0,0
479,moving_hotspot,q_learning,0.1773,2.6511,129.6,-0.1221,0,0
480,moving_hotspot,q_learning,0.2372,3.3276,129.6,-0.2442,0,0
481,moving_hotspot,q_learning,0.3067,4.0014,129.6,-0.2456,0,0
482,moving_hotspot,q_learning,0.3152,4.6267,129.6,-0.2205,0,0
483,moving_hotspot,q_learning,0.2773,2.7292,129.6,1.0434,0,0
484,moving_hotspot,q_learning,0.2393,3.1441,129.6,-0.1118,0,0
485,moving_hotspot,q_learning,0.2029,2.7747,129.6,0.2812,0,0
486,moving_hotspot,q_learning,0.125,1.6065,129.6,0.683,0,0
487,moving_hotspot,q_learning,0.1906,1.9807,129.6,-0.0894,0,0
488,moving_hotspot,q_learning,0.2266,2.6688,129.6,-0.2474,0,0
489,moving_hotspot,q_learning,0.2485,2.3806,129.6,0.2409,0,0
490,moving_hotspot,q_learning,0.3354,3.5282,129.6,-0.4805,0,0
491,moving_hotspot,q_learning,0.377,3.9433,129.6,-0.1165,0,0
492,moving_hotspot,q_learning,0.3491,4.3558,129.6,-0.1137,0,0
493,moving_hotspot,q_learning,0.2714,3.0215,129.6,0.7624,0,0
494,moving_hotspot,q_learning,0.1205,1.5431,129.6,0.838,0,0
495,moving_hotspot,q_learning,0.1807,2.2639,129.6,-0.2633,0,0
496,moving_hotspot,q_learning,0.1999,2.7935,129.6,-0.1681,0,0
497,moving_hotspot,q_learning,0.2024,2.7395,129.6,0.1239,0,0
498,moving_hotspot,q_learning,0.1809,2.183,129.6,0.3757,0,0
499,moving_hotspot,q_learning,0.1655,2.8255,129.6,-0.2243,0,0
500,moving_hotspot,q_learning,0.2143,3.1035,129.6,-0.0441,0,0
1,multi_hotspot,q_learning,19.6911,23.0333,129.6,-0.441,0,0
2,multi_hotspot,q_learning,17.5233,23.1833,129.6,-0.0553,0,0
3,multi_hotspot,q_learning,15.5029,23.2596,129.6,-0.1011,0,0
4,multi_hotspot,q_learning,13.5807,23.3279,129.6,-0.1987,0,0
5,multi_hotspot,q_learning,11.7449,23.4727,129.6,-0.3529,0,0
6,multi_hotspot,q_learning,10.0155,23.7131,129.6,-0.5202,0,0
7,multi_hotspot,q_learning,8.3521,24.0403,129.6,-0.5636,0,0
8,multi_hotspot,q_learning,6.7992,24.1895,129.6,-0.4746,0,0
9,multi_hotspot,q_learning,5.663,24.6161,129.6,-0.6133,0,0
10,multi_hotspot,q_learning,5.365,24.8335,129.6,-0.5087,0,0
11,multi_hotspot,q_learning,5.2409,24.8959,129.6,-0.4312,0,0
12,multi_hotspot,q_learning,5.0786,24.6175,129.6,-0.2608,0,0
13,multi_hotspot,q_learning,4.975,24.6587,129.6,-0.4206,0,0
14,multi_hotspot,q_learning,4.8761,24.703,129.6,-0.4222,0,0
15,multi_hotspot,q_learning,4.7903,24.9075,129.6,-0.5023,0,0
16,multi_hotspot,q_learning,4.7217,24.9848,129.6,-0.4386,0,0
17,multi_hotspot,q_learning,4.7023,25.1447,129.6,-0.48,0,0
18,multi_hotspot,q_learning,4.7063,25.3483,129.6,-0.5018,0,0
19,multi_hotspot,q_learning,4.6727,25.5606,129.6,-0.5062,0,0
20,multi_hotspot,q_learning,4.7114,25.3928,129.6,-0.3161,0,0
21,multi_hotspot,q_learning,4.7338,25.552,129.6,-0.4796,0,0
22,multi_hotspot,q_learning,4.7605,25.6171,129.6,-0.4326,0,0
23,multi_hotspot,q_learning,4.7947,25.472,129.6,-0.3275,0,0
24,multi_hotspot,q_learning,4.8044,25.348,129.6,-0.338,0,0
25,multi_hotspot,q_learning,4.8138,25.2835,129.6,-0.3678,0,0
26,multi_hotspot,q_learning,4.8187,25.1749,129.6,-0.3457,0,0
27,multi_hotspot,q_learning,4.8321,25.1223,129.6,-0.3737,0,0
28,multi_hotspot,q_learning,4.8476,24.9495,129.6,-0.3136,0,0
29,multi_hotspot,q_learning,4.8447,24.9977,129.6,-0.4241,0,0
30,multi_hotspot,q_learning,4.7354,25.1152,129.6,-0.4588,0,0
31,multi_hotspot,q_learning,4.6603,25.3497,129.6,-0.5173,0,0
32,multi_hotspot,q_learning,4.5829,25.6083,129.6,-0.5293,0,0
33,multi_hotspot,q_learning,4.5053,25.6505,129.6,-0.4211,0,0
34,multi_hotspot,q_learning,4.4995,25.6978,129.6,-0.4236,0,0
35,multi_hotspot,q_learning,4.498,25.481,129.6,-0.2916,0,0
36,multi_hotspot,q_learning,4.4817,25.5131,129.6,-0.4161,0,0
37,multi_hotspot,q_learning,4.4839,25.3627,129.6,-0.3248,0,0
38,multi_hotspot,q_learning,4.491,25.2414,129.6,-0.3393,0,0
39,multi_hotspot,q_learning,4.4806,25.0202,129.6,-0.2894,0,0
40,multi_hotspot,q_learning,4.5302,25.1912,129.6,-0.4855,0,0
41,multi_hotspot,q_learning,4.5841,25.2725,129.6,-0.4407,0,0
42,multi_hotspot,q_learning,4.6064,25.0917,129.6,-0.3096,0,0
43,multi_hotspot,q_learning,4.6487,25.1164,129.6,-0.4124,0,0
44,multi_hotspot,q_learning,4.6638,25.1655,129.6,-0.4245,0,0
45,multi_hotspot,q_learning,4.6867,25.183,129.6,-0.4088,0,0
46,multi_hotspot,q_learning,4.703,25.1205,129.6,-0.3687,0,0
47,multi_hotspot,q_learning,4.7334,25.1935,129.6,-0.4365,0,0
48,multi_hotspot,q_learning,4.7536,25.1755,129.6,-0.391,0,0
49,multi_hotspot,q_learning,4.7904,25.4699,129.6,-0.5472,0,0
50,multi_hotspot,q_learning,4.7069,25.4783,129.6,-0.4042,0,0
51,multi_hotspot,q_learning,4.6057,25.2925,129.6,-0.3071,0,0
52,multi_hotspot,q_learning,4.5244,25.2313,129.6,-0.3694,0,0
53,multi_hotspot,q_learning,4.458,25.1269,129.6,-0.3478,0,0
54,multi_hotspot,q_learning,4.4345,25.2521,129.6,-0.4626,0,0
55,multi_hotspot,q_learning,4.4375,25.346,129.6,-0.447,0,0
56,multi_hotspot,q_learning,4.457,25.2934,129.6,-0.3737,0,0
57,multi_hotspot,q_learning,4.4624,25.3988,129.6,-0.4527,0,0
58,multi_hotspot,q_learning,4.4601,25.6208,129.6,-0.511,0,0
59,multi_hotspot,q_learning,4.4615,25.6043,129.6,-0.3918,0,0
60,multi_hotspot,q_learning,4.5042,25.6235,129.6,-0.4096,0,0
61,multi_hotspot,q_learning,4.5485,25.6794,129.6,-0.428,0,0
62,multi_hotspot,q_learning,4.5958,25.8021,129.6,-0.4614,0,0
63,multi_hotspot,q_learning,4.6256,25.8736,129.6,-0.4357,0,0
64,multi_hotspot,q_learning,4.6608,25.5967,129.6,-0.2616,0,0
65,multi_hotspot,q_learning,4.6825,25.7541,129.6,-0.4787,0,0
66,multi_hotspot,q_learning,4.7125,25.9424,129.6,-0.4941,0,0
67,multi_hotspot,q_learning,4.7164,25.9856,129.6,-0.4216,0,0
68,multi_hotspot,q_learning,4.738,25.9882,129.6,-0.4013,0,0
69,multi_hotspot,q_learning,4.7642,25.8764,129.6,-0.3441,0,0
70,multi_hotspot,q_learning,4.6587,26.0813,129.6,-0.5024,0,0
71,multi_hotspot,q_learning,4.5635,25.7639,129.6,-0.2413,0,0
72,multi_hotspot,q_learning,4.4848,25.605,129.6,-0.3206,0,0
73,multi_hotspot,q_learning,4.4239,25.6358,129.6,-0.4154,0,0
74,multi_hotspot,q_learning,4.4095,25.6584,129.6,-0.4113,0,0
75,multi_hotspot,q_learning,4.3957,25.5921,129.6,-0.3669,0,0
76,multi_hotspot,q_learning,4.3987,25.4527,129.6,-0.3303,0,0
77,multi_hotspot,q_learning,4.3968,25.528,129.6,-0.4377,0,0
78,multi_hotspot,q_learning,4.39,25.5972,129.6,-0.4346,0,0
79,multi_hotspot,q_learning,4.3906,25.6558,129.6,-0.4293,0,0
80,multi_hotspot,q_learning,4.4489,25.6644,129.6,-0.4043,0,0
81,multi_hotspot,q_learning,4.5041,25.9903,129.6,-0.5629,0,0
82,multi_hotspot,q_learning,4.5535,25.8854,129.6,-0.3476,0,0
83,multi_hotspot,q_learning,4.5873,25.7311,129.6,-0.3228,0,0
84,multi_hotspot,q_learning,4.6088,25.5043,129.6,-0.2866,0,0
85,multi_hotspot,q_learning,4.6575,25.5582,129.6,-0.427,0,0
86,multi_hotspot,q_learning,4.6868,25.5748,129.6,-0.4083,0,0
87,multi_hotspot,q_learning,4.7313,25.8398,129.6,-0.5325,0,0
88,multi_hotspot,q_learning,4.7425,25.7723,129.6,-0.3662,0,0
89,multi_hotspot,q_learning,4.7491,25.9517,129.6,-0.4897,0,0
90,multi_hotspot,q_learning,4.6605,26.0261,129.6,-0.4372,0,0
91,multi_hotspot,q_learning,4.5586,25.8861,129.6,-0.33,0,0
92,multi_hotspot,q_learning,4.4865,25.9664,129.6,-0.4401,0,0
93,multi_hotspot,q_learning,4.4391,26.1481,129.6,-0.4908,0,0
94,multi_hotspot,q_learning,4.4381,25.8901,129.6,-0.271,0,0
95,multi_hotspot,q_learning,4.4481,25.9468,129.6,-0.4284,0,0
96,multi_hotspot,q_learning,4.4529,26.131,129.6,-0.4921,0,0
97,multi_hotspot,q_learning,4.4316,25.7835,129.6,-0.2262,0,0
98,multi_hotspot,q_learning,4.444,25.7839,129.6,-0.4002,0,0
99,multi_hotspot,q_learning,4.4266,25.7514,129.6,-0.3837,0,0
100,multi_hotspot,q_learning,4.484,25.763,129.6,-0.4058,0,0
101,multi_hotspot,q_learning,4.5293,25.835,129.6,-0.436,0,0
102,multi_hotspot,q_learning,4.5892,25.8746,129.6,-0.4198,0,0
103,multi_hotspot,q_learning,4.6144,25.5917,129.6,-0.2586,0,0
104,multi_hotspot,q_learning,4.6603,25.673,129.6,-0.4406,0,0
105,multi_hotspot,q_learning,4.6912,25.78,129.6,-0.4535,0,0
106,multi_hotspot,q_learning,4.7122,25.8158,129.6,-0.4179,0,0
107,multi_hotspot,q_learning,4.7329,25.8263,129.6,-0.4053,0,0
108,multi_hotspot,q_learning,4.7657,25.8636,129.6,-0.4186,0,0
109,multi_hotspot,q_learning,4.7689,26.0111,129.6,-0.4738,0,0
110,multi_hotspot,q_learning,4.6993,25.876,129.6,-0.3325,0,0
111,multi_hotspot,q_learning,4.5934,25.6857,129.6,-0.3048,0,0
112,multi_hotspot,q_learning,4.5231,25.6092,129.6,-0.3617,0,0
113,multi_hotspot,q_learning,4.4514,25.5654,129.6,-0.3781,0,0
114,multi_hotspot,q_learning,4.4579,25.5455,129.6,-0.3901,0,0
115,multi_hotspot,q_learning,4.4716,25.7046,129.6,-0.4796,0,0
116,multi_hotspot,q_learning,4.4593,26.0185,129.6,-0.5569,0,0
117,multi_hotspot,q_learning,4.4627,25.6525,129.6,-0.217,0,0
118,multi_hotspot,q_learning,4.4506,25.646,129.6,-0.3967,0,0
119,multi_hotspot,q_learning,4.4637,25.5569,129.6,-0.3554,0,0
120,multi_hotspot,q_learning,4.5061,25.6859,129.6,-0.4645,0,0
121,multi_hotspot,q_learning,4.5455,25.799,129.6,-0.4565,0,0
122,multi_hotspot,q_learning,4.5868,25.5569,129.6,-0.279,0,0
123,multi_hotspot,q_learning,4.6173,25.2531,129.6,-0.2481,0,0
124,multi_hotspot,q_learning,4.6581,25.3042,129.6,-0.4256,0,0
125,multi_hotspot,q_learning,4.7058,25.4423,129.6,-0.469,0,0
126,multi_hotspot,q_learning,4.7371,25.6857,129.6,-0.5217,0,0
127,multi_hotspot,q_learning,4.7618,25.8723,129.6,-0.4933,0,0
128,multi_hotspot,q_learning,4.7904,25.8189,129.6,-0.3733,0,0
129,multi_hotspot,q_learning,4.7955,25.5978,129.6,-0.2895,0,0
130,multi_hotspot,q_learning,4.688,25.6421,129.6,-0.4221,0,0
131,multi_hotspot,q_learning,4.6016,25.704,129.6,-0.431,0,0
132,multi_hotspot,q_learning,4.5289,25.8562,129.6,-0.4761,0,0
133,multi_hotspot,q_learning,4.4704,25.8118,129.6,-0.3778,0,0
134,multi_hotspot,q_learning,4.4708,26.1453,129.6,-0.5668,0,0
135,multi_hotspot,q_learning,4.4671,25.9334,129.6,-0.2941,0,0
136,multi_hotspot,q_learning,4.4666,25.7743,129.6,-0.3204,0,0
137,multi_hotspot,q_learning,4.4692,25.614,129.6,-0.3199,0,0
138,multi_hotspot,q_learning,4.5021,25.6715,129.6,-0.4288,0,0
139,multi_hotspot,q_learning,4.5025,25.6952,129.6,-0.4119,0,0
140,multi_hotspot,q_learning,4.5477,25.6491,129.6,-0.3769,0,0
141,multi_hotspot,q_learning,4.5939,25.7003,129.6,-0.4256,0,0
142,multi_hotspot,q_learning,4.6337,25.8147,129.6,-0.4572,0,0
143,multi_hotspot,q_learning,4.6537,25.5322,129.6,-0.2588,0,0
144,multi_hotspot,q_learning,4.6719,25.237,129.6,-0.2524,0,0
145,multi_hotspot,q_learning,4.7072,25.5728,129.6,-0.5679,0,0
146,multi_hotspot,q_learning,4.7405,25.4191,129.6,-0.3232,0,0
147,multi_hotspot,q_learning,4.7699,25.336,129.6,-0.3584,0,0
148,multi_hotspot,q_learning,4.7938,25.2834,129.6,-0.3737,0,0
149,multi_hotspot,q_learning,4.81,25.2732,129.6,-0.3949,0,0
150,multi_hotspot,q_learning,4.7115,25.2658,129.6,-0.3963,0,0
151,multi_hotspot,q_learning,4.6349,25.3421,129.6,-0.4381,0,0
152,multi_hotspot,q_learning,4.5582,25.1436,129.6,-0.3008,0,0
153,multi_hotspot,q_learning,4.5186,25.1357,129.6,-0.3961,0,0
154,multi_hotspot,q_learning,4.5002,25.3284,129.6,-0.4964,0,0
155,multi_hotspot,q_learning,4.4953,25.3332,129.6,-0.4024,0,0
156,multi_hotspot,q_learning,4.4962,25.5767,129.6,-0.5217,0,0
157,multi_hotspot,q_learning,4.5244,25.7005,129.6,-0.4619,0,0
158,multi_hotspot,q_learning,4.5169,25.577,129.6,-0.3382,0,0
159,multi_hotspot,q_learning,4.5099,25.6599,129.6,-0.4414,0,0
160,multi_hotspot,q_learning,4.5657,25.6753,129.6,-0.4077,0,0
161,multi_hotspot,q_learning,4.6095,25.887,129.6,-0.5058,0,0
162,multi_hotspot,q_learning,4.6545,25.9933,129.6,-0.4531,0,0
163,multi_hotspot,q_learning,4.6898,25.9893,129.6,-0.398,0,0
164,multi_hotspot,q_learning,4.7396,26.094,129.6,-0.4523,0,0
165,multi_hotspot,q_learning,4.777,26.0302,129.6,-0.3681,0,0
166,multi_hotspot,q_learning,4.8062,26.1226,129.6,-0.4462,0,0
167,multi_hotspot,q_learning,4.8313,26.3681,129.6,-0.5228,0,0
168,multi_hotspot,q_learning,4.834,26.1887,129.6,-0.3103,0,0
169,multi_hotspot,q_learning,4.8596,26.41,129.6,-0.5107,0,0
170,multi_hotspot,q_learning,4.7536,26.3938,129.6,-0.3919,0,0
171,multi_hotspot,q_learning,4.6674,26.4257,129.6,-0.416,0,0
172,multi_hotspot,q_learning,4.6028,26.5944,129.6,-0.4843,0,0
173,multi_hotspot,q_learning,4.5222,26.4064,129.6,-0.306,0,0
174,multi_hotspot,q_learning,4.4965,26.2995,129.6,-0.3466,0,0
175,multi_hotspot,q_learning,4.4898,26.0731,129.6,-0.2868,0,0
176,multi_hotspot,q_learning,4.4891,26.0486,129.6,-0.3877,0,0
177,multi_hotspot,q_learning,4.483,26.2959,129.6,-0.5237,0,0
178,multi_hotspot,q_learning,4.489,26.3434,129.6,-0.4237,0,0
179,multi_hotspot,q_learning,4.4705,26.0754,129.6,-0.266,0,0
180,multi_hotspot,q_learning,4.5136,25.983,129.6,-0.3538,0,0
181,multi_hotspot,q_learning,4.5409,25.9251,129.6,-0.3711,0,0
182,multi_hotspot,q_learning,4.5656,25.7774,129.6,-0.3261,0,0
183,multi_hotspot,q_learning,4.5939,25.6128,129.6,-0.3177,0,0
184,multi_hotspot,q_learning,4.6285,25.4566,129.6,-0.3219,0,0
185,multi_hotspot,q_learning,4.6614,25.4314,129.6,-0.3874,0,0
186,multi_hotspot,q_learning,4.6786,25.5817,129.6,-0.4752,0,0
187,multi_hotspot,q_learning,4.6877,25.359,129.6,-0.2887,0,0
188,multi_hotspot,q_learning,4.7129,25.4863,129.6,-0.4636,0,0
189,multi_hotspot,q_learning,4.7186,25.3784,129.6,-0.346,0,0
190,multi_hotspot,q_learning,4.6403,25.3459,129.6,-0.3838,0,0
191,multi_hotspot,q_learning,4.5764,25.3398,129.6,-0.3969,0,0
192,multi_hotspot,q_learning,4.4954,25.5749,129.6,-0.5176,0,0
193,multi_hotspot,q_learning,4.4152,25.3031,129.6,-0.2641,0,0
194,multi_hotspot,q_learning,4.4031,25.1302,129.6,-0.3135,0,0
195,multi_hotspot,q_learning,4.4126,25.1574,129.6,-0.4136,0,0
196,multi_hotspot,q_learning,4.4123,25.1179,129.6,-0.3802,0,0
197,multi_hotspot,q_learning,4.4163,25.1493,129.6,-0.4157,0,0
198,multi_hotspot,q_learning,4.4139,25.1018,129.6,-0.3763,0,0
199,multi_hotspot,q_learning,4.4105,25.1566,129.6,-0.4274,0,0
200,multi_hotspot,q_learning,4.4535,24.8887,129.6,-0.2661,0,0
201,multi_hotspot,q_learning,4.4921,24.8177,129.6,-0.3645,0,0
202,multi_hotspot,q_learning,4.5358,24.742,129.6,-0.3621,0,0
203,multi_hotspot,q_learning,4.5755,24.7815,129.6,-0.4197,0,0
204,multi_hotspot,q_learning,4.615,25.0437,129.6,-0.5311,0,0
205,multi_hotspot,q_learning,4.6405,25.2582,129.6,-0.5073,0,0
206,multi_hotspot,q_learning,4.6757,25.3277,129.6,-0.4347,0,0
207,multi_hotspot,q_learning,4.7309,25.4086,129.6,-0.4404,0,0
208,multi_hotspot,q_learning,4.7552,25.141,129.6,-0.2662,0,0
209,multi_hotspot,q_learning,4.7628,25.2264,129.6,-0.4427,0,0
210,multi_hotspot,q_learning,4.6684,25.1115,129.6,-0.3426,0,0
211,multi_hotspot,q_learning,4.6081,25.1823,129.6,-0.4354,0,0
212,multi_hotspot,q_learning,4.5203,25.025,129.6,-0.3214,0,0
213,multi_hotspot,q_learning,4.4485,25.0209,129.6,-0.3979,0,0
214,multi_hotspot,q_learning,4.4502,25.1592,129.6,-0.4692,0,0
215,multi_hotspot,q_learning,4.4371,24.8628,129.6,-0.2518,0,0
216,multi_hotspot,q_learning,4.45,25.0694,129.6,-0.5033,0,0
217,multi_hotspot,q_learning,4.4458,25.0716,129.6,-0.4011,0,0
218,multi_hotspot,q_learning,4.4628,25.293,129.6,-0.5107,0,0
219,multi_hotspot,q_learning,4.4645,25.4885,129.6,-0.4977,0,0
220,multi_hotspot,q_learning,4.5133,25.5023,129.6,-0.4069,0,0
221,multi_hotspot,q_learning,4.5488,25.4518,129.6,-0.3748,0,0
222,multi_hotspot,q_learning,4.6004,25.7499,129.6,-0.549,0,0
223,multi_hotspot,q_learning,4.6329,25.6692,129.6,-0.3597,0,0
224,multi_hotspot,q_learning,4.6665,25.5965,129.6,-0.3637,0,0
225,multi_hotspot,q_learning,4.6903,25.5301,129.6,-0.3668,0,0
226,multi_hotspot,q_learning,4.7215,25.6884,129.6,-0.4792,0,0
227,multi_hotspot,q_learning,4.7475,25.6078,129.6,-0.3597,0,0
228,multi_hotspot,q_learning,4.7792,25.6463,129.6,-0.4192,0,0
229,multi_hotspot,q_learning,4.8174,25.4954,129.6,-0.3245,0,0
230,multi_hotspot,q_learning,4.7013,25.3488,129.6,-0.3267,0,0
231,multi_hotspot,q_learning,4.6321,25.824,129.6,-0.6376,0,0
232,multi_hotspot,q_learning,4.5503,25.7462,129.6,-0.3611,0,0
233,multi_hotspot,q_learning,4.4827,25.705,129.6,-0.3794,0,0
234,multi_hotspot,q_learning,4.4758,25.7653,129.6,-0.4301,0,0
235,multi_hotspot,q_learning,4.474,25.7246,129.6,-0.3797,0,0
236,multi_hotspot,q_learning,4.476,25.9416,129.6,-0.5085,0,0
237,multi_hotspot,q_learning,4.4771,26.1014,129.6,-0.4799,0,0
238,multi_hotspot,q_learning,4.4835,26.0826,129.6,-0.3906,0,0
239,multi_hotspot,q_learning,4.4724,25.913,129.6,-0.3152,0,0
240,multi_hotspot,q_learning,4.5284,25.7232,129.6,-0.3051,0,0
241,multi_hotspot,q_learning,4.5786,25.5425,129.6,-0.3096,0,0
242,multi_hotspot,q_learning,4.5989,25.4542,129.6,-0.3558,0,0
243,multi_hotspot,q_learning,4.6499,25.7185,129.6,-0.5321,0,0
244,multi_hotspot,q_learning,4.6765,25.5526,129.6,-0.3171,0,0
245,multi_hotspot,q_learning,4.6993,25.7995,129.6,-0.5234,0,0
246,multi_hotspot,q_learning,4.7213,25.8732,129.6,-0.4369,0,0
247,multi_hotspot,q_learning,4.7139,25.7198,129.6,-0.3233,0,0
248,multi_hotspot,q_learning,4.7403,25.625,129.6,-0.3526,0,0
249,multi_hotspot,q_learning,4.7635,25.5129,129.6,-0.3439,0,0
250,multi_hotspot,q_learning,4.7051,25.4617,129.6,-0.3744,0,0
251,multi_hotspot,q_learning,4.6061,25.164,129.6,-0.2511,0,0
252,multi_hotspot,q_learning,4.5476,25.2785,129.6,-0.4573,0,0
253,multi_hotspot,q_learning,4.4856,25.082,129.6,-0.3017,0,0
254,multi_hotspot,q_learning,4.4613,25.2381,129.6,-0.478,0,0
255,multi_hotspot,q_learning,4.4634,25.2426,129.6,-0.4023,0,0
256,multi_hotspot,q_learning,4.4591,25.1795,129.6,-0.3684,0,0
257,multi_hotspot,q_learning,4.4545,25.3435,129.6,-0.482,0,0
258,multi_hotspot,q_learning,4.4395,25.3438,129.6,-0.4001,0,0
259,multi_hotspot,q_learning,4.4437,25.6213,129.6,-0.5388,0,0
260,multi_hotspot,q_learning,4.4774,25.769,129.6,-0.4739,0,0
261,multi_hotspot,q_learning,4.5078,25.6126,129.6,-0.3218,0,0
262,multi_hotspot,q_learning,4.5709,25.615,129.6,-0.4012,0,0
263,multi_hotspot,q_learning,4.6093,25.5042,129.6,-0.3446,0,0
264,multi_hotspot,q_learning,4.6469,25.5409,129.6,-0.4184,0,0
265,multi_hotspot,q_learning,4.6874,25.442,129.6,-0.3506,0,0
266,multi_hotspot,q_learning,4.7094,25.4104,129.6,-0.3842,0,0
267,multi_hotspot,q_learning,4.7571,25.4586,129.6,-0.4241,0,0
268,multi_hotspot,q_learning,4.7748,25.4241,129.6,-0.3827,0,0
269,multi_hotspot,q_learning,4.7911,25.4739,129.6,-0.4249,0,0
270,multi_hotspot,q_learning,4.6874,25.2587,129.6,-0.2924,0,0
271,multi_hotspot,q_learning,4.6181,25.3552,129.6,-0.4483,0,0
272,multi_hotspot,q_learning,4.5356,25.1337,129.6,-0.2893,0,0
273,multi_hotspot,q_learning,4.4687,25.2829,129.6,-0.4746,0,0
274,multi_hotspot,q_learning,4.4505,25.4758,129.6,-0.4965,0,0
275,multi_hotspot,q_learning,4.4484,25.5919,129.6,-0.458,0,0
276,multi_hotspot,q_learning,4.4706,25.7963,129.6,-0.5022,0,0
277,multi_hotspot,q_learning,4.4546,25.6923,129.6,-0.348,0,0
278,multi_hotspot,q_learning,4.4702,25.6622,129.6,-0.3849,0,0
279,multi_hotspot,q_learning,4.448,25.4961,129.6,-0.3169,0,0
280,multi_hotspot,q_learning,4.4963,25.7849,129.6,-0.5444,0,0
281,multi_hotspot,q_learning,4.5278,25.8686,129.6,-0.4418,0,0
282,multi_hotspot,q_learning,4.5814,25.7829,129.6,-0.3572,0,0
283,multi_hotspot,q_learning,4.6406,25.8358,129.6,-0.4265,0,0
284,multi_hotspot,q_learning,4.6812,25.8132,129.6,-0.3887,0,0
285,multi_hotspot,q_learning,4.7081,25.5838,129.6,-0.2853,0,0
286,multi_hotspot,q_learning,4.7337,25.8,129.6,-0.5081,0,0
287,multi_hotspot,q_learning,4.7615,25.7817,129.6,-0.3909,0,0
288,multi_hotspot,q_learning,4.7609,25.916,129.6,-0.4671,0,0
289,multi_hotspot,q_learning,4.7935,25.8752,129.6,-0.3796,0,0
290,multi_hotspot,q_learning,4.7134,25.8902,129.6,-0.4075,0,0
291,multi_hotspot,q_learning,4.644,25.8866,129.6,-0.3982,0,0
292,multi_hotspot,q_learning,4.5837,25.7795,129.6,-0.3465,0,0
293,multi_hotspot,q_learning,4.521,25.7842,129.6,-0.4023,0,0
294,multi_hotspot,q_learning,4.4851,25.6897,129.6,-0.3527,0,0
295,multi_hotspot,q_learning,4.4812,25.6428,129.6,-0.3766,0,0
296,multi_hotspot,q_learning,4.464,25.5764,129.6,-0.3668,0,0
297,multi_hotspot,q_learning,4.4498,25.7811,129.6,-0.5024,0,0
298,multi_hotspot,q_learning,4.4438,25.7014,129.6,-0.3601,0,0
299,multi_hotspot,q_learning,4.4558,25.7256,129.6,-0.4121,0,0
300,multi_hotspot,q_learning,4.5169,25.8358,129.6,-0.4551,0,0
301,multi_hotspot,q_learning,4.567,25.801,129.6,-0.3826,0,0
302,multi_hotspot,q_learning,4.6083,25.8614,129.6,-0.4302,0,0
303,multi_hotspot,q_learning,4.6412,26.0247,129.6,-0.4817,0,0
304,multi_hotspot,q_learning,4.6838,25.9682,129.6,-0.3717,0,0
305,multi_hotspot,q_learning,4.7114,26.0044,129.6,-0.4181,0,0
306,multi_hotspot,q_learning,4.7489,25.9276,129.6,-0.3616,0,0
307,multi_hotspot,q_learning,4.7679,25.8763,129.6,-0.3744,0,0
308,multi_hotspot,q_learning,4.7953,25.6981,129.6,-0.3109,0,0
309,multi_hotspot,q_learning,4.8194,25.7909,129.6,-0.4464,0,0
310,multi_hotspot,q_learning,4.7388,25.7461,129.6,-0.3776,0,0
311,multi_hotspot,q_learning,4.6994,26.1323,129.6,-0.5931,0,0
312,multi_hotspot,q_learning,4.6127,25.9177,129.6,-0.2927,0,0
313,multi_hotspot,q_learning,4.5304,25.8138,129.6,-0.348,0,0
314,multi_hotspot,q_learning,4.4889,25.432,129.6,-0.2091,0,0
315,multi_hotspot,q_learning,4.4778,25.5818,129.6,-0.4749,0,0
316,multi_hotspot,q_learning,4.4703,25.5592,129.6,-0.3887,0,0
317,multi_hotspot,q_learning,4.4567,25.5459,129.6,-0.3934,0,0
318,multi_hotspot,q_learning,4.4535,25.3952,129.6,-0.3247,0,0
319,multi_hotspot,q_learning,4.4507,25.3139,129.6,-0.3594,0,0
320,multi_hotspot,q_learning,4.5075,25.3994,129.6,-0.4427,0,0
321,multi_hotspot,q_learning,4.5439,25.3701,129.6,-0.3853,0,0
322,multi_hotspot,q_learning,4.5813,25.3024,129.6,-0.3662,0,0
323,multi_hotspot,q_learning,4.6255,25.1432,129.6,-0.3204,0,0
324,multi_hotspot,q_learning,4.637,25.0521,129.6,-0.3544,0,0
325,multi_hotspot,q_learning,4.6709,25.3805,129.6,-0.5642,0,0
326,multi_hotspot,q_learning,4.6866,25.6431,129.6,-0.5313,0,0
327,multi_hotspot,q_learning,4.7109,25.9134,129.6,-0.5351,0,0
328,multi_hotspot,q_learning,4.7561,26.0821,129.6,-0.4843,0,0
329,multi_hotspot,q_learning,4.7774,26.0496,129.6,-0.3838,0,0
330,multi_hotspot,q_learning,4.6695,26.1192,129.6,-0.4348,0,0
331,multi_hotspot,q_learning,4.5798,26.3194,129.6,-0.5001,0,0
332,multi_hotspot,q_learning,4.5167,26.3722,129.6,-0.4264,0,0
333,multi_hotspot,q_learning,4.4417,26.4294,129.6,-0.4286,0,0
334,multi_hotspot,q_learning,4.4121,26.4066,129.6,-0.3886,0,0
335,multi_hotspot,q_learning,4.4284,26.2547,129.6,-0.324,0,0
336,multi_hotspot,q_learning,4.4391,26.3198,129.6,-0.4326,0,0
337,multi_hotspot,q_learning,4.4405,26.2655,129.6,-0.3729,0,0
338,multi_hotspot,q_learning,4.4503,26.4535,129.6,-0.494,0,0
339,multi_hotspot,q_learning,4.4552,26.3227,129.6,-0.3346,0,0
340,multi_hotspot,q_learning,4.5081,26.0119,129.6,-0.2446,0,0
341,multi_hotspot,q_learning,4.5472,25.7813,129.6,-0.2847,0,0
342,multi_hotspot,q_learning,4.5932,26.0028,129.6,-0.5107,0,0
343,multi_hotspot,q_learning,4.62,25.924,129.6,-0.3606,0,0
344,multi_hotspot,q_learning,4.6419,26.1207,129.6,-0.4983,0,0
345,multi_hotspot,q_learning,4.6739,25.9637,129.6,-0.3215,0,0
346,multi_hotspot,q_learning,4.7045,25.6082,129.6,-0.2222,0,0
347,multi_hotspot,q_learning,4.7111,25.8279,129.6,-0.5098,0,0
348,multi_hotspot,q_learning,4.7269,25.8442,129.6,-0.4081,0,0
349,multi_hotspot,q_learning,4.7616,25.9494,129.6,-0.4526,0,0
350,multi_hotspot,q_learning,4.663,25.922,129.6,-0.3863,0,0
351,multi_hotspot,q_learning,4.5973,26.0056,129.6,-0.4418,0,0
352,multi_hotspot,q_learning,4.528,26.0365,129.6,-0.4154,0,0
353,multi_hotspot,q_learning,4.4664,26.1667,129.6,-0.4651,0,0
354,multi_hotspot,q_learning,4.4566,26.0301,129.6,-0.3317,0,0
355,multi_hotspot,q_learning,4.4523,26.1963,129.6,-0.4831,0,0
356,multi_hotspot,q_learning,4.4429,25.9941,129.6,-0.2989,0,0
357,multi_hotspot,q_learning,4.446,26.0407,129.6,-0.4233,0,0
358,multi_hotspot,q_learning,4.438,26.1183,129.6,-0.4388,0,0
359,multi_hotspot,q_learning,4.449,26.2372,129.6,-0.4594,0,0
360,multi_hotspot,q_learning,4.4885,26.2566,129.6,-0.4097,0,0
361,multi_hotspot,q_learning,4.5423,25.8721,129.6,-0.2077,0,0
362,multi_hotspot,q_learning,4.5984,26.0775,129.6,-0.5027,0,0
363,multi_hotspot,q_learning,4.6447,25.8996,129.6,-0.3111,0,0
364,multi_hotspot,q_learning,4.6855,25.9352,129.6,-0.4178,0,0
365,multi_hotspot,q_learning,4.7027,25.9552,129.6,-0.41,0,0
366,multi_hotspot,q_learning,4.7205,26.0646,129.6,-0.4547,0,0
367,multi_hotspot,q_learning,4.7506,25.8933,129.6,-0.3144,0,0
368,multi_hotspot,q_learning,4.7537,25.6733,129.6,-0.29,0,0
369,multi_hotspot,q_learning,4.7745,25.8512,129.6,-0.489,0,0
370,multi_hotspot,q_learning,4.6879,26.0079,129.6,-0.4783,0,0
371,multi_hotspot,q_learning,4.6099,26.1945,129.6,-0.4933,0,0
372,multi_hotspot,q_learning,4.5255,25.8165,129.6,-0.211,0,0
373,multi_hotspot,q_learning,4.4574,25.7905,129.6,-0.387,0,0
374,multi_hotspot,q_learning,4.4478,25.81,129.6,-0.4098,0,0
375,multi_hotspot,q_learning,4.4426,25.6893,129.6,-0.3396,0,0
376,multi_hotspot,q_learning,4.436,25.6156,129.6,-0.3632,0,0
377,multi_hotspot,q_learning,4.4298,25.6114,129.6,-0.3979,0,0
378,multi_hotspot,q_learning,4.427,25.7737,129.6,-0.4811,0,0
379,multi_hotspot,q_learning,4.4202,25.7953,129.6,-0.4108,0,0
380,multi_hotspot,q_learning,4.4748,25.6795,129.6,-0.3421,0,0
381,multi_hotspot,q_learning,4.5652,25.8336,129.6,-0.477,0,0
382,multi_hotspot,q_learning,4.6193,25.9015,129.6,-0.434,0,0
383,multi_hotspot,q_learning,4.6519,25.9148,129.6,-0.4067,0,0
384,multi_hotspot,q_learning,4.6738,26.0004,129.6,-0.4428,0,0
385,multi_hotspot,q_learning,4.7002,26.0107,129.6,-0.4052,0,0
386,multi_hotspot,q_learning,4.719,25.9866,129.6,-0.3879,0,0
387,multi_hotspot,q_learning,4.7275,26.0626,129.6,-0.438,0,0
388,multi_hotspot,q_learning,4.7548,26.0158,129.6,-0.3766,0,0
389,multi_hotspot,q_learning,4.776,25.8483,129.6,-0.3163,0,0
390,multi_hotspot,q_learning,4.6928,26.0254,129.6,-0.4885,0,0
391,multi_hotspot,q_learning,4.6269,25.8449,129.6,-0.3097,0,0
392,multi_hotspot,q_learning,4.5397,25.6398,129.6,-0.2975,0,0
393,multi_hotspot,q_learning,4.4508,25.6499,129.6,-0.405,0,0
394,multi_hotspot,q_learning,4.4183,25.6352,129.6,-0.3927,0,0
395,multi_hotspot,q_learning,4.4222,25.7692,129.6,-0.467,0,0
396,multi_hotspot,q_learning,4.4049,25.8746,129.6,-0.4527,0,0
397,multi_hotspot,q_learning,4.4017,25.713,129.6,-0.3192,0,0
398,multi_hotspot,q_learning,4.4062,25.6076,129.6,-0.3473,0,0
399,multi_hotspot,q_learning,4.393,25.5192,129.6,-0.3558,0,0
400,multi_hotspot,q_learning,4.4552,25.6807,129.6,-0.4808,0,0
401,multi_hotspot,q_learning,4.4952,25.6366,129.6,-0.3779,0,0
402,multi_hotspot,q_learning,4.5327,25.5993,129.6,-0.3814,0,0
403,multi_hotspot,q_learning,4.5772,25.5577,129.6,-0.3792,0,0
404,multi_hotspot,q_learning,4.6145,25.442,129.6,-0.3422,0,0
405,multi_hotspot,q_learning,4.6466,25.5382,129.6,-0.4481,0,0
406,multi_hotspot,q_learning,4.6721,25.3268,129.6,-0.2943,0,0
407,multi_hotspot,q_learning,4.6916,25.4855,129.6,-0.4793,0,0
408,multi_hotspot,q_learning,4.6964,25.4649,129.6,-0.3897,0,0
409,multi_hotspot,q_learning,4.6817,25.1871,129.6,-0.2611,0,0
410,multi_hotspot,q_learning,4.5603,25.1165,129.6,-0.3647,0,0
411,multi_hotspot,q_learning,4.4864,25.0915,129.6,-0.3875,0,0
412,multi_hotspot,q_learning,4.424,24.7129,129.6,-0.2107,0,0
413,multi_hotspot,q_learning,4.3584,24.6703,129.6,-0.3787,0,0
414,multi_hotspot,q_learning,4.375,24.5254,129.6,-0.3275,0,0
415,multi_hotspot,q_learning,4.3666,24.669,129.6,-0.4718,0,0
416,multi_hotspot,q_learning,4.3665,24.96,129.6,-0.5455,0,0
417,multi_hotspot,q_learning,4.3772,25.1205,129.6,-0.4802,0,0
418,multi_hotspot,q_learning,4.3988,25.2791,129.6,-0.4793,0,0
419,multi_hotspot,q_learning,4.3954,25.3449,129.6,-0.4329,0,0
420,multi_hotspot,q_learning,4.4647,25.2273,129.6,-0.3412,0,0
421,multi_hotspot,q_learning,4.5065,25.4265,129.6,-0.4996,0,0
422,multi_hotspot,q_learning,4.5194,25.3373,129.6,-0.3554,0,0
423,multi_hotspot,q_learning,4.5752,25.5665,129.6,-0.5146,0,0
424,multi_hotspot,q_learning,4.6392,25.7569,129.6,-0.4952,0,0
425,multi_hotspot,q_learning,4.651,25.7283,129.6,-0.3857,0,0
426,multi_hotspot,q_learning,4.7022,26.0416,129.6,-0.5567,0,0
427,multi_hotspot,q_learning,4.7092,26.0513,129.6,-0.4048,0,0
428,multi_hotspot,q_learning,4.7289,25.9212,129.6,-0.335,0,0
429,multi_hotspot,q_learning,4.7419,25.9602,129.6,-0.4195,0,0
430,multi_hotspot,q_learning,4.6461,25.8777,129.6,-0.3587,0,0
431,multi_hotspot,q_learning,4.5432,25.6501,129.6,-0.2862,0,0
432,multi_hotspot,q_learning,4.466,25.6517,129.6,-0.4008,0,0
433,multi_hotspot,q_learning,4.4049,25.5701,129.6,-0.3592,0,0
434,multi_hotspot,q_learning,4.4012,25.7339,129.6,-0.4819,0,0
435,multi_hotspot,q_learning,4.4011,25.8105,129.6,-0.4383,0,0
436,multi_hotspot,q_learning,4.3827,25.6128,129.6,-0.3011,0,0
437,multi_hotspot,q_learning,4.3795,25.6196,129.6,-0.4034,0,0
438,multi_hotspot,q_learning,4.3858,25.7266,129.6,-0.4535,0,0
439,multi_hotspot,q_learning,4.406,25.797,129.6,-0.4352,0,0
440,multi_hotspot,q_learning,4.4367,25.7249,129.6,-0.364,0,0
441,multi_hotspot,q_learning,4.4929,25.678,129.6,-0.3765,0,0
442,multi_hotspot,q_learning,4.5306,25.7559,129.6,-0.439,0,0
443,multi_hotspot,q_learning,4.5473,25.6076,129.6,-0.3258,0,0
444,multi_hotspot,q_learning,4.5829,25.6464,129.6,-0.4194,0,0
445,multi_hotspot,q_learning,4.6347,25.6626,129.6,-0.4081,0,0
446,multi_hotspot,q_learning,4.6571,25.42,129.6,-0.2787,0,0
447,multi_hotspot,q_learning,4.6598,25.4437,129.6,-0.4119,0,0
448,multi_hotspot,q_learning,4.6895,25.4584,129.6,-0.4074,0,0
449,multi_hotspot,q_learning,4.7132,25.6094,129.6,-0.4755,0,0
450,multi_hotspot,q_learning,4.6361,25.7159,129.6,-0.4533,0,0
451,multi_hotspot,q_learning,4.5433,25.467,129.6,-0.2756,0,0
452,multi_hotspot,q_learning,4.441,25.2815,129.6,-0.3073,0,0
453,multi_hotspot,q_learning,4.3721,25.2372,129.6,-0.3779,0,0
454,multi_hotspot,q_learning,4.3561,25.0809,129.6,-0.3218,0,0
455,multi_hotspot,q_learning,4.3713,25.1501,129.6,-0.4346,0,0
456,multi_hotspot,q_learning,4.371,25.3645,129.6,-0.5072,0,0
457,multi_hotspot,q_learning,4.3659,25.2817,129.6,-0.3586,0,0
458,multi_hotspot,q_learning,4.3655,25.6015,129.6,-0.5599,0,0
459,multi_hotspot,q_learning,4.3684,25.3796,129.6,-0.289,0,0
460,multi_hotspot,q_learning,4.4146,25.2773,129.6,-0.3489,0,0
461,multi_hotspot,q_learning,4.4563,25.318,129.6,-0.4203,0,0
462,multi_hotspot,q_learning,4.5275,25.3143,129.6,-0.3982,0,0
463,multi_hotspot,q_learning,4.5748,25.2427,129.6,-0.3642,0,0
464,multi_hotspot,q_learning,4.6136,25.2221,129.6,-0.3897,0,0
465,multi_hotspot,q_learning,4.6228,25.0608,129.6,-0.3194,0,0
466,multi_hotspot,q_learning,4.6479,25.283,129.6,-0.5111,0,0
467,multi_hotspot,q_learning,4.7019,25.5293,129.6,-0.5231,0,0
468,multi_hotspot,q_learning,4.7543,25.6167,129.6,-0.4437,0,0
469,multi_hotspot,q_learning,4.7937,25.3938,129.6,-0.2886,0,0
470,multi_hotspot,q_learning,4.7065,25.5598,129.6,-0.483,0,0
471,multi_hotspot,q_learning,4.6367,25.6447,129.6,-0.4424,0,0
472,multi_hotspot,q_learning,4.5351,25.7504,129.6,-0.4529,0,0
473,multi_hotspot,q_learning,4.455,25.6026,129.6,-0.3261,0,0
474,multi_hotspot,q_learning,4.4379,25.6317,129.6,-0.4145,0,0
475,multi_hotspot,q_learning,4.444,25.7815,129.6,-0.4749,0,0
476,multi_hotspot,q_learning,4.4355,25.5355,129.6,-0.277,0,0
477,multi_hotspot,q_learning,4.4407,25.3467,129.6,-0.3056,0,0
478,multi_hotspot,q_learning,4.4504,25.5362,129.6,-0.4948,0,0
479,multi_hotspot,q_learning,4.4607,25.6163,129.6,-0.44,0,0
480,multi_hotspot,q_learning,4.518,25.4127,129.6,-0.2982,0,0
481,multi_hotspot,q_learning,4.5603,25.51,129.6,-0.4486,0,0
482,multi_hotspot,q_learning,4.6108,25.6219,129.6,-0.456,0,0
483,multi_hotspot,q_learning,4.6569,25.5849,129.6,-0.3815,0,0
484,multi_hotspot,q_learning,4.6819,25.7429,129.6,-0.479,0,0
485,multi_hotspot,q_learning,4.7036,25.8611,129.6,-0.4591,0,0
486,multi_hotspot,q_learning,4.7422,25.8614,129.6,-0.4002,0,0
487,multi_hotspot,q_learning,4.7655,25.7412,129.6,-0.3399,0,0
488,multi_hotspot,q_learning,4.7769,25.7267,129.6,-0.3927,0,0
489,multi_hotspot,q_learning,4.8014,25.7582,129.6,-0.4157,0,0
490,multi_hotspot,q_learning,4.7358,26.0706,129.6,-0.5562,0,0
491,multi_hotspot,q_learning,4.6495,26.0606,129.6,-0.395,0,0
492,multi_hotspot,q_learning,4.5721,26.1173,129.6,-0.4284,0,0
493,multi_hotspot,q_learning,4.5092,25.9399,129.6,-0.3113,0,0
494,multi_hotspot,q_learning,4.4997,25.773,129.6,-0.3166,0,0
495,multi_hotspot,q_learning,4.4745,25.9679,129.6,-0.4974,0,0
496,multi_hotspot,q_learning,4.4707,25.8242,129.6,-0.3281,0,0
497,multi_hotspot,q_learning,4.4751,25.8084,129.6,-0.3921,0,0
498,multi_hotspot,q_learning,4.4838,25.7415,129.6,-0.3665,0,0
499,multi_hotspot,q_learning,4.4809,25.5849,129.6,-0.3217,0,0
500,multi_hotspot,q_learning,4.5301,25.3395,129.6,-0.2773,0,0
1,alibaba_replay,sarsa,20.459,22.9703,113.4,-0.2915,0,3
2,alibaba_replay,sarsa,19.0227,23.0239,113.4,0.1219,0,3
3,alibaba_replay,sarsa,17.6923,23.1416,113.4,0.0177,0,3
4,alibaba_replay,sarsa,16.4557,23.1862,113.4,-0.0298,0,3
5,alibaba_replay,sarsa,15.2768,23.1989,113.4,-0.1143,0,3
6,alibaba_replay,sarsa,14.2058,23.3841,113.4,-0.3136,0,3
7,alibaba_replay,sarsa,13.3207,23.1529,113.4,-0.1719,0,3
8,alibaba_replay,sarsa,12.6307,23.3101,113.4,-0.3661,0,3
9,alibaba_replay,sarsa,12.1504,23.0672,113.4,-0.166,0,3
10,alibaba_replay,sarsa,11.8111,23.0009,113.4,-0.2544,0,3
11,alibaba_replay,sarsa,11.5298,22.831,113.4,-0.2025,0,3
12,alibaba_replay,sarsa,11.233,22.8338,113.4,-0.2889,0,3
13,alibaba_replay,sarsa,11.0352,22.7768,113.4,-0.259,0,3
14,alibaba_replay,sarsa,10.8805,22.4831,113.4,-0.1406,0,3
15,alibaba_replay,sarsa,10.7308,22.53,113.4,-0.311,0,3
16,alibaba_replay,sarsa,10.6412,22.5881,113.4,-0.3166,0,3
17,alibaba_replay,sarsa,10.5689,22.9295,113.4,-0.4582,0,3
18,alibaba_replay,sarsa,10.5516,23.3953,113.4,-0.5204,0,3
19,alibaba_replay,sarsa,10.5028,23.9093,113.4,-0.5445,0,3
20,alibaba_replay,sarsa,10.524,24.2388,113.4,-0.4522,0,3
21,alibaba_replay,sarsa,10.574,24.5585,113.4,-0.4474,0,3
22,alibaba_replay,sarsa,10.6544,25.0228,113.4,-0.5197,0,3
23,alibaba_replay,sarsa,10.7519,25.5642,113.4,-0.5582,0,3
24,alibaba_replay,sarsa,10.8558,26.1595,113.4,-0.5852,0,3
25,alibaba_replay,sarsa,10.9527,26.7201,113.4,-0.5678,0,3
26,alibaba_replay,sarsa,11.0993,27.3543,113.4,-0.6046,0,3
27,alibaba_replay,sarsa,11.3257,27.9212,113.4,-0.5709,0,3
28,alibaba_replay,sarsa,11.6048,28.4992,113.4,-0.5765,0,3
29,alibaba_replay,sarsa,11.9026,28.9226,113.4,-0.4992,0,3
30,alibaba_replay,sarsa,12.1973,29.3898,113.4,-0.5211,0,3
31,alibaba_replay,sarsa,12.5442,29.9681,113.4,-0.5766,0,3
32,alibaba_replay,sarsa,12.8926,30.7131,113.4,-0.66,0,3
33,alibaba_replay,sarsa,13.2117,31.3321,113.4,-0.597,0,3
34,alibaba_replay,sarsa,13.6078,31.9534,113.4,-0.5981,0,3
35,alibaba_replay,sarsa,14.0005,32.7538,113.4,-0.6877,0,3
36,alibaba_replay,sarsa,14.3866,33.5782,113.4,-0.6997,0,3
37,alibaba_replay,sarsa,14.8286,34.08,113.4,-0.5384,0,3
38,alibaba_replay,sarsa,15.3064,34.4531,113.4,-0.474,0,3
39,alibaba_replay,sarsa,15.7798,35.1246,113.4,-1.7733,1,3
40,alibaba_replay,sarsa,16.5026,34.2321,99.18,0.2575,0,5
41,alibaba_replay,sarsa,17.2678,33.414,99.18,0.2203,0,5
42,alibaba_replay,sarsa,17.608,34.7789,113.4,-0.97,0,1
43,alibaba_replay,sarsa,18.025,36.1459,113.4,-2.121,1,1
44,alibaba_replay,sarsa,18.3963,37.5705,113.4,-2.1498,1,1
45,alibaba_replay,sarsa,18.834,38.723,113.4,-2.0138,1,1
46,alibaba_replay,sarsa,19.2916,39.728,113.4,-1.94,1,1
47,alibaba_replay,sarsa,19.7496,40.7352,113.4,-1.9411,1,1
48,alibaba_replay,sarsa,20.2579,41.7467,113.4,-2.2433,3,1
49,alibaba_replay,sarsa,20.7724,42.7213,113.4,-2.3748,4,1
50,alibaba_replay,sarsa,21.3236,43.6528,113.4,-2.3533,4,1
51,alibaba_replay,sarsa,21.8886,44.5388,113.4,-2.3305,4,1
52,alibaba_replay,sarsa,22.8428,43.5819,99.18,-1.3103,4,5
53,alibaba_replay,sarsa,23.7719,42.3495,99.18,-1.1725,4,5
54,alibaba_replay,sarsa,24.2811,43.3846,113.4,-2.405,4,4
55,alibaba_replay,sarsa,24.8368,44.3699,113.4,-2.3801,4,4
56,alibaba_replay,sarsa,25.3607,42.4889,113.4,-1.097,5,2
57,alibaba_replay,sarsa,25.9307,43.5347,113.4,-2.5604,5,4
58,alibaba_replay,sarsa,26.4475,44.3363,113.4,-2.4383,5,3
59,alibaba_replay,sarsa,26.9774,42.3122,113.4,-1.1875,6,2
60,alibaba_replay,sarsa,27.4575,43.1474,113.4,-3.0551,9,4
61,alibaba_replay,sarsa,27.9797,44.0369,113.4,-2.9323,8,3
62,alibaba_replay,sarsa,28.5384,44.9175,113.4,-3.0778,9,4
63,alibaba_replay,sarsa,29.0278,45.8118,113.4,-3.3847,11,4
64,alibaba_replay,sarsa,29.5807,46.6835,113.4,-3.6733,13,4
65,alibaba_replay,sarsa,30.122,47.5672,113.4,-4.1293,16,4
66,alibaba_replay,sarsa,30.6882,48.427,113.4,-3.9674,15,3
67,alibaba_replay,sarsa,31.1981,49.1145,113.4,-3.8812,15,3
68,alibaba_replay,sarsa,31.2616,48.4671,129.6,-3.3263,15,0
69,alibaba_replay,sarsa,31.3715,47.8539,129.6,-3.3434,15,0
70,alibaba_replay,sarsa,31.4559,47.4184,129.6,-3.4322,15,0
71,alibaba_replay,sarsa,32.0052,48.3137,113.4,-4.1352,16,3
72,alibaba_replay,sarsa,32.1406,47.669,129.6,-3.4776,16,0
73,alibaba_replay,sarsa,32.2639,47.4126,129.6,-3.6718,16,0
74,alibaba_replay,sarsa,32.449,47.2993,129.6,-3.7434,16,0
75,alibaba_replay,sarsa,32.6133,47.0213,129.6,-3.661,16,0
76,alibaba_replay,sarsa,32.8078,46.5367,129.6,-3.5577,16,0
77,alibaba_replay,sarsa,33.007,46.46,129.6,-3.7616,16,0
78,alibaba_replay,sarsa,33.2571,46.266,129.6,-3.703,16,0
79,alibaba_replay,sarsa,33.4607,45.8881,129.6,-3.7611,17,0
80,alibaba_replay,sarsa,34.1512,47.0621,113.4,-4.5745,18,3
81,alibaba_replay,sarsa,34.8287,48.072,113.4,-4.9424,21,3
82,alibaba_replay,sarsa,35.5077,48.9938,113.4,-4.5984,19,3
83,alibaba_replay,sarsa,35.6724,48.7726,129.6,-4.5894,22,0
84,alibaba_replay,sarsa,38.5621,51.2028,32.4,-5.325,24,7
85,alibaba_replay,sarsa,41.3325,53.7121,32.4,-5.775,27,7
86,alibaba_replay,sarsa,41.7295,54.3471,113.4,-5.762,28,2
87,alibaba_replay,sarsa,42.9142,53.2025,85.23,-4.6064,28,6
88,alibaba_replay,sarsa,43.2155,53.9801,113.4,-6.0578,30,2
89,alibaba_replay,sarsa,44.3224,51.6697,85.23,-4.5538,31,6
90,alibaba_replay,sarsa,44.614,52.2642,113.4,-6.2311,32,4
91,alibaba_replay,sarsa,44.3984,51.9698,129.6,-5.8851,32,0
92,alibaba_replay,sarsa,44.6285,52.9571,113.4,-6.4845,32,4
93,alibaba_replay,sarsa,44.4985,52.9066,129.6,-6.0573,32,0
94,alibaba_replay,sarsa,44.3506,52.4399,129.6,-5.819,32,0
95,alibaba_replay,sarsa,44.6808,53.6434,113.4,-6.7776,33,4
96,alibaba_replay,sarsa,44.5831,53.5188,129.6,-6.1908,33,0
97,alibaba_replay,sarsa,44.4317,53.3076,129.6,-6.1201,33,0
98,alibaba_replay,sarsa,44.8032,54.1224,113.4,-6.4739,32,4
99,alibaba_replay,sarsa,44.6669,53.7245,129.6,-6.0932,33,0
100,alibaba_replay,sarsa,44.5626,53.2136,129.6,-6.0006,33,0
101,alibaba_replay,sarsa,44.4135,52.8723,129.6,-6.0613,33,0
102,alibaba_replay,sarsa,44.7865,53.8752,113.4,-6.5793,32,4
103,alibaba_replay,sarsa,45.1197,54.699,113.4,-6.574,33,3
104,alibaba_replay,sarsa,45.0128,54.322,129.6,-6.057,33,0
105,alibaba_replay,sarsa,44.8914,53.9272,129.6,-6.0237,33,0
106,alibaba_replay,sarsa,44.7613,53.7404,129.6,-6.104,33,0
107,alibaba_replay,sarsa,44.6737,53.2919,129.6,-5.951,33,0
108,alibaba_replay,sarsa,45.0207,54.0549,113.4,-6.5415,33,4
109,alibaba_replay,sarsa,44.9066,53.5398,129.6,-5.9829,33,0
110,alibaba_replay,sarsa,44.8585,53.4934,129.6,-6.3368,34,0
111,alibaba_replay,sarsa,45.1815,54.328,113.4,-6.4708,32,4
112,alibaba_replay,sarsa,45.0671,53.781,129.6,-6.0021,33,0
113,alibaba_replay,sarsa,44.9892,53.2242,129.6,-6.1102,34,0
114,alibaba_replay,sarsa,44.9677,53.0775,129.6,-6.2839,34,0
115,alibaba_replay,sarsa,45.4154,53.9283,113.4,-6.4753,32,4
116,alibaba_replay,sarsa,45.3397,53.648,129.6,-6.2841,34,0
117,alibaba_replay,sarsa,45.299,53.2591,129.6,-6.1874,34,0
118,alibaba_replay,sarsa,45.2207,53.1672,129.6,-6.3063,34,0
119,alibaba_replay,sarsa,45.6389,53.6624,113.4,-6.2956,32,4
120,alibaba_replay,sarsa,45.5537,53.1621,129.6,-5.8695,32,0
121,alibaba_replay,sarsa,45.4858,52.6888,129.6,-6.1459,34,0
122,alibaba_replay,sarsa,45.8445,53.7107,113.4,-6.4484,31,4
123,alibaba_replay,sarsa,46.1956,54.8159,113.4,-6.8586,34,3
124,alibaba_replay,sarsa,46.117,54.2959,129.6,-6.122,34,0
125,alibaba_replay,sarsa,46.0112,53.8628,129.6,-6.134,34,0
126,alibaba_replay,sarsa,45.9391,53.6885,129.6,-6.2359,34,0
127,alibaba_replay,sarsa,45.8656,53.1395,129.6,-6.02,34,0
128,alibaba_replay,sarsa,45.7918,52.8349,129.6,-6.1205,34,0
129,alibaba_replay,sarsa,45.7054,52.4171,129.6,-6.0411,34,0
130,alibaba_replay,sarsa,46.077,53.3626,113.4,-6.7144,34,4
131,alibaba_replay,sarsa,45.9976,52.8853,129.6,-6.0889,34,0
132,alibaba_replay,sarsa,45.9387,52.7641,129.6,-6.2471,34,0
133,alibaba_replay,sarsa,45.8816,52.3552,129.6,-6.0827,34,0
134,alibaba_replay,sarsa,45.8396,52.0661,129.6,-6.123,34,0
135,alibaba_replay,sarsa,46.2085,52.9276,113.4,-6.6954,34,4
136,alibaba_replay,sarsa,46.1415,52.6474,129.6,-6.2098,34,0
137,alibaba_replay,sarsa,46.0445,52.249,129.6,-6.1189,34,0
138,alibaba_replay,sarsa,46.0379,51.9862,129.6,-6.1627,34,0
139,alibaba_replay,sarsa,46.4459,52.9183,113.4,-6.7523,34,4
140,alibaba_replay,sarsa,46.3526,52.5701,129.6,-6.1923,34,0
141,alibaba_replay,sarsa,46.2884,52.6374,129.6,-6.3724,34,0
142,alibaba_replay,sarsa,46.1664,52.3531,129.6,-6.1661,34,0
143,alibaba_replay,sarsa,46.1071,52.0577,129.6,-6.2842,35,0
144,alibaba_replay,sarsa,46.4789,53.0565,113.4,-6.7751,34,4
145,alibaba_replay,sarsa,46.4372,52.7491,129.6,-6.2011,34,0
146,alibaba_replay,sarsa,46.3477,52.517,129.6,-6.353,35,0
147,alibaba_replay,sarsa,46.3306,52.267,129.6,-6.4619,36,0
148,alibaba_replay,sarsa,46.2849,51.9229,129.6,-6.3897,36,0
149,alibaba_replay,sarsa,46.7019,52.9645,113.4,-7.0632,36,4
150,alibaba_replay,sarsa,47.0679,53.9596,113.4,-7.0078,36,2
151,alibaba_replay,sarsa,47.4787,54.9119,113.4,-6.9964,36,2
152,alibaba_replay,sarsa,47.8352,55.7551,113.4,-8.8286,35,2
153,alibaba_replay,sarsa,48.2034,56.7072,113.4,-9.9524,35,2
154,alibaba_replay,sarsa,48.531,57.6293,113.4,-11.8486,34,2
155,alibaba_replay,sarsa,48.8092,58.0458,113.4,-12.0957,34,2
156,alibaba_replay,sarsa,49.1469,58.7313,113.4,-13.7303,34,2
157,alibaba_replay,sarsa,49.4103,59.4618,113.4,-14.6028,33,2
158,alibaba_replay,sarsa,49.7022,60.1602,113.4,-12.7367,34,1
159,alibaba_replay,sarsa,49.9577,60.8054,113.4,-12.7101,34,2
160,alibaba_replay,sarsa,50.1993,61.1391,113.4,-12.6043,31,2
161,alibaba_replay,sarsa,50.4243,61.6499,113.4,-14.0429,30,2
162,alibaba_replay,sarsa,50.639,62.1655,113.4,-14.7453,28,2
163,alibaba_replay,sarsa,50.87,62.8072,113.4,-16.1583,27,2
164,alibaba_replay,sarsa,51.0591,63.1891,113.4,-17.0285,27,2
165,alibaba_replay,sarsa,51.239,63.4091,113.4,-16.5975,28,1
166,alibaba_replay,sarsa,51.4333,63.7439,113.4,-16.5049,27,2
167,alibaba_replay,sarsa,51.6021,63.8851,113.4,-16.4081,27,2
168,alibaba_replay,sarsa,51.7454,64.23,113.4,-18.0099,27,2
169,alibaba_replay,sarsa,51.958,64.7643,113.4,-16.6047,27,1
170,alibaba_replay,sarsa,52.0922,65.0046,113.4,-16.4576,27,2
171,alibaba_replay,sarsa,52.1774,65.1887,113.4,-16.4296,27,2
172,alibaba_replay,sarsa,52.3458,65.7221,113.4,-16.2542,28,1
173,alibaba_replay,sarsa,52.4546,65.8451,113.4,-16.899,27,2
174,alibaba_replay,sarsa,52.5911,66.4768,113.4,-17.6533,27,2
175,alibaba_replay,sarsa,52.7245,66.798,113.4,-17.4981,27,2
176,alibaba_replay,sarsa,52.8507,66.9731,113.4,-16.575,28,1
177,alibaba_replay,sarsa,52.9228,67.3606,113.4,-17.5313,27,2
178,alibaba_replay,sarsa,53.0202,67.7669,113.4,-17.5406,27,2
179,alibaba_replay,sarsa,53.0716,67.8127,113.4,-15.6604,29,1
180,alibaba_replay,sarsa,53.1564,67.7694,113.4,-15.8159,27,2
181,alibaba_replay,sarsa,53.2118,68.0585,113.4,-16.9821,27,2
182,alibaba_replay,sarsa,53.272,68.3858,113.4,-15.3011,29,1
183,alibaba_replay,sarsa,53.3444,68.6169,113.4,-15.4531,27,2
184,alibaba_replay,sarsa,53.3996,68.8914,113.4,-15.9747,27,2
185,alibaba_replay,sarsa,53.5051,68.8737,113.4,-16.8287,27,2
186,alibaba_replay,sarsa,53.5963,68.896,113.4,-14.8487,27,1
187,alibaba_replay,sarsa,53.6893,69.0772,113.4,-15.4281,27,2
188,alibaba_replay,sarsa,53.7316,69.0991,113.4,-16.3485,27,2
189,alibaba_replay,sarsa,53.7794,69.2884,113.4,-15.0822,28,1
190,alibaba_replay,sarsa,53.8415,69.556,113.4,-14.9713,27,2
191,alibaba_replay,sarsa,53.8974,69.5096,113.4,-15.8143,27,2
192,alibaba_replay,sarsa,53.9592,69.7167,113.4,-15.2411,29,1
193,alibaba_replay,sarsa,54.0181,69.8102,113.4,-14.8843,27,2
194,alibaba_replay,sarsa,54.0411,69.9664,113.4,-15.4156,27,2
195,alibaba_replay,sarsa,54.0729,70.1731,113.4,-16.4409,27,2
196,alibaba_replay,sarsa,54.1197,70.4366,113.4,-15.1192,28,1
197,alibaba_replay,sarsa,54.195,70.5457,113.4,-15.0421,28,2
198,alibaba_replay,sarsa,54.2481,70.568,113.4,-16.3487,27,2
199,alibaba_replay,sarsa,54.2389,70.5669,113.4,-15.2869,30,1
200,alibaba_replay,sarsa,54.2578,70.8059,113.4,-15.107,28,2
201,alibaba_replay,sarsa,54.3214,71.0482,113.4,-14.9586,27,2
202,alibaba_replay,sarsa,54.3292,70.9898,113.4,-16.3083,27,2
203,alibaba_replay,sarsa,54.3703,70.8108,113.4,-15.048,29,1
204,alibaba_replay,sarsa,54.3873,70.8078,113.4,-14.986,28,2
205,alibaba_replay,sarsa,54.385,70.5806,113.4,-14.7239,27,2
206,alibaba_replay,sarsa,54.4246,70.5477,113.4,-15.271,30,1
207,alibaba_replay,sarsa,54.4557,70.6011,113.4,-15.0142,28,2
208,alibaba_replay,sarsa,54.4614,70.7202,113.4,-14.897,27,2
209,alibaba_replay,sarsa,54.5106,71.1178,113.4,-16.5363,27,2
210,alibaba_replay,sarsa,54.5193,71.1242,113.4,-15.1407,29,1
211,alibaba_replay,sarsa,54.5761,71.2362,113.4,-14.8935,27,2
212,alibaba_replay,sarsa,54.5454,71.1913,113.4,-15.3151,27,2
213,alibaba_replay,sarsa,54.5103,71.2866,113.4,-15.1852,29,1
214,alibaba_replay,sarsa,54.5223,71.1537,113.4,-15.071,29,2
215,alibaba_replay,sarsa,54.4944,71.2998,113.4,-14.9106,27,2
216,alibaba_replay,sarsa,54.4795,71.2502,113.4,-14.7627,30,1
217,alibaba_replay,sarsa,54.4581,71.1997,113.4,-15.1123,29,2
218,alibaba_replay,sarsa,54.4789,71.0662,113.4,-14.7707,27,2
219,alibaba_replay,sarsa,54.4457,70.8524,113.4,-14.6806,30,1
220,alibaba_replay,sarsa,54.4498,70.9865,113.4,-15.2046,29,2
221,alibaba_replay,sarsa,54.4104,70.7661,113.4,-14.7273,27,2
222,alibaba_replay,sarsa,54.404,70.7697,113.4,-14.7893,30,1
223,alibaba_replay,sarsa,54.3927,70.9208,113.4,-15.2131,29,2
224,alibaba_replay,sarsa,54.3596,70.9007,113.4,-14.8274,27,2
225,alibaba_replay,sarsa,54.34,70.8136,113.4,-14.744,30,1
226,alibaba_replay,sarsa,54.3354,70.9688,113.4,-15.2151,29,2
227,alibaba_replay,sarsa,54.337,71.2948,113.4,-15.0005,27,2
228,alibaba_replay,sarsa,54.3296,71.0879,113.4,-14.684,30,1
229,alibaba_replay,sarsa,54.311,71.2363,113.4,-15.2117,29,2
230,alibaba_replay,sarsa,54.2409,71.279,113.4,-14.8588,27,2
231,alibaba_replay,sarsa,54.1936,71.1323,113.4,-14.7141,30,1
232,alibaba_replay,sarsa,53.7133,69.6578,129.6,-14.1628,30,0
233,alibaba_replay,sarsa,53.2444,68.4797,129.6,-14.461,31,0
234,alibaba_replay,sarsa,52.8394,67.6143,129.6,-14.6173,31,0
235,alibaba_replay,sarsa,52.4459,66.6792,129.6,-14.7325,32,0
236,alibaba_replay,sarsa,52.0711,65.9032,129.6,-14.312,32,0
237,alibaba_replay,sarsa,51.6721,65.1665,129.6,-14.3317,32,0
238,alibaba_replay,sarsa,51.3071,64.1671,129.6,-13.8503,33,0
239,alibaba_replay,sarsa,50.9436,63.0793,129.6,-13.9561,34,0
240,alibaba_replay,sarsa,50.6091,62.5825,129.6,-13.7516,34,0
241,alibaba_replay,sarsa,50.3046,61.5607,129.6,-13.4891,34,0
242,alibaba_replay,sarsa,49.9387,60.8743,129.6,-13.1568,34,0
243,alibaba_replay,sarsa,49.5951,60.1246,129.6,-13.1252,34,0
244,alibaba_replay,sarsa,49.3147,59.3482,129.6,-12.6118,34,0
245,alibaba_replay,sarsa,49.0473,58.6245,129.6,-12.6382,34,0
246,alibaba_replay,sarsa,48.7683,57.9908,129.6,-11.6831,34,0
247,alibaba_replay,sarsa,48.501,57.6819,129.6,-10.8456,34,0
248,alibaba_replay,sarsa,48.2686,57.0444,129.6,-10.1695,34,0
249,alibaba_replay,sarsa,48.0559,56.6536,129.6,-9.2609,34,0
250,alibaba_replay,sarsa,47.8736,56.0612,129.6,-7.1325,34,0
251,alibaba_replay,sarsa,47.6613,55.7282,129.6,-7.233,34,0
252,alibaba_replay,sarsa,47.4621,55.1587,129.6,-7.0911,34,0
253,alibaba_replay,sarsa,47.2471,54.8206,129.6,-6.1874,34,0
254,alibaba_replay,sarsa,47.0206,54.4085,129.6,-6.1319,34,0
255,alibaba_replay,sarsa,47.3157,53.6558,113.4,-5.7676,34,3
256,alibaba_replay,sarsa,47.523,54.6275,113.4,-6.7275,34,2
257,alibaba_replay,sarsa,47.7428,55.1022,113.4,-7.0968,34,2
258,alibaba_replay,sarsa,47.9352,55.5654,113.4,-7.1191,34,2
259,alibaba_replay,sarsa,48.1006,56.1113,113.4,-9.8604,32,2
260,alibaba_replay,sarsa,47.852,55.5973,129.6,-7.593,33,0
261,alibaba_replay,sarsa,47.6091,55.0444,129.6,-6.5736,33,0
262,alibaba_replay,sarsa,47.403,54.4916,129.6,-6.2236,34,0
263,alibaba_replay,sarsa,47.624,55.2602,113.4,-8.4718,32,2
264,alibaba_replay,sarsa,47.7887,56.3048,113.4,-9.8098,30,2
265,alibaba_replay,sarsa,47.9972,57.1786,113.4,-11.0744,29,2
266,alibaba_replay,sarsa,48.167,58.0505,113.4,-12.4234,28,2
267,alibaba_replay,sarsa,48.3292,58.8096,113.4,-11.6671,30,1
268,alibaba_replay,sarsa,48.501,59.3065,113.4,-12.5359,30,2
269,alibaba_replay,sarsa,48.6526,59.8656,113.4,-13.617,27,2
270,alibaba_replay,sarsa,48.7623,60.6418,113.4,-13.6756,30,1
271,alibaba_replay,sarsa,48.4585,60.1772,129.6,-12.1677,30,0
272,alibaba_replay,sarsa,48.0849,59.4419,129.6,-11.1823,31,0
273,alibaba_replay,sarsa,47.7369,58.6648,129.6,-10.6615,31,0
274,alibaba_replay,sarsa,47.4482,57.9724,129.6,-10.2038,31,0
275,alibaba_replay,sarsa,47.1251,57.3324,129.6,-9.03,33,0
276,alibaba_replay,sarsa,46.8071,56.7416,129.6,-8.0546,33,0
277,alibaba_replay,sarsa,46.5071,56.2558,129.6,-7.6071,33,0
278,alibaba_replay,sarsa,46.221,55.7363,129.6,-7.5902,33,0
279,alibaba_replay,sarsa,46.3172,54.5587,113.4,-5.7569,34,3
280,alibaba_replay,sarsa,46.4876,55.1725,113.4,-7.0444,33,2
281,alibaba_replay,sarsa,46.6026,55.6502,113.4,-7.1763,31,2
282,alibaba_replay,sarsa,46.2655,54.9657,129.6,-5.8578,32,0
283,alibaba_replay,sarsa,45.9444,54.4252,129.6,-5.9298,32,0
284,alibaba_replay,sarsa,46.0787,54.7892,113.4,-6.5695,34,3
285,alibaba_replay,sarsa,45.7459,54.1637,129.6,-6.1603,34,0
286,alibaba_replay,sarsa,45.8876,54.7118,113.4,-6.5115,33,2
287,alibaba_replay,sarsa,46.7789,55.3959,85.23,-7.034,34,6
288,alibaba_replay,sarsa,46.8721,55.7691,113.4,-6.9241,33,2
289,alibaba_replay,sarsa,46.5588,54.8612,129.6,-5.8961,33,0
290,alibaba_replay,sarsa,46.6253,55.4892,113.4,-6.9015,32,2
291,alibaba_replay,sarsa,46.1737,54.7966,129.6,-5.8537,32,0
292,alibaba_replay,sarsa,45.768,54.2199,129.6,-5.9117,32,0
293,alibaba_replay,sarsa,45.3569,53.7624,129.6,-5.9713,32,0
294,alibaba_replay,sarsa,44.9825,52.9467,129.6,-5.7921,32,0
295,alibaba_replay,sarsa,45.8259,53.8718,85.23,-6.6339,34,6
296,alibaba_replay,sarsa,45.7964,53.8079,113.4,-6.2623,34,3
297,alibaba_replay,sarsa,45.3063,52.8975,129.6,-5.9316,34,0
298,alibaba_replay,sarsa,44.8025,52.0489,129.6,-5.9523,34,0
299,alibaba_replay,sarsa,44.3674,51.8268,129.6,-6.2577,34,0
300,alibaba_replay,sarsa,44.409,52.6902,113.4,-6.649,33,2
301,alibaba_replay,sarsa,44.3945,53.5602,113.4,-6.3725,31,2
302,alibaba_replay,sarsa,45.1393,53.6877,85.23,-5.9556,32,6
303,alibaba_replay,sarsa,44.5905,52.9315,129.6,-5.8219,32,0
304,alibaba_replay,sarsa,44.0674,52.6154,129.6,-6.042,32,0
305,alibaba_replay,sarsa,44.8237,53.2382,83.16,-6.1889,32,6
306,alibaba_replay,sarsa,45.4978,53.7544,85.23,-6.259,33,6
307,alibaba_replay,sarsa,44.8631,52.8725,129.6,-5.8643,33,0
308,alibaba_replay,sarsa,44.706,53.8366,113.4,-6.5696,32,2
309,alibaba_replay,sarsa,44.9188,53.2641,99.42,-5.7042,32,5
310,alibaba_replay,sarsa,44.3103,52.6249,129.6,-5.8804,32,0
311,alibaba_replay,sarsa,43.7712,52.0556,129.6,-5.9154,32,0
312,alibaba_replay,sarsa,43.1736,51.7903,129.6,-5.9174,31,0
313,alibaba_replay,sarsa,43.8104,52.3874,85.23,-6.0404,31,6
314,alibaba_replay,sarsa,44.4079,53.2302,85.23,-6.2835,32,6
315,alibaba_replay,sarsa,45.0204,52.7316,83.16,-5.5809,32,6
316,alibaba_replay,sarsa,44.3317,51.7578,129.6,-5.6621,32,0
317,alibaba_replay,sarsa,44.8243,52.7749,87.48,-6.4969,33,6
318,alibaba_replay,sarsa,44.5342,53.5994,113.4,-6.3497,31,2
319,alibaba_replay,sarsa,44.1907,54.5798,113.4,-6.4277,31,2
320,alibaba_replay,sarsa,44.2676,53.3631,99.42,-5.232,31,5
321,alibaba_replay,sarsa,43.9374,53.966,113.4,-6.2389,31,2
322,alibaba_replay,sarsa,43.9641,54.0232,99.42,-5.8691,31,5
323,alibaba_replay,sarsa,43.9985,54.0822,99.42,-5.8699,31,5
324,alibaba_replay,sarsa,44.3687,54.707,85.23,-6.0543,31,6
325,alibaba_replay,sarsa,43.9134,54.8928,113.4,-6.0304,31,2
326,alibaba_replay,sarsa,43.4599,55.282,113.4,-6.6321,31,1
327,alibaba_replay,sarsa,43.8366,53.9227,83.16,-5.1978,32,6
328,alibaba_replay,sarsa,44.0976,52.7678,85.23,-5.3144,32,6
329,alibaba_replay,sarsa,44.2498,53.2789,87.48,-6.163,32,6
330,alibaba_replay,sarsa,45.8996,54.9964,32.4,-6.5338,33,7
331,alibaba_replay,sarsa,45.152,55.3975,113.4,-7.938,33,1
332,alibaba_replay,sarsa,46.7046,57.267,32.4,-8.6098,33,7
333,alibaba_replay,sarsa,45.465,56.4803,129.6,-7.4567,33,0
334,alibaba_replay,sarsa,44.2262,55.7038,129.6,-6.8117,32,0
335,alibaba_replay,sarsa,43.4671,56.1153,113.4,-6.9932,30,4
336,alibaba_replay,sarsa,42.7518,53.3787,113.4,-4.7875,30,3
337,alibaba_replay,sarsa,42.0062,51.6837,113.4,-4.64,28,3
338,alibaba_replay,sarsa,41.2873,51.8274,113.4,-5.2594,26,2
339,alibaba_replay,sarsa,40.536,52.1778,113.4,-5.2127,25,2
340,alibaba_replay,sarsa,39.8222,51.5074,113.4,-4.5523,24,3
341,alibaba_replay,sarsa,39.0902,51.369,113.4,-4.8183,24,3
342,alibaba_replay,sarsa,38.3823,51.4102,113.4,-4.7581,23,3
343,alibaba_replay,sarsa,37.6553,51.0311,113.4,-4.248,21,4
344,alibaba_replay,sarsa,36.962,50.5441,113.4,-4.044,20,4
345,alibaba_replay,sarsa,36.3054,50.1207,113.4,-4.0758,20,2
346,alibaba_replay,sarsa,35.6197,50.0668,113.4,-4.1105,19,2
347,alibaba_replay,sarsa,35.7063,49.2217,85.23,-3.5193,19,6
348,alibaba_replay,sarsa,34.5554,48.1952,129.6,-3.7368,19,0
349,alibaba_replay,sarsa,34.293,46.6199,99.42,-3.2528,19,5
350,alibaba_replay,sarsa,33.5781,46.6732,113.4,-4.0141,18,2
351,alibaba_replay,sarsa,32.9049,47.1765,113.4,-4.0892,17,2
352,alibaba_replay,sarsa,32.5788,46.5024,99.42,-3.4034,17,5
353,alibaba_replay,sarsa,31.8185,46.4441,113.4,-3.6583,16,2
354,alibaba_replay,sarsa,31.0476,46.4129,113.4,-3.6719,16,2
355,alibaba_replay,sarsa,30.7093,45.6362,99.42,-3.052,15,5
356,alibaba_replay,sarsa,29.9389,44.8657,113.4,-3.1522,15,1
357,alibaba_replay,sarsa,29.5834,43.6601,99.42,-2.6876,14,5
358,alibaba_replay,sarsa,28.8243,43.526,113.4,-3.3205,14,2
359,alibaba_replay,sarsa,28.087,43.4713,113.4,-3.3601,14,2
360,alibaba_replay,sarsa,27.3411,43.5367,113.4,-3.2702,13,2
361,alibaba_replay,sarsa,26.691,43.4877,113.4,-3.063,12,2
362,alibaba_replay,sarsa,26.0662,43.7203,113.4,-3.2038,12,2
363,alibaba_replay,sarsa,25.4808,43.5313,113.4,-2.993,12,2
364,alibaba_replay,sarsa,24.7759,40.316,113.4,-1.9375,11,3
365,alibaba_replay,sarsa,24.0525,39.4042,113.4,-2.0316,8,3
366,alibaba_replay,sarsa,23.3366,38.4092,113.4,-1.54,5,1
367,alibaba_replay,sarsa,22.9809,37.201,99.66,-1.338,5,5
368,alibaba_replay,sarsa,22.1969,35.4255,113.4,-0.6997,2,3
369,alibaba_replay,sarsa,21.4779,34.9844,113.4,-0.067,0,1
370,alibaba_replay,sarsa,21.1745,33.491,99.66,0.5546,0,5
371,alibaba_replay,sarsa,20.4379,32.6865,113.4,0.1148,0,3
372,alibaba_replay,sarsa,20.1355,32.191,99.66,0.0556,0,5
373,alibaba_replay,sarsa,19.4345,30.4977,113.4,0.5592,0,1
374,alibaba_replay,sarsa,19.1344,29.8868,99.66,0.1134,0,5
375,alibaba_replay,sarsa,18.8324,29.2834,99.42,0.1113,0,5
376,alibaba_replay,sarsa,18.0933,28.5361,113.4,0.0861,0,3
377,alibaba_replay,sarsa,17.3627,28.4851,113.4,-0.2447,0,1
378,alibaba_replay,sarsa,17.0544,27.1755,99.66,0.4931,0,5
379,alibaba_replay,sarsa,16.7485,26.0905,99.42,0.405,0,5
380,alibaba_replay,sarsa,16.0261,25.8117,113.4,-0.076,0,3
381,alibaba_replay,sarsa,15.7429,25.0586,99.66,0.2744,0,5
382,alibaba_replay,sarsa,15.4457,24.0677,99.42,0.4092,0,5
383,alibaba_replay,sarsa,15.0435,23.3743,99.42,0.2738,0,5
384,alibaba_replay,sarsa,14.2555,22.9739,113.4,0.0335,0,3
385,alibaba_replay,sarsa,13.9034,22.1781,99.66,0.3421,0,5
386,alibaba_replay,sarsa,13.153,21.8767,113.4,0.0191,0,1
387,alibaba_replay,sarsa,12.8113,20.7215,99.42,0.5556,0,5
388,alibaba_replay,sarsa,12.106,20.7271,113.4,-0.1262,0,3
389,alibaba_replay,sarsa,11.4469,21.0982,113.4,-0.336,0,3
390,alibaba_replay,sarsa,10.8967,21.2206,113.4,-0.2349,0,3
391,alibaba_replay,sarsa,10.4433,21.1432,113.4,-0.1552,0,3
392,alibaba_replay,sarsa,10.0367,21.3636,113.4,-0.3238,0,3
393,alibaba_replay,sarsa,9.6328,21.6614,113.4,-0.3909,0,3
394,alibaba_replay,sarsa,9.3709,21.859,113.4,-0.3608,0,3
395,alibaba_replay,sarsa,9.1447,21.8053,113.4,-0.2387,0,3
396,alibaba_replay,sarsa,8.9705,21.913,113.4,-0.3206,0,3
397,alibaba_replay,sarsa,8.8504,21.6469,113.4,-0.1217,0,3
398,alibaba_replay,sarsa,8.7052,21.6485,113.4,-0.2452,0,3
399,alibaba_replay,sarsa,8.5377,21.2197,113.4,-0.0187,0,3
400,alibaba_replay,sarsa,8.4102,21.1232,113.4,-0.178,0,3
401,alibaba_replay,sarsa,8.2338,21.0715,113.4,-0.1892,0,3
402,alibaba_replay,sarsa,8.0244,20.967,113.4,-0.1534,0,3
403,alibaba_replay,sarsa,7.8501,20.6589,113.4,-0.0402,0,3
404,alibaba_replay,sarsa,7.6682,20.6648,113.4,-0.189,0,3
405,alibaba_replay,sarsa,7.4891,20.3116,113.4,0.003,0,3
406,alibaba_replay,sarsa,7.3441,20.1094,113.4,-0.06,0,3
407,alibaba_replay,sarsa,7.1417,19.8519,113.4,-0.0193,0,3
408,alibaba_replay,sarsa,6.9542,19.6079,113.4,-0.0125,0,3
409,alibaba_replay,sarsa,6.7134,19.3097,113.4,0.0267,0,3
410,alibaba_replay,sarsa,6.4763,19.2631,113.4,-0.0888,0,3
411,alibaba_replay,sarsa,6.0282,17.8148,99.18,0.7503,0,5
412,alibaba_replay,sarsa,5.5755,17.0864,99.42,0.4235,0,5
413,alibaba_replay,sarsa,5.1906,15.3349,99.18,0.9675,0,5
414,alibaba_replay,sarsa,4.8196,14.077,99.18,0.7529,0,5
415,alibaba_replay,sarsa,4.4163,13.3721,99.42,0.5015,0,5
416,alibaba_replay,sarsa,4.1023,11.7953,99.18,0.9603,0,5
417,alibaba_replay,sarsa,3.7875,10.8747,99.18,0.6491,0,5
418,alibaba_replay,sarsa,2.8863,9.4759,129.6,0.7075,0,0
419,alibaba_replay,sarsa,2.1065,8.2437,129.6,0.6488,0,0
420,alibaba_replay,sarsa,1.4851,7.4866,129.6,0.4301,0,0
421,alibaba_replay,sarsa,1.0311,6.6848,129.6,0.4685,0,0
422,alibaba_replay,sarsa,0.7009,5.7591,129.6,0.5428,0,0
423,alibaba_replay,sarsa,0.4474,5.2114,129.6,0.3607,0,0
424,alibaba_replay,sarsa,0.4412,3.8735,99.18,0.9708,0,5
425,alibaba_replay,sarsa,0.4054,2.9629,99.18,0.7597,0,5
426,alibaba_replay,sarsa,0.554,3.7431,99.42,-0.0888,0,5
427,alibaba_replay,sarsa,0.6201,3.6179,99.18,0.3635,0,5
428,alibaba_replay,sarsa,0.9653,4.9993,85.23,-0.297,0,6
429,alibaba_replay,sarsa,0.9659,4.7272,99.18,0.4311,0,5
430,alibaba_replay,sarsa,1.3805,6.6979,87.48,-0.617,0,6
431,alibaba_replay,sarsa,1.3576,8.3188,113.4,-0.6271,0,3
432,alibaba_replay,sarsa,1.4461,9.7406,113.4,-0.5377,0,3
433,alibaba_replay,sarsa,1.4996,9.1926,99.18,0.5488,0,5
434,alibaba_replay,sarsa,1.5739,8.7793,99.18,0.4804,0,5
435,alibaba_replay,sarsa,1.5813,7.7114,99.18,0.8084,0,5
436,alibaba_replay,sarsa,1.6197,6.8232,99.18,0.7175,0,5
437,alibaba_replay,sarsa,1.6109,5.991,99.18,0.689,0,5
438,alibaba_replay,sarsa,1.6341,6.9217,99.18,-0.1947,0,5
439,alibaba_replay,sarsa,1.8828,6.8227,83.16,0.4315,0,6
440,alibaba_replay,sarsa,1.7987,6.5688,99.18,0.3953,0,5
441,alibaba_replay,sarsa,1.9469,7.0779,85.23,0.1102,0,6
442,alibaba_replay,sarsa,2.1476,7.9188,83.16,-0.0408,0,6
443,alibaba_replay,sarsa,1.9316,6.4429,99.18,1.0099,0,5
444,alibaba_replay,sarsa,1.7754,6.3163,99.18,0.3373,0,5
445,alibaba_replay,sarsa,1.9772,6.3667,83.16,0.361,0,6
446,alibaba_replay,sarsa,1.7928,5.6642,99.18,0.6276,0,5
447,alibaba_replay,sarsa,1.137,4.7668,129.6,0.5244,0,0
448,alibaba_replay,sarsa,1.0504,5.1964,99.18,0.0747,0,5
449,alibaba_replay,sarsa,0.9825,4.1987,99.18,0.7915,0,5
450,alibaba_replay,sarsa,0.9735,4.1373,99.18,0.3245,0,5
451,alibaba_replay,sarsa,1.1695,4.4656,83.16,0.2384,0,6
452,alibaba_replay,sarsa,1.0869,4.4448,99.18,0.303,0,5
453,alibaba_replay,sarsa,1.0318,4.2688,99.66,0.3788,0,5
454,alibaba_replay,sarsa,1.1882,4.2305,85.23,0.4084,0,6
455,alibaba_replay,sarsa,1.1262,3.9266,99.18,0.445,0,5
456,alibaba_replay,sarsa,1.0497,3.501,99.66,0.504,0,5
457,alibaba_replay,sarsa,0.9755,3.9128,99.42,0.0877,0,5
458,alibaba_replay,sarsa,1.1877,4.4867,83.16,0.1177,0,6
459,alibaba_replay,sarsa,1.1154,4.212,99.18,0.4308,0,5
460,alibaba_replay,sarsa,1.0423,3.642,99.66,0.5767,0,5
461,alibaba_replay,sarsa,0.9809,3.4618,99.18,0.3863,0,5
462,alibaba_replay,sarsa,0.971,4.2601,113.4,-0.2045,0,4
463,alibaba_replay,sarsa,0.9131,3.6308,99.42,0.6073,0,5
464,alibaba_replay,sarsa,0.8948,3.7199,99.66,0.2474,0,5
465,alibaba_replay,sarsa,0.8915,3.7452,99.42,0.2819,0,5
466,alibaba_replay,sarsa,0.9133,3.6512,99.18,0.3437,0,5
467,alibaba_replay,sarsa,0.962,3.7481,99.42,0.2471,0,5
468,alibaba_replay,sarsa,0.9857,3.2155,99.18,0.5635,0,5
469,alibaba_replay,sarsa,0.9924,3.4013,99.42,0.2022,0,5
470,alibaba_replay,sarsa,0.9992,3.3951,99.42,0.2982,0,5
471,alibaba_replay,sarsa,0.9896,3.5863,99.42,0.1995,0,5
472,alibaba_replay,sarsa,0.6358,2.9051,129.6,0.4331,0,0
473,alibaba_replay,sarsa,0.3652,2.3018,129.6,0.3976,0,0
474,alibaba_replay,sarsa,0.1572,1.7006,129.6,0.3989,0,0
475,alibaba_replay,sarsa,0.0583,0.9557,129.6,0.472,0,0
476,alibaba_replay,sarsa,0.1093,1.3822,99.18,0.0973,0,5
477,alibaba_replay,sarsa,0.0256,0.8257,129.6,0.3781,0,0
478,alibaba_replay,sarsa,0.007,0.2524,129.6,0.3867,0,0
479,alibaba_replay,sarsa,0.0681,0.8565,129.6,-0.2024,0,0
480,alibaba_replay,sarsa,0.3084,1.9983,113.4,-0.3607,0,3
481,alibaba_replay,sarsa,0.5943,3.3891,113.4,-0.4893,0,4
482,alibaba_replay,sarsa,0.8514,3.3856,113.4,0.2038,0,1
483,alibaba_replay,sarsa,0.9812,3.6572,113.4,0.0642,0,3
484,alibaba_replay,sarsa,1.2349,3.7759,113.4,0.135,0,1
485,alibaba_replay,sarsa,1.4331,4.0026,99.42,0.1751,0,5
486,alibaba_replay,sarsa,1.4736,4.4697,113.4,-0.0461,0,3
487,alibaba_replay,sarsa,1.5878,5.0549,113.4,-0.1153,0,3
488,alibaba_replay,sarsa,1.6179,5.725,113.4,-0.159,0,1
489,alibaba_replay,sarsa,1.5048,5.5621,113.4,0.2682,0,4
490,alibaba_replay,sarsa,1.6503,5.3245,99.18,0.4014,0,5
491,alibaba_replay,sarsa,1.7448,5.8151,99.66,0.0292,0,5
492,alibaba_replay,sarsa,1.8043,6.6567,113.4,-0.2463,0,1
493,alibaba_replay,sarsa,1.7496,5.4424,113.4,0.7831,0,3
494,alibaba_replay,sarsa,1.8555,5.6972,99.42,0.1438,0,5
495,alibaba_replay,sarsa,1.8616,6.4524,113.4,-0.2097,0,3
496,alibaba_replay,sarsa,2.0013,7.2587,113.4,-0.2464,0,3
497,alibaba_replay,sarsa,2.1635,7.8938,113.4,-0.1703,0,3
498,alibaba_replay,sarsa,2.3382,8.1169,113.4,0.0272,0,3
499,alibaba_replay,sarsa,2.5144,8.6417,113.4,-0.1324,0,3
500,alibaba_replay,sarsa,2.6954,9.0248,113.4,-0.0721,0,3
1,workload_burst,sarsa,19.005,20.0313,129.6,1.082,0,0
2,workload_burst,sarsa,16.1854,17.2549,129.6,1.0981,0,0
3,workload_burst,sarsa,13.5458,14.7247,129.6,1.0982,0,0
4,workload_burst,sarsa,11.0353,12.1591,129.6,1.0984,0,0
5,workload_burst,sarsa,8.6406,9.755,129.6,1.0984,0,0
6,workload_burst,sarsa,6.3804,7.6229,129.6,1.0982,0,0
7,workload_burst,sarsa,4.2127,5.2771,129.6,1.0986,0,0
8,workload_burst,sarsa,2.1806,3.4062,129.6,1.034,0,0
9,workload_burst,sarsa,0.2805,1.1933,129.6,1.0992,0,0
10,workload_burst,sarsa,0.0,0.0,129.6,0.6967,0,0
11,workload_burst,sarsa,0.0,0.0,129.6,0.1,0,0
12,workload_burst,sarsa,0.0,0.0,129.6,0.1,0,0
13,workload_burst,sarsa,0.0,0.0,129.6,0.1,0,0
14,workload_burst,sarsa,0.0,0.0,129.6,0.1,0,0
15,workload_burst,sarsa,0.0,0.0,129.6,0.1,0,0
16,workload_burst,sarsa,0.0,0.0,129.6,0.1,0,0
17,workload_burst,sarsa,0.0,0.0,129.6,0.1,0,0
18,workload_burst,sarsa,0.0,0.0,129.6,0.1,0,0
19,workload_burst,sarsa,0.0,0.0,129.6,0.1,0,0
20,workload_burst,sarsa,0.3094,2.0413,129.6,-0.9034,0,0
21,workload_burst,sarsa,0.3735,2.056,129.6,0.0879,0,0
22,workload_burst,sarsa,0.3898,2.9163,129.6,-0.3362,0,0
23,workload_burst,sarsa,0.3551,1.9452,129.6,0.5822,0,0
24,workload_burst,sarsa,0.5184,3.812,129.6,-0.8443,0,0
25,workload_burst,sarsa,0.4693,3.5798,129.6,0.2088,0,0
26,workload_burst,sarsa,0.7445,3.3122,99.66,0.4286,0,5
27,workload_burst,sarsa,0.4937,2.2298,129.6,0.6366,0,0
28,workload_burst,sarsa,0.5099,3.9441,129.6,-0.7679,0,0
29,workload_burst,sarsa,0.3425,1.7124,129.6,1.0971,0,0
30,workload_burst,sarsa,0.5661,2.8664,99.66,-0.2775,0,5
31,workload_burst,sarsa,0.3293,2.1649,129.6,0.4479,0,0
32,workload_burst,sarsa,0.3915,2.3659,129.6,-0.0055,0,0
33,workload_burst,sarsa,0.5929,3.6182,129.6,-0.5385,0,0
34,workload_burst,sarsa,0.5739,2.5065,129.6,0.6496,0,0
35,workload_burst,sarsa,0.0145,0.3155,129.6,1.1,0,0
36,workload_burst,sarsa,0.0,0.0,129.6,0.2577,0,0
37,workload_burst,sarsa,0.0,0.0,129.6,0.1,0,0
38,workload_burst,sarsa,0.0,0.0,129.6,0.1,0,0
39,workload_burst,sarsa,0.0,0.0,129.6,0.1,0,0
40,workload_burst,sarsa,0.0,0.0,129.6,0.1,0,0
41,workload_burst,sarsa,0.0,0.0,129.6,0.1,0,0
42,workload_burst,sarsa,0.0,0.0,129.6,0.1,0,0
43,workload_burst,sarsa,0.0,0.0,129.6,0.1,0,0
44,workload_burst,sarsa,0.0,0.0,129.6,0.1,0,0
45,workload_burst,sarsa,0.0,0.0,129.6,0.1,0,0
46,workload_burst,sarsa,0.0,0.0,129.6,0.1,0,0
47,workload_burst,sarsa,0.0,0.0,129.6,0.1,0,0
48,workload_burst,sarsa,0.0,0.0,129.6,0.1,0,0
49,workload_burst,sarsa,0.0,0.0,129.6,0.1,0,0
50,workload_burst,sarsa,0.0,0.0,129.6,0.1,0,0
51,workload_burst,sarsa,0.0,0.0,129.6,0.1,0,0
52,workload_burst,sarsa,0.0,0.0,129.6,0.1,0,0
53,workload_burst,sarsa,0.0,0.0,129.6,0.1,0,0
54,workload_burst,sarsa,0.0,0.0,129.6,0.1,0,0
55,workload_burst,sarsa,0.0,0.0,129.6,0.1,0,0
56,workload_burst,sarsa,0.0,0.0,129.6,0.1,0,0
57,workload_burst,sarsa,0.0,0.0,129.6,0.1,0,0
58,workload_burst,sarsa,0.0,0.0,129.6,0.1,0,0
59,workload_burst,sarsa,0.0,0.0,129.6,0.1,0,0
60,workload_burst,sarsa,0.0,0.0,129.6,0.1,0,0
61,workload_burst,sarsa,0.0,0.0,129.6,0.1,0,0
62,workload_burst,sarsa,0.0,0.0,129.6,0.1,0,0
63,workload_burst,sarsa,0.0,0.0,129.6,0.1,0,0
64,workload_burst,sarsa,0.0,0.0,129.6,0.1,0,0
65,workload_burst,sarsa,0.0,0.0,129.6,0.1,0,0
66,workload_burst,sarsa,0.0,0.0,129.6,0.1,0,0
67,workload_burst,sarsa,0.0,0.0,129.6,0.1,0,0
68,workload_burst,sarsa,0.0,0.0,129.6,0.1,0,0
69,workload_burst,sarsa,0.0,0.0,129.6,0.1,0,0
70,workload_burst,sarsa,0.3308,1.9379,129.6,-0.8728,0,0
71,workload_burst,sarsa,0.6814,3.7846,99.66,-0.6298,0,5
72,workload_burst,sarsa,0.5789,4.6428,129.6,-0.3395,0,0
73,workload_burst,sarsa,0.6917,5.8902,129.6,-0.5447,0,0
74,workload_burst,sarsa,0.625,3.7353,129.6,1.091,0,0
75,workload_burst,sarsa,0.4808,2.4782,129.6,0.7222,0,0
76,workload_burst,sarsa,0.7188,4.5503,99.66,-0.7048,0,5
77,workload_burst,sarsa,0.5848,4.4219,129.6,0.1517,0,0
78,workload_burst,sarsa,0.5969,4.91,129.6,-0.1569,0,0
79,workload_burst,sarsa,0.4827,5.2671,129.6,-0.0904,0,0
80,workload_burst,sarsa,0.4567,3.0084,129.6,1.0935,0,0
81,workload_burst,sarsa,0.357,3.3982,129.6,-0.1001,0,0
82,workload_burst,sarsa,0.4649,5.1558,129.6,-0.7897,0,0
83,workload_burst,sarsa,0.488,5.4492,129.6,-0.0597,0,0
84,workload_burst,sarsa,0.762,6.7761,129.6,-0.5886,0,0
85,workload_burst,sarsa,0.2938,4.582,129.6,1.0916,0,0
86,workload_burst,sarsa,0.0915,2.5463,129.6,1.0981,0,0
87,workload_burst,sarsa,0.007,0.251,129.6,1.1,0,0
88,workload_burst,sarsa,0.0,0.0,129.6,0.2255,0,0
89,workload_burst,sarsa,0.0,0.0,129.6,0.1,0,0
90,workload_burst,sarsa,0.0,0.0,129.6,0.1,0,0
91,workload_burst,sarsa,0.0,0.0,129.6,0.1,0,0
92,workload_burst,sarsa,0.0,0.0,129.6,0.1,0,0
93,workload_burst,sarsa,0.0,0.0,129.6,0.1,0,0
94,workload_burst,sarsa,0.0,0.0,129.6,0.1,0,0
95,workload_burst,sarsa,0.0,0.0,129.6,0.1,0,0
96,workload_burst,sarsa,0.0,0.0,129.6,0.1,0,0
97,workload_burst,sarsa,0.0,0.0,129.6,0.1,0,0
98,workload_burst,sarsa,0.0,0.0,129.6,0.1,0,0
99,workload_burst,sarsa,0.0,0.0,129.6,0.1,0,0
100,workload_burst,sarsa,0.0,0.0,129.6,0.1,0,0
101,workload_burst,sarsa,0.0,0.0,129.6,0.1,0,0
102,workload_burst,sarsa,0.0,0.0,129.6,0.1,0,0
103,workload_burst,sarsa,0.0,0.0,129.6,0.1,0,0
104,workload_burst,sarsa,0.0,0.0,129.6,0.1,0,0
105,workload_burst,sarsa,0.0,0.0,129.6,0.1,0,0
106,workload_burst,sarsa,0.0,0.0,129.6,0.1,0,0
107,workload_burst,sarsa,0.0,0.0,129.6,0.1,0,0
108,workload_burst,sarsa,0.0,0.0,129.6,0.1,0,0
109,workload_burst,sarsa,0.0,0.0,129.6,0.1,0,0
110,workload_burst,sarsa,0.0,0.0,129.6,0.1,0,0
111,workload_burst,sarsa,0.0,0.0,129.6,0.1,0,0
112,workload_burst,sarsa,0.0,0.0,129.6,0.1,0,0
113,workload_burst,sarsa,0.0,0.0,129.6,0.1,0,0
114,workload_burst,sarsa,0.0,0.0,129.6,0.1,0,0
115,workload_burst,sarsa,0.0,0.0,129.6,0.1,0,0
116,workload_burst,sarsa,0.0,0.0,129.6,0.1,0,0
117,workload_burst,sarsa,0.0,0.0,129.6,0.1,0,0
118,workload_burst,sarsa,0.0,0.0,129.6,0.1,0,0
119,workload_burst,sarsa,0.0,0.0,129.6,0.1,0,0
120,workload_burst,sarsa,0.33,2.226,129.6,-0.9038,0,0
121,workload_burst,sarsa,0.5046,3.2746,129.6,-0.4334,0,0
122,workload_burst,sarsa,0.5096,3.2377,129.6,0.1108,0,0
123,workload_burst,sarsa,0.418,2.9357,129.6,0.245,0,0
124,workload_burst,sarsa,0.4789,3.0658,129.6,0.0282,0,0
125,workload_burst,sarsa,0.5237,4.1463,129.6,-0.4514,0,0
126,workload_burst,sarsa,0.4544,2.3795,129.6,0.9775,0,0
127,workload_burst,sarsa,0.7735,4.3877,99.66,-0.7088,0,5
128,workload_burst,sarsa,1.0186,4.5642,99.66,0.1996,0,5
129,workload_burst,sarsa,1.0894,6.2618,129.6,-0.7869,0,0
130,workload_burst,sarsa,1.3779,8.3254,113.4,-0.8535,0,1
131,workload_burst,sarsa,1.6906,9.19,99.66,-0.1971,0,5
132,workload_burst,sarsa,1.5776,10.5836,129.6,-0.6606,0,0
133,workload_burst,sarsa,1.3318,7.8846,129.6,1.0544,0,0
134,workload_burst,sarsa,1.2016,7.844,129.6,0.0839,0,0
135,workload_burst,sarsa,0.4931,5.2445,129.6,1.088,0,0
136,workload_burst,sarsa,0.1108,3.0379,129.6,1.0973,0,0
137,workload_burst,sarsa,0.0265,0.9558,129.6,1.0998,0,0
138,workload_burst,sarsa,0.0,0.0,129.6,0.5779,0,0
139,workload_burst,sarsa,0.0,0.0,129.6,0.1,0,0
140,workload_burst,sarsa,0.0,0.0,129.6,0.1,0,0
141,workload_burst,sarsa,0.0,0.0,129.6,0.1,0,0
142,workload_burst,sarsa,0.0,0.0,129.6,0.1,0,0
143,workload_burst,sarsa,0.0,0.0,129.6,0.1,0,0
144,workload_burst,sarsa,0.0,0.0,129.6,0.1,0,0
145,workload_burst,sarsa,0.0,0.0,129.6,0.1,0,0
146,workload_burst,sarsa,0.0,0.0,129.6,0.1,0,0
147,workload_burst,sarsa,0.0,0.0,129.6,0.1,0,0
148,workload_burst,sarsa,0.0,0.0,129.6,0.1,0,0
149,workload_burst,sarsa,0.0,0.0,129.6,0.1,0,0
150,workload_burst,sarsa,0.0,0.0,129.6,0.1,0,0
151,workload_burst,sarsa,0.0,0.0,129.6,0.1,0,0
152,workload_burst,sarsa,0.0,0.0,129.6,0.1,0,0
153,workload_burst,sarsa,0.0,0.0,129.6,0.1,0,0
154,workload_burst,sarsa,0.0,0.0,129.6,0.1,0,0
155,workload_burst,sarsa,0.0,0.0,129.6,0.1,0,0
156,workload_burst,sarsa,0.0,0.0,129.6,0.1,0,0
157,workload_burst,sarsa,0.0,0.0,129.6,0.1,0,0
158,workload_burst,sarsa,0.0,0.0,129.6,0.1,0,0
159,workload_burst,sarsa,0.0,0.0,129.6,0.1,0,0
160,workload_burst,sarsa,0.0,0.0,129.6,0.1,0,0
161,workload_burst,sarsa,0.0,0.0,129.6,0.1,0,0
162,workload_burst,sarsa,0.0,0.0,129.6,0.1,0,0
163,workload_burst,sarsa,0.0,0.0,129.6,0.1,0,0
164,workload_burst,sarsa,0.0,0.0,129.6,0.1,0,0
165,workload_burst,sarsa,0.0,0.0,129.6,0.1,0,0
166,workload_burst,sarsa,0.0,0.0,129.6,0.1,0,0
167,workload_burst,sarsa,0.0,0.0,129.6,0.1,0,0
168,workload_burst,sarsa,0.0,0.0,129.6,0.1,0,0
169,workload_burst,sarsa,0.0,0.0,129.6,0.1,0,0
170,workload_burst,sarsa,0.3639,2.1415,129.6,-0.9052,0,0
171,workload_burst,sarsa,0.3511,1.8622,129.6,0.2358,0,0
172,workload_burst,sarsa,0.4301,2.8057,129.6,-0.3785,0,0
173,workload_burst,sarsa,0.7741,4.5825,99.42,-0.5955,0,5
174,workload_burst,sarsa,0.6314,2.2151,129.6,1.0936,0,0
175,workload_burst,sarsa,0.4731,3.6728,129.6,-0.6374,0,0
176,workload_burst,sarsa,0.516,2.4901,129.6,0.685,0,0
177,workload_burst,sarsa,0.4421,2.9206,129.6,-0.1218,0,0
178,workload_burst,sarsa,0.462,3.3056,129.6,-0.1012,0,0
179,workload_burst,sarsa,0.6663,4.7229,129.6,-0.6252,0,0
180,workload_burst,sarsa,0.5249,2.6481,129.6,1.0935,0,0
181,workload_burst,sarsa,0.5845,4.1147,129.6,-0.6467,0,0
182,workload_burst,sarsa,0.484,2.2778,129.6,1.0136,0,0
183,workload_burst,sarsa,0.4781,3.5182,129.6,-0.529,0,0
184,workload_burst,sarsa,0.4079,1.9459,129.6,0.8821,0,0
185,workload_burst,sarsa,0.0831,0.7381,99.42,0.9132,0,5
186,workload_burst,sarsa,0.0,0.0,129.6,0.469,0,0
187,workload_burst,sarsa,0.0,0.0,129.6,0.1,0,0
188,workload_burst,sarsa,0.0,0.0,129.6,0.1,0,0
189,workload_burst,sarsa,0.0,0.0,129.6,0.1,0,0
190,workload_burst,sarsa,0.0,0.0,129.6,0.1,0,0
191,workload_burst,sarsa,0.0,0.0,129.6,0.1,0,0
192,workload_burst,sarsa,0.0,0.0,129.6,0.1,0,0
193,workload_burst,sarsa,0.0,0.0,129.6,0.1,0,0
194,workload_burst,sarsa,0.0,0.0,129.6,0.1,0,0
195,workload_burst,sarsa,0.0,0.0,129.6,0.1,0,0
196,workload_burst,sarsa,0.0,0.0,129.6,0.1,0,0
197,workload_burst,sarsa,0.0,0.0,129.6,0.1,0,0
198,workload_burst,sarsa,0.0,0.0,129.6,0.1,0,0
199,workload_burst,sarsa,0.0,0.0,129.6,0.1,0,0
200,workload_burst,sarsa,0.0,0.0,129.6,0.1,0,0
201,workload_burst,sarsa,0.0,0.0,129.6,0.1,0,0
202,workload_burst,sarsa,0.0,0.0,129.6,0.1,0,0
203,workload_burst,sarsa,0.0,0.0,129.6,0.1,0,0
204,workload_burst,sarsa,0.0,0.0,129.6,0.1,0,0
205,workload_burst,sarsa,0.0,0.0,129.6,0.1,0,0
206,workload_burst,sarsa,0.0,0.0,129.6,0.1,0,0
207,workload_burst,sarsa,0.0,0.0,129.6,0.1,0,0
208,workload_burst,sarsa,0.0,0.0,129.6,0.1,0,0
209,workload_burst,sarsa,0.0,0.0,129.6,0.1,0,0
210,workload_burst,sarsa,0.0,0.0,129.6,0.1,0,0
211,workload_burst,sarsa,0.0,0.0,129.6,0.1,0,0
212,workload_burst,sarsa,0.0,0.0,129.6,0.1,0,0
213,workload_burst,sarsa,0.0,0.0,129.6,0.1,0,0
214,workload_burst,sarsa,0.0,0.0,129.6,0.1,0,0
215,workload_burst,sarsa,0.0,0.0,129.6,0.1,0,0
216,workload_burst,sarsa,0.0,0.0,129.6,0.1,0,0
217,workload_burst,sarsa,0.0,0.0,129.6,0.1,0,0
218,workload_burst,sarsa,0.0,0.0,129.6,0.1,0,0
219,workload_burst,sarsa,0.0,0.0,129.6,0.1,0,0
220,workload_burst,sarsa,0.3784,2.2087,129.6,-0.9053,0,0
221,workload_burst,sarsa,0.3267,2.1851,129.6,0.1079,0,0
222,workload_burst,sarsa,0.6449,3.4447,129.6,-0.5431,0,0
223,workload_burst,sarsa,0.6293,4.4189,129.6,-0.4004,0,0
224,workload_burst,sarsa,0.5465,5.644,129.6,-0.5244,0,0
225,workload_burst,sarsa,0.8045,7.3357,129.6,-0.7715,0,0
226,workload_burst,sarsa,1.1137,8.9401,129.6,-0.7462,0,0
227,workload_burst,sarsa,0.9728,8.7652,129.6,0.1597,0,0
228,workload_burst,sarsa,0.9465,8.9615,129.6,-0.0365,0,0
229,workload_burst,sarsa,1.052,9.9416,129.6,-0.4321,0,0
230,workload_burst,sarsa,1.0213,7.3443,129.6,1.0718,0,0
231,workload_burst,sarsa,1.1458,5.2322,113.4,1.19,0,4
232,workload_burst,sarsa,0.9345,5.9991,129.6,-0.3115,0,0
233,workload_burst,sarsa,0.7072,6.4125,129.6,-0.1243,0,0
234,workload_burst,sarsa,0.6241,4.7415,129.6,0.9225,0,0
235,workload_burst,sarsa,0.133,2.6137,129.6,1.0975,0,0
236,workload_burst,sarsa,0.0185,0.6653,129.6,1.0741,0,0
237,workload_burst,sarsa,0.0,0.0,129.6,0.4327,0,0
238,workload_burst,sarsa,0.0,0.0,129.6,0.1,0,0
239,workload_burst,sarsa,0.0,0.0,129.6,0.1,0,0
240,workload_burst,sarsa,0.0,0.0,129.6,0.1,0,0
241,workload_burst,sarsa,0.0,0.0,129.6,0.1,0,0
242,workload_burst,sarsa,0.0,0.0,129.6,0.1,0,0
243,workload_burst,sarsa,0.0,0.0,129.6,0.1,0,0
244,workload_burst,sarsa,0.0,0.0,129.6,0.1,0,0
245,workload_burst,sarsa,0.0,0.0,129.6,0.1,0,0
246,workload_burst,sarsa,0.0,0.0,129.6,0.1,0,0
247,workload_burst,sarsa,0.0,0.0,129.6,0.1,0,0
248,workload_burst,sarsa,0.0,0.0,129.6,0.1,0,0
249,workload_burst,sarsa,0.0,0.0,129.6,0.1,0,0
250,workload_burst,sarsa,0.0,0.0,129.6,0.1,0,0
251,workload_burst,sarsa,0.0,0.0,129.6,0.1,0,0
252,workload_burst,sarsa,0.0,0.0,129.6,0.1,0,0
253,workload_burst,sarsa,0.0,0.0,129.6,0.1,0,0
254,workload_burst,sarsa,0.0,0.0,129.6,0.1,0,0
255,workload_burst,sarsa,0.0,0.0,129.6,0.1,0,0
256,workload_burst,sarsa,0.0,0.0,129.6,0.1,0,0
257,workload_burst,sarsa,0.0,0.0,129.6,0.1,0,0
258,workload_burst,sarsa,0.0,0.0,129.6,0.1,0,0
259,workload_burst,sarsa,0.0,0.0,129.6,0.1,0,0
260,workload_burst,sarsa,0.0,0.0,129.6,0.1,0,0
261,workload_burst,sarsa,0.0,0.0,129.6,0.1,0,0
262,workload_burst,sarsa,0.0,0.0,129.6,0.1,0,0
263,workload_burst,sarsa,0.0,0.0,129.6,0.1,0,0
264,workload_burst,sarsa,0.0,0.0,129.6,0.1,0,0
265,workload_burst,sarsa,0.0,0.0,129.6,0.1,0,0
266,workload_burst,sarsa,0.0,0.0,129.6,0.1,0,0
267,workload_burst,sarsa,0.0,0.0,129.6,0.1,0,0
268,workload_burst,sarsa,0.0,0.0,129.6,0.1,0,0
269,workload_burst,sarsa,0.0,0.0,129.6,0.1,0,0
270,workload_burst,sarsa,0.2711,2.0004,129.6,-0.9029,0,0
271,workload_burst,sarsa,0.5833,4.5968,99.66,-0.7043,0,5
272,workload_burst,sarsa,0.4966,2.5018,129.6,1.0944,0,0
273,workload_burst,sarsa,0.6973,3.7824,129.6,-0.5562,0,0
274,workload_burst,sarsa,0.5559,1.9514,129.6,1.0102,0,0
275,workload_burst,sarsa,0.4022,2.5535,129.6,-0.2069,0,0
276,workload_burst,sarsa,0.498,4.1733,129.6,-0.7196,0,0
277,workload_burst,sarsa,0.4118,3.3736,129.6,0.4928,0,0
278,workload_burst,sarsa,0.5824,4.3892,129.6,-0.4206,0,0
279,workload_burst,sarsa,0.4172,2.6332,129.6,0.9727,0,0
280,workload_burst,sarsa,0.7226,4.2539,99.66,-0.5168,0,5
281,workload_burst,sarsa,0.6059,5.1333,129.6,-0.3515,0,0
282,workload_burst,sarsa,0.8425,5.7065,99.66,0.0007,0,5
283,workload_burst,sarsa,0.6474,3.9824,129.6,0.9523,0,0
284,workload_burst,sarsa,0.7442,5.8111,129.6,-0.8326,0,0
285,workload_burst,sarsa,0.2203,3.5151,129.6,1.0962,0,0
286,workload_burst,sarsa,0.0428,1.5392,129.6,1.0873,0,0
287,workload_burst,sarsa,0.0,0.0,129.6,0.8696,0,0
288,workload_burst,sarsa,0.0,0.0,129.6,0.1,0,0
289,workload_burst,sarsa,0.0,0.0,129.6,0.1,0,0
290,workload_burst,sarsa,0.0,0.0,129.6,0.1,0,0
291,workload_burst,sarsa,0.0,0.0,129.6,0.1,0,0
292,workload_burst,sarsa,0.0,0.0,129.6,0.1,0,0
293,workload_burst,sarsa,0.0,0.0,129.6,0.1,0,0
294,workload_burst,sarsa,0.0,0.0,129.6,0.1,0,0
295,workload_burst,sarsa,0.0,0.0,129.6,0.1,0,0
296,workload_burst,sarsa,0.0,0.0,129.6,0.1,0,0
297,workload_burst,sarsa,0.0,0.0,129.6,0.1,0,0
298,workload_burst,sarsa,0.0,0.0,129.6,0.1,0,0
299,workload_burst,sarsa,0.0,0.0,129.6,0.1,0,0
300,workload_burst,sarsa,0.0,0.0,129.6,0.1,0,0
301,workload_burst,sarsa,0.0,0.0,129.6,0.1,0,0
302,workload_burst,sarsa,0.0,0.0,129.6,0.1,0,0
303,workload_burst,sarsa,0.0,0.0,129.6,0.1,0,0
304,workload_burst,sarsa,0.0,0.0,129.6,0.1,0,0
305,workload_burst,sarsa,0.0,0.0,129.6,0.1,0,0
306,workload_burst,sarsa,0.0,0.0,129.6,0.1,0,0
307,workload_burst,sarsa,0.0,0.0,129.6,0.1,0,0
308,workload_burst,sarsa,0.0,0.0,129.6,0.1,0,0
309,workload_burst,sarsa,0.0,0.0,129.6,0.1,0,0
310,workload_burst,sarsa,0.0,0.0,129.6,0.1,0,0
311,workload_burst,sarsa,0.0,0.0,129.6,0.1,0,0
312,workload_burst,sarsa,0.0,0.0,129.6,0.1,0,0
313,workload_burst,sarsa,0.0,0.0,129.6,0.1,0,0
314,workload_burst,sarsa,0.0,0.0,129.6,0.1,0,0
315,workload_burst,sarsa,0.0,0.0,129.6,0.1,0,0
316,workload_burst,sarsa,0.0,0.0,129.6,0.1,0,0
317,workload_burst,sarsa,0.0,0.0,129.6,0.1,0,0
318,workload_burst,sarsa,0.0,0.0,129.6,0.1,0,0
319,workload_burst,sarsa,0.0,0.0,129.6,0.1,0,0
320,workload_burst,sarsa,0.3494,2.2805,129.6,-0.9043,0,0
321,workload_burst,sarsa,0.5964,3.2527,129.6,-0.398,0,0
322,workload_burst,sarsa,0.6112,4.7191,129.6,-0.646,0,0
323,workload_burst,sarsa,0.5632,3.0796,129.6,0.9117,0,0
324,workload_burst,sarsa,0.583,4.4587,129.6,-0.6014,0,0
325,workload_burst,sarsa,0.8386,3.7334,99.66,0.6552,0,5
326,workload_burst,sarsa,0.8762,4.5777,129.6,-0.346,0,0
327,workload_burst,sarsa,0.792,5.635,129.6,-0.4465,0,0
328,workload_burst,sarsa,0.7919,3.5632,129.6,1.0854,0,0
329,workload_burst,sarsa,0.6003,4.9861,129.6,-0.6213,0,0
330,workload_burst,sarsa,0.7641,4.3555,99.66,0.6083,0,5
331,workload_burst,sarsa,0.5831,4.4121,129.6,0.062,0,0
332,workload_burst,sarsa,0.5894,4.3872,129.6,0.1002,0,0
333,workload_burst,sarsa,0.9014,4.9834,99.66,-0.0065,0,5
334,workload_burst,sarsa,0.7195,5.396,129.6,-0.1209,0,0
335,workload_burst,sarsa,0.153,2.9851,129.6,1.0969,0,0
336,workload_burst,sarsa,0.0212,0.7634,129.6,1.0998,0,0
337,workload_burst,sarsa,0.0,0.0,129.6,0.4817,0,0
338,workload_burst,sarsa,0.0,0.0,129.6,0.1,0,0
339,workload_burst,sarsa,0.0,0.0,129.6,0.1,0,0
340,workload_burst,sarsa,0.0,0.0,129.6,0.1,0,0
341,workload_burst,sarsa,0.0,0.0,129.6,0.1,0,0
342,workload_burst,sarsa,0.0,0.0,129.6,0.1,0,0
343,workload_burst,sarsa,0.0,0.0,129.6,0.1,0,0
344,workload_burst,sarsa,0.0,0.0,129.6,0.1,0,0
345,workload_burst,sarsa,0.0,0.0,129.6,0.1,0,0
346,workload_burst,sarsa,0.0,0.0,129.6,0.1,0,0
347,workload_burst,sarsa,0.0,0.0,129.6,0.1,0,0
348,workload_burst,sarsa,0.0,0.0,129.6,0.1,0,0
349,workload_burst,sarsa,0.0,0.0,129.6,0.1,0,0
350,workload_burst,sarsa,0.0,0.0,129.6,0.1,0,0
351,workload_burst,sarsa,0.0,0.0,129.6,0.1,0,0
352,workload_burst,sarsa,0.0,0.0,129.6,0.1,0,0
353,workload_burst,sarsa,0.0,0.0,129.6,0.1,0,0
354,workload_burst,sarsa,0.0,0.0,129.6,0.1,0,0
355,workload_burst,sarsa,0.0,0.0,129.6,0.1,0,0
356,workload_burst,sarsa,0.0,0.0,129.6,0.1,0,0
357,workload_burst,sarsa,0.0,0.0,129.6,0.1,0,0
358,workload_burst,sarsa,0.0,0.0,129.6,0.1,0,0
359,workload_burst,sarsa,0.0,0.0,129.6,0.1,0,0
360,workload_burst,sarsa,0.0,0.0,129.6,0.1,0,0
361,workload_burst,sarsa,0.0,0.0,129.6,0.1,0,0
362,workload_burst,sarsa,0.0,0.0,129.6,0.1,0,0
363,workload_burst,sarsa,0.0,0.0,129.6,0.1,0,0
364,workload_burst,sarsa,0.0,0.0,129.6,0.1,0,0
365,workload_burst,sarsa,0.0,0.0,129.6,0.1,0,0
366,workload_burst,sarsa,0.0,0.0,129.6,0.1,0,0
367,workload_burst,sarsa,0.0,0.0,129.6,0.1,0,0
368,workload_burst,sarsa,0.0,0.0,129.6,0.1,0,0
369,workload_burst,sarsa,0.0,0.0,129.6,0.1,0,0
370,workload_burst,sarsa,0.2664,1.7454,129.6,-0.7754,0,0
371,workload_burst,sarsa,0.3188,1.866,129.6,0.036,0,0
372,workload_burst,sarsa,0.4234,3.6415,129.6,-0.7965,0,0
373,workload_burst,sarsa,0.6271,4.6443,129.6,-0.4164,0,0
374,workload_burst,sarsa,0.5559,3.4743,129.6,0.6767,0,0
375,workload_burst,sarsa,0.5351,4.848,129.6,-0.5973,0,0
376,workload_burst,sarsa,0.4903,4.9422,129.6,0.0417,0,0
377,workload_burst,sarsa,0.519,5.2952,129.6,-0.0878,0,0
378,workload_burst,sarsa,0.5758,6.7005,129.6,-0.62,0,0
379,workload_burst,sarsa,0.8225,6.7359,129.6,0.0567,0,0
380,workload_burst,sarsa,0.7618,4.4621,129.6,1.0813,0,0
381,workload_burst,sarsa,1.1049,6.9594,99.66,-0.7192,0,5
382,workload_burst,sarsa,0.7745,4.793,129.6,1.0885,0,0
383,workload_burst,sarsa,0.6131,3.7356,129.6,0.6168,0,0
384,workload_burst,sarsa,0.8827,5.287,99.66,-0.4889,0,5
385,workload_burst,sarsa,0.2978,2.8466,129.6,1.0953,0,0
386,workload_burst,sarsa,0.0248,0.589,129.6,1.0999,0,0
387,workload_burst,sarsa,0.0,0.0,129.6,0.3945,0,0
388,workload_burst,sarsa,0.0,0.0,129.6,0.1,0,0
389,workload_burst,sarsa,0.0,0.0,129.6,0.1,0,0
390,workload_burst,sarsa,0.0,0.0,129.6,0.1,0,0
391,workload_burst,sarsa,0.0,0.0,129.6,0.1,0,0
392,workload_burst,sarsa,0.0,0.0,129.6,0.1,0,0
393,workload_burst,sarsa,0.0,0.0,129.6,0.1,0,0
394,workload_burst,sarsa,0.0,0.0,129.6,0.1,0,0
395,workload_burst,sarsa,0.0,0.0,129.6,0.1,0,0
396,workload_burst,sarsa,0.0,0.0,129.6,0.1,0,0
397,workload_burst,sarsa,0.0,0.0,129.6,0.1,0,0
398,workload_burst,sarsa,0.0,0.0,129.6,0.1,0,0
399,workload_burst,sarsa,0.0,0.0,129.6,0.1,0,0
400,workload_burst,sarsa,0.0,0.0,129.6,0.1,0,0
401,workload_burst,sarsa,0.0,0.0,129.6,0.1,0,0
402,workload_burst,sarsa,0.0,0.0,129.6,0.1,0,0
403,workload_burst,sarsa,0.0,0.0,129.6,0.1,0,0
404,workload_burst,sarsa,0.0,0.0,129.6,0.1,0,0
405,workload_burst,sarsa,0.0,0.0,129.6,0.1,0,0
406,workload_burst,sarsa,0.0,0.0,129.6,0.1,0,0
407,workload_burst,sarsa,0.0,0.0,129.6,0.1,0,0
408,workload_burst,sarsa,0.0,0.0,129.6,0.1,0,0
409,workload_burst,sarsa,0.0,0.0,129.6,0.1,0,0
410,workload_burst,sarsa,0.0,0.0,129.6,0.1,0,0
411,workload_burst,sarsa,0.0,0.0,129.6,0.1,0,0
412,workload_burst,sarsa,0.0,0.0,129.6,0.1,0,0
413,workload_burst,sarsa,0.0,0.0,129.6,0.1,0,0
414,workload_burst,sarsa,0.0,0.0,129.6,0.1,0,0
415,workload_burst,sarsa,0.0,0.0,129.6,0.1,0,0
416,workload_burst,sarsa,0.0,0.0,129.6,0.1,0,0
417,workload_burst,sarsa,0.0,0.0,129.6,0.1,0,0
418,workload_burst,sarsa,0.0,0.0,129.6,0.1,0,0
419,workload_burst,sarsa,0.0,0.0,129.6,0.1,0,0
420,workload_burst,sarsa,0.3541,2.3263,129.6,-0.9047,0,0
421,workload_burst,sarsa,0.3227,2.1511,129.6,0.1838,0,0
422,workload_burst,sarsa,0.4472,3.6449,129.6,-0.6546,0,0
423,workload_burst,sarsa,0.6839,3.7883,129.6,0.0136,0,0
424,workload_burst,sarsa,0.8434,4.9552,129.6,-0.5085,0,0
425,workload_burst,sarsa,0.7777,5.7489,129.6,-0.3124,0,0
426,workload_burst,sarsa,0.7097,6.9478,129.6,-0.5224,0,0
427,workload_burst,sarsa,0.6481,4.5542,129.6,1.089,0,0
428,workload_burst,sarsa,0.7642,5.9816,129.6,-0.6362,0,0
429,workload_burst,sarsa,0.8457,5.7613,129.6,0.1882,0,0
430,workload_burst,sarsa,1.0172,7.1844,129.6,-0.6478,0,0
431,workload_burst,sarsa,0.8357,4.783,129.6,1.0878,0,0
432,workload_burst,sarsa,0.5298,3.8618,129.6,0.5517,0,0
433,workload_burst,sarsa,0.5261,3.6204,129.6,0.2117,0,0
434,workload_burst,sarsa,0.473,4.3494,129.6,-0.2731,0,0
435,workload_burst,sarsa,0.0807,2.1252,129.6,1.0987,0,0
436,workload_burst,sarsa,0.0024,0.0871,129.6,1.1,0,0
437,workload_burst,sarsa,0.0,0.0,129.6,0.1435,0,0
438,workload_burst,sarsa,0.0,0.0,129.6,0.1,0,0
439,workload_burst,sarsa,0.0,0.0,129.6,0.1,0,0
440,workload_burst,sarsa,0.0,0.0,129.6,0.1,0,0
441,workload_burst,sarsa,0.0,0.0,129.6,0.1,0,0
442,workload_burst,sarsa,0.0,0.0,129.6,0.1,0,0
443,workload_burst,sarsa,0.0,0.0,129.6,0.1,0,0
444,workload_burst,sarsa,0.0,0.0,129.6,0.1,0,0
445,workload_burst,sarsa,0.0,0.0,129.6,0.1,0,0
446,workload_burst,sarsa,0.0,0.0,129.6,0.1,0,0
447,workload_burst,sarsa,0.0,0.0,129.6,0.1,0,0
448,workload_burst,sarsa,0.0,0.0,129.6,0.1,0,0
449,workload_burst,sarsa,0.0,0.0,129.6,0.1,0,0
450,workload_burst,sarsa,0.0,0.0,129.6,0.1,0,0
451,workload_burst,sarsa,0.0,0.0,129.6,0.1,0,0
452,workload_burst,sarsa,0.0,0.0,129.6,0.1,0,0
453,workload_burst,sarsa,0.0,0.0,129.6,0.1,0,0
454,workload_burst,sarsa,0.0,0.0,129.6,0.1,0,0
455,workload_burst,sarsa,0.0,0.0,129.6,0.1,0,0
456,workload_burst,sarsa,0.0,0.0,129.6,0.1,0,0
457,workload_burst,sarsa,0.0,0.0,129.6,0.1,0,0
458,workload_burst,sarsa,0.0,0.0,129.6,0.1,0,0
459,workload_burst,sarsa,0.0,0.0,129.6,0.1,0,0
460,workload_burst,sarsa,0.0,0.0,129.6,0.1,0,0
461,workload_burst,sarsa,0.0,0.0,129.6,0.1,0,0
462,workload_burst,sarsa,0.0,0.0,129.6,0.1,0,0
463,workload_burst,sarsa,0.0,0.0,129.6,0.1,0,0
464,workload_burst,sarsa,0.0,0.0,129.6,0.1,0,0
465,workload_burst,sarsa,0.0,0.0,129.6,0.1,0,0
466,workload_burst,sarsa,0.0,0.0,129.6,0.1,0,0
467,workload_burst,sarsa,0.0,0.0,129.6,0.1,0,0
468,workload_burst,sarsa,0.0,0.0,129.6,0.1,0,0
469,workload_burst,sarsa,0.0,0.0,129.6,0.1,0,0
470,workload_burst,sarsa,0.2824,2.0725,129.6,-0.9031,0,0
471,workload_burst,sarsa,0.3864,2.3992,129.6,-0.0693,0,0
472,workload_burst,sarsa,0.7942,5.6247,87.48,-0.6281,0,6
473,workload_burst,sarsa,0.7729,6.0016,129.6,-0.1118,0,0
474,workload_burst,sarsa,1.0213,6.3447,129.6,-0.1088,0,0
475,workload_burst,sarsa,0.8254,3.7313,129.6,1.087,0,0
476,workload_burst,sarsa,0.5692,3.005,129.6,0.4561,0,0
477,workload_burst,sarsa,0.3996,2.8425,129.6,0.176,0,0
478,workload_burst,sarsa,0.3731,3.2046,129.6,-0.0862,0,0
479,workload_burst,sarsa,0.4851,4.8747,129.6,-0.7456,0,0
480,workload_burst,sarsa,0.9146,3.8368,99.66,0.8075,0,5
481,workload_burst,sarsa,0.8311,4.8615,129.6,-0.431,0,0
482,workload_burst,sarsa,0.653,4.5308,129.6,0.2543,0,0
483,workload_burst,sarsa,0.4901,2.896,129.6,0.9102,0,0
484,workload_burst,sarsa,0.3807,2.2082,129.6,0.4394,0,0
485,workload_burst,sarsa,0.0023,0.0488,129.6,1.1,0,0
486,workload_burst,sarsa,0.0,0.0,129.6,0.1244,0,0
487,workload_burst,sarsa,0.0,0.0,129.6,0.1,0,0
488,workload_burst,sarsa,0.0,0.0,129.6,0.1,0,0
489,workload_burst,sarsa,0.0,0.0,129.6,0.1,0,0
490,workload_burst,sarsa,0.0,0.0,129.6,0.1,0,0
491,workload_burst,sarsa,0.0,0.0,129.6,0.1,0,0
492,workload_burst,sarsa,0.0,0.0,129.6,0.1,0,0
493,workload_burst,sarsa,0.0,0.0,129.6,0.1,0,0
494,workload_burst,sarsa,0.0,0.0,129.6,0.1,0,0
495,workload_burst,sarsa,0.0,0.0,129.6,0.1,0,0
496,workload_burst,sarsa,0.0,0.0,129.6,0.1,0,0
497,workload_burst,sarsa,0.0,0.0,129.6,0.1,0,0
498,workload_burst,sarsa,0.0,0.0,129.6,0.1,0,0
499,workload_burst,sarsa,0.0,0.0,129.6,0.1,0,0
500,workload_burst,sarsa,0.0,0.0,129.6,0.1,0,0
1,moving_hotspot,sarsa,19.4008,23.0333,129.6,-0.429,0,0
2,moving_hotspot,sarsa,16.9573,22.4506,129.6,0.3593,0,0
3,moving_hotspot,sarsa,14.6749,21.5857,129.6,0.4823,0,0
4,moving_hotspot,sarsa,12.5038,19.1638,129.6,1.0358,0,0
5,moving_hotspot,sarsa,10.3135,16.7656,129.6,1.0232,0,0
6,moving_hotspot,sarsa,8.3654,13.8511,129.6,1.0198,0,0
7,moving_hotspot,sarsa,6.6609,13.1936,129.6,0.3217,0,0
8,moving_hotspot,sarsa,5.069,12.9494,129.6,0.0796,0,0
9,moving_hotspot,sarsa,3.5724,12.1004,129.6,0.3581,0,0
10,moving_hotspot,sarsa,2.9726,12.1514,129.6,-0.0776,0,0
11,moving_hotspot,sarsa,2.518,12.8233,129.6,-0.3852,0,0
12,moving_hotspot,sarsa,2.1624,12.7696,129.6,0.0009,0,0
13,moving_hotspot,sarsa,1.7262,10.1235,129.6,1.015,0,0
14,moving_hotspot,sarsa,1.1745,7.7086,129.6,1.0578,0,0
15,moving_hotspot,sarsa,0.8457,5.1107,129.6,1.0768,0,0
16,moving_hotspot,sarsa,0.7075,4.9222,129.6,0.1723,0,0
17,moving_hotspot,sarsa,0.6805,5.2842,129.6,-0.1049,0,0
18,moving_hotspot,sarsa,0.5811,5.5921,129.6,-0.072,0,0
19,moving_hotspot,sarsa,0.4134,3.9992,129.6,0.8868,0,0
20,moving_hotspot,sarsa,0.3464,4.5416,129.6,-0.1809,0,0
21,moving_hotspot,sarsa,0.4186,5.7381,129.6,-0.5127,0,0
22,moving_hotspot,sarsa,0.4051,6.0103,129.6,-0.0502,0,0
23,moving_hotspot,sarsa,0.3303,3.8993,129.6,1.0907,0,0
24,moving_hotspot,sarsa,0.2783,2.8136,129.6,0.6384,0,0
25,moving_hotspot,sarsa,0.1626,2.4035,129.6,0.3023,0,0
26,moving_hotspot,sarsa,0.0841,1.1594,129.6,0.7215,0,0
27,moving_hotspot,sarsa,0.1674,2.0853,129.6,-0.3649,0,0
28,moving_hotspot,sarsa,0.2098,2.5552,129.6,-0.1379,0,0
29,moving_hotspot,sarsa,0.2576,2.6866,129.6,0.0309,0,0
30,moving_hotspot,sarsa,0.3307,3.1661,129.6,-0.1462,0,0
31,moving_hotspot,sarsa,0.3732,4.0213,129.6,-0.3363,0,0
32,moving_hotspot,sarsa,0.3513,4.3114,129.6,-0.0523,0,0
33,moving_hotspot,sarsa,0.2567,2.9353,129.6,0.7838,0,0
34,moving_hotspot,sarsa,0.1036,1.4434,129.6,0.845,0,0
35,moving_hotspot,sarsa,0.1672,2.1852,129.6,-0.2734,0,0
36,moving_hotspot,sarsa,0.1802,2.5336,129.6,-0.0771,0,0
37,moving_hotspot,sarsa,0.2039,2.5836,129.6,0.0718,0,0
38,moving_hotspot,sarsa,0.194,2.4635,129.6,0.1571,0,0
39,moving_hotspot,sarsa,0.1645,2.4729,129.6,0.0928,0,0
40,moving_hotspot,sarsa,0.2207,3.0901,129.6,-0.214,0,0
41,moving_hotspot,sarsa,0.3136,4.2519,129.6,-0.4897,0,0
42,moving_hotspot,sarsa,0.2883,4.5752,129.6,-0.069,0,0
43,moving_hotspot,sarsa,0.2572,2.7588,129.6,1.0035,0,0
44,moving_hotspot,sarsa,0.2377,2.7792,129.6,0.0862,0,0
45,moving_hotspot,sarsa,0.1874,2.6879,129.6,0.1423,0,0
46,moving_hotspot,sarsa,0.0973,1.2056,129.6,0.8405,0,0
47,moving_hotspot,sarsa,0.1831,2.0082,129.6,-0.3034,0,0
48,moving_hotspot,sarsa,0.2127,2.3398,129.6,-0.0687,0,0
49,moving_hotspot,sarsa,0.2189,2.3567,129.6,0.0887,0,0
50,moving_hotspot,sarsa,0.2932,3.2384,129.6,-0.3465,0,0
51,moving_hotspot,sarsa,0.3468,3.9602,129.6,-0.2691,0,0
52,moving_hotspot,sarsa,0.3133,4.1535,129.6,-0.0029,0,0
53,moving_hotspot,sarsa,0.2559,2.4023,129.6,0.9719,0,0
54,moving_hotspot,sarsa,0.0939,1.4045,129.6,0.5981,0,0
55,moving_hotspot,sarsa,0.159,1.9632,129.6,-0.1815,0,0
56,moving_hotspot,sarsa,0.1851,2.6239,129.6,-0.2331,0,0
57,moving_hotspot,sarsa,0.1951,2.2755,129.6,0.2713,0,0
58,moving_hotspot,sarsa,0.2047,2.6811,129.6,-0.1061,0,0
59,moving_hotspot,sarsa,0.1912,2.6412,129.6,0.1166,0,0
60,moving_hotspot,sarsa,0.2244,3.4784,129.6,-0.3242,0,0
61,moving_hotspot,sarsa,0.313,4.0616,129.6,-0.2006,0,0
62,moving_hotspot,sarsa,0.3201,4.3446,129.6,-0.0491,0,0
63,moving_hotspot,sarsa,0.261,2.9883,129.6,0.7734,0,0
64,moving_hotspot,sarsa,0.2376,2.8479,129.6,0.1666,0,0
65,moving_hotspot,sarsa,0.1996,2.6304,129.6,0.2054,0,0
66,moving_hotspot,sarsa,0.1286,1.5962,129.6,0.616,0,0
67,moving_hotspot,sarsa,0.1854,1.8408,129.6,-0.0242,0,0
68,moving_hotspot,sarsa,0.1914,2.0521,129.6,-0.008,0,0
69,moving_hotspot,sarsa,0.2184,2.7397,129.6,-0.2469,0,0
70,moving_hotspot,sarsa,0.2931,3.2226,129.6,-0.147,0,0
71,moving_hotspot,sarsa,0.3473,3.9775,129.6,-0.2859,0,0
72,moving_hotspot,sarsa,0.3443,4.5227,129.6,-0.1803,0,0
73,moving_hotspot,sarsa,0.258,2.7805,129.6,0.9668,0,0
74,moving_hotspot,sarsa,0.1101,1.6866,129.6,0.6459,0,0
75,moving_hotspot,sarsa,0.1636,2.3419,129.6,-0.2304,0,0
76,moving_hotspot,sarsa,0.196,2.7219,129.6,-0.093,0,0
77,moving_hotspot,sarsa,0.1876,2.3041,129.6,0.3063,0,0
78,moving_hotspot,sarsa,0.1825,2.5108,129.6,-0.0061,0,0
79,moving_hotspot,sarsa,0.1636,2.5103,129.6,0.0974,0,0
80,moving_hotspot,sarsa,0.2181,3.4468,129.6,-0.374,0,0
81,moving_hotspot,sarsa,0.3058,4.2172,129.6,-0.2949,0,0
82,moving_hotspot,sarsa,0.2958,4.4054,129.6,-0.0014,0,0
83,moving_hotspot,sarsa,0.2441,2.709,129.6,0.9439,0,0
84,moving_hotspot,sarsa,0.1986,2.4229,129.6,0.2402,0,0
85,moving_hotspot,sarsa,0.1416,2.2523,129.6,0.1832,0,0
86,moving_hotspot,sarsa,0.0923,1.0337,129.6,0.7087,0,0
87,moving_hotspot,sarsa,0.2117,2.3702,129.6,-0.5708,0,0
88,moving_hotspot,sarsa,0.229,2.5575,129.6,0.003,0,0
89,moving_hotspot,sarsa,0.2132,2.652,129.6,0.0495,0,0
90,moving_hotspot,sarsa,0.3025,3.2978,129.6,-0.2289,0,0
91,moving_hotspot,sarsa,0.3752,3.8444,129.6,-0.1817,0,0
92,moving_hotspot,sarsa,0.3312,3.9679,129.6,0.0321,0,0
93,moving_hotspot,sarsa,0.2634,2.4912,129.6,0.8344,0,0
94,moving_hotspot,sarsa,0.0865,1.2254,129.6,0.7323,0,0
95,moving_hotspot,sarsa,0.1444,1.7576,129.6,-0.1678,0,0
96,moving_hotspot,sarsa,0.1671,2.3063,129.6,-0.1768,0,0
97,moving_hotspot,sarsa,0.178,2.2623,129.6,0.1194,0,0
98,moving_hotspot,sarsa,0.215,2.9645,129.6,-0.2549,0,0
99,moving_hotspot,sarsa,0.1794,2.5211,129.6,0.3187,0,0
100,moving_hotspot,sarsa,0.2177,3.3272,129.6,-0.3084,0,0
101,moving_hotspot,sarsa,0.3013,4.0674,129.6,-0.2788,0,0
102,moving_hotspot,sarsa,0.2826,4.5395,129.6,-0.1434,0,0
103,moving_hotspot,sarsa,0.2224,2.3812,129.6,1.0962,0,0
104,moving_hotspot,sarsa,0.1912,2.3793,129.6,0.0982,0,0
105,moving_hotspot,sarsa,0.1719,2.5758,129.6,-0.0011,0,0
106,moving_hotspot,sarsa,0.1149,1.507,129.6,0.6334,0,0
107,moving_hotspot,sarsa,0.1901,2.0832,129.6,-0.1904,0,0
108,moving_hotspot,sarsa,0.2019,2.2443,129.6,0.0169,0,0
109,moving_hotspot,sarsa,0.2203,2.7051,129.6,-0.1337,0,0
110,moving_hotspot,sarsa,0.3072,3.672,129.6,-0.3903,0,0
111,moving_hotspot,sarsa,0.3377,3.9573,129.6,-0.051,0,0
112,moving_hotspot,sarsa,0.3125,3.9849,129.6,0.0801,0,0
113,moving_hotspot,sarsa,0.2406,2.5899,129.6,0.7941,0,0
114,moving_hotspot,sarsa,0.0973,1.2009,129.6,0.7937,0,0
115,moving_hotspot,sarsa,0.1723,1.8515,129.6,-0.2274,0,0
116,moving_hotspot,sarsa,0.1965,2.618,129.6,-0.2863,0,0
117,moving_hotspot,sarsa,0.2135,2.517,129.6,0.1473,0,0
118,moving_hotspot,sarsa,0.19,2.6067,129.6,0.0524,0,0
119,moving_hotspot,sarsa,0.1668,2.383,129.6,0.2092,0,0
120,moving_hotspot,sarsa,0.2134,3.3468,129.6,-0.3869,0,0
121,moving_hotspot,sarsa,0.2944,3.9068,129.6,-0.1882,0,0
122,moving_hotspot,sarsa,0.2794,4.1799,129.6,-0.0433,0,0
123,moving_hotspot,sarsa,0.2501,2.7844,129.6,0.7932,0,0
124,moving_hotspot,sarsa,0.2035,2.6199,129.6,0.179,0,0
125,moving_hotspot,sarsa,0.1656,2.6422,129.6,0.0859,0,0
126,moving_hotspot,sarsa,0.116,1.6101,129.6,0.615,0,0
127,moving_hotspot,sarsa,0.1935,1.9611,129.6,-0.0778,0,0
128,moving_hotspot,sarsa,0.2071,2.4636,129.6,-0.1542,0,0
129,moving_hotspot,sarsa,0.2132,2.6066,129.6,0.0254,0,0
130,moving_hotspot,sarsa,0.2989,3.2,129.6,-0.2026,0,0
131,moving_hotspot,sarsa,0.3601,4.2362,129.6,-0.4273,0,0
132,moving_hotspot,sarsa,0.3516,4.4477,129.6,-0.013,0,0
133,moving_hotspot,sarsa,0.2657,2.5837,129.6,1.0276,0,0
134,moving_hotspot,sarsa,0.1033,1.3823,129.6,0.6999,0,0
135,moving_hotspot,sarsa,0.1651,2.1004,129.6,-0.2613,0,0
136,moving_hotspot,sarsa,0.1756,2.0795,129.6,0.108,0,0
137,moving_hotspot,sarsa,0.1656,2.4036,129.6,-0.0646,0,0
138,moving_hotspot,sarsa,0.1836,2.4869,129.6,0.0553,0,0
139,moving_hotspot,sarsa,0.1833,2.908,129.6,-0.1141,0,0
140,moving_hotspot,sarsa,0.2383,3.3508,129.6,-0.1276,0,0
141,moving_hotspot,sarsa,0.3197,4.4813,129.6,-0.4748,0,0
142,moving_hotspot,sarsa,0.2832,4.5808,129.6,0.0429,0,0
143,moving_hotspot,sarsa,0.2409,2.3363,129.6,1.0961,0,0
144,moving_hotspot,sarsa,0.1928,2.9199,129.6,-0.1953,0,0
145,moving_hotspot,sarsa,0.1734,2.2825,129.6,0.416,0,0
146,moving_hotspot,sarsa,0.1034,1.5592,129.6,0.4607,0,0
147,moving_hotspot,sarsa,0.2022,2.0021,129.6,-0.1238,0,0
148,moving_hotspot,sarsa,0.2308,2.8215,129.6,-0.3132,0,0
149,moving_hotspot,sarsa,0.2221,2.3914,129.6,0.3123,0,0
150,moving_hotspot,sarsa,0.2869,3.135,129.6,-0.2771,0,0
151,moving_hotspot,sarsa,0.3455,3.9783,129.6,-0.3301,0,0
152,moving_hotspot,sarsa,0.3233,4.2139,129.6,-0.0244,0,0
153,moving_hotspot,sarsa,0.2609,2.7899,129.6,0.8076,0,0
154,moving_hotspot,sarsa,0.0957,1.3331,129.6,0.8277,0,0
155,moving_hotspot,sarsa,0.1454,1.8854,129.6,-0.1782,0,0
156,moving_hotspot,sarsa,0.1834,2.4384,129.6,-0.1794,0,0
157,moving_hotspot,sarsa,0.1727,2.5362,129.6,0.0484,0,0
158,moving_hotspot,sarsa,0.1754,2.2565,129.6,0.2374,0,0
159,moving_hotspot,sarsa,0.1664,2.5973,129.6,-0.0734,0,0
160,moving_hotspot,sarsa,0.2248,3.2758,129.6,-0.2451,0,0
161,moving_hotspot,sarsa,0.3165,4.3182,129.6,-0.4306,0,0
162,moving_hotspot,sarsa,0.293,4.5406,129.6,-0.0186,0,0
163,moving_hotspot,sarsa,0.2238,2.3269,129.6,1.0965,0,0
164,moving_hotspot,sarsa,0.1839,1.9314,129.6,0.2956,0,0
165,moving_hotspot,sarsa,0.1623,2.3773,129.6,-0.1255,0,0
166,moving_hotspot,sarsa,0.1124,1.3606,129.6,0.6074,0,0
167,moving_hotspot,sarsa,0.2021,2.1671,129.6,-0.3059,0,0
168,moving_hotspot,sarsa,0.2157,2.3482,129.6,0.0067,0,0
169,moving_hotspot,sarsa,0.2017,2.3144,129.6,0.1147,0,0
170,moving_hotspot,sarsa,0.2852,2.9823,129.6,-0.2391,0,0
171,moving_hotspot,sarsa,0.3257,4.0301,129.6,-0.4317,0,0
172,moving_hotspot,sarsa,0.3277,4.2931,129.6,-0.0381,0,0
173,moving_hotspot,sarsa,0.2744,2.502,129.6,0.991,0,0
174,moving_hotspot,sarsa,0.1114,1.4267,129.6,0.6367,0,0
175,moving_hotspot,sarsa,0.1739,2.2004,129.6,-0.2895,0,0
176,moving_hotspot,sarsa,0.1982,2.4467,129.6,-0.026,0,0
177,moving_hotspot,sarsa,0.19,2.3574,129.6,0.1416,0,0
178,moving_hotspot,sarsa,0.1814,2.6456,129.6,-0.0469,0,0
179,moving_hotspot,sarsa,0.1634,2.1426,129.6,0.3491,0,0
180,moving_hotspot,sarsa,0.2082,3.137,129.6,-0.4019,0,0
181,moving_hotspot,sarsa,0.2705,3.6454,129.6,-0.1614,0,0
182,moving_hotspot,sarsa,0.266,4.07,129.6,-0.1182,0,0
183,moving_hotspot,sarsa,0.2349,2.5337,129.6,0.8644,0,0
184,moving_hotspot,sarsa,0.1708,2.5023,129.6,0.1131,0,0
185,moving_hotspot,sarsa,0.1624,2.6078,129.6,0.0444,0,0
186,moving_hotspot,sarsa,0.1081,1.1625,129.6,0.8219,0,0
187,moving_hotspot,sarsa,0.2079,2.267,129.6,-0.4549,0,0
188,moving_hotspot,sarsa,0.2259,2.8014,129.6,-0.1707,0,0
189,moving_hotspot,sarsa,0.2539,2.9552,129.6,0.0193,0,0
190,moving_hotspot,sarsa,0.3362,3.5134,129.6,-0.1857,0,0
191,moving_hotspot,sarsa,0.3735,4.6096,129.6,-0.4575,0,0
192,moving_hotspot,sarsa,0.341,4.7654,129.6,0.0143,0,0
193,moving_hotspot,sarsa,0.256,2.635,129.6,1.0957,0,0
194,moving_hotspot,sarsa,0.0842,1.1035,129.6,0.8652,0,0
195,moving_hotspot,sarsa,0.1457,1.9101,129.6,-0.3051,0,0
196,moving_hotspot,sarsa,0.1909,2.6353,129.6,-0.2658,0,0
197,moving_hotspot,sarsa,0.2134,2.8462,129.6,-0.009,0,0
198,moving_hotspot,sarsa,0.2124,2.6837,129.6,0.1781,0,0
199,moving_hotspot,sarsa,0.1731,2.5346,129.6,0.1717,0,0
200,moving_hotspot,sarsa,0.2049,2.9615,129.6,-0.118,0,0
201,moving_hotspot,sarsa,0.2818,3.8828,129.6,-0.3679,0,0
202,moving_hotspot,sarsa,0.2674,4.6466,129.6,-0.2889,0,0
203,moving_hotspot,sarsa,0.255,2.5425,129.6,1.0955,0,0
204,moving_hotspot,sarsa,0.2186,2.6135,129.6,0.0611,0,0
205,moving_hotspot,sarsa,0.1806,2.9509,129.6,-0.0722,0,0
206,moving_hotspot,sarsa,0.1074,1.1492,129.6,1.0001,0,0
207,moving_hotspot,sarsa,0.2026,1.939,129.6,-0.2972,0,0
208,moving_hotspot,sarsa,0.2256,2.3585,129.6,-0.1127,0,0
209,moving_hotspot,sarsa,0.2192,2.2306,129.6,0.1613,0,0
210,moving_hotspot,sarsa,0.3091,2.9289,129.6,-0.2541,0,0
211,moving_hotspot,sarsa,0.367,3.7611,129.6,-0.3242,0,0
212,moving_hotspot,sarsa,0.3434,4.2629,129.6,-0.158,0,0
213,moving_hotspot,sarsa,0.2554,2.8468,129.6,0.8036,0,0
214,moving_hotspot,sarsa,0.1016,1.3244,129.6,0.8603,0,0
215,moving_hotspot,sarsa,0.1717,2.3671,129.6,-0.4239,0,0
216,moving_hotspot,sarsa,0.1846,3.0945,129.6,-0.2673,0,0
217,moving_hotspot,sarsa,0.2131,2.647,129.6,0.3204,0,0
218,moving_hotspot,sarsa,0.2023,2.6586,129.6,0.091,0,0
219,moving_hotspot,sarsa,0.1931,2.3547,129.6,0.2488,0,0
220,moving_hotspot,sarsa,0.236,3.6103,129.6,-0.5336,0,0
221,moving_hotspot,sarsa,0.317,4.0102,129.6,-0.1089,0,0
222,moving_hotspot,sarsa,0.3129,4.4264,129.6,-0.1158,0,0
223,moving_hotspot,sarsa,0.252,3.0577,129.6,0.7797,0,0
224,moving_hotspot,sarsa,0.196,2.4733,129.6,0.3893,0,0
225,moving_hotspot,sarsa,0.1818,2.5979,129.6,0.0342,0,0
226,moving_hotspot,sarsa,0.1357,1.1396,129.6,0.8281,0,0
227,moving_hotspot,sarsa,0.2232,2.2156,129.6,-0.4408,0,0
228,moving_hotspot,sarsa,0.2339,2.6136,129.6,-0.1025,0,0
229,moving_hotspot,sarsa,0.2523,2.8576,129.6,-0.0255,0,0
230,moving_hotspot,sarsa,0.3116,3.1765,129.6,-0.0655,0,0
231,moving_hotspot,sarsa,0.3564,4.0387,129.6,-0.3395,0,0
232,moving_hotspot,sarsa,0.335,4.5911,129.6,-0.1839,0,0
233,moving_hotspot,sarsa,0.2462,2.8849,129.6,0.9486,0,0
234,moving_hotspot,sarsa,0.1253,1.4515,129.6,0.8157,0,0
235,moving_hotspot,sarsa,0.1848,2.1407,129.6,-0.2472,0,0
236,moving_hotspot,sarsa,0.2028,2.8031,129.6,-0.2347,0,0
237,moving_hotspot,sarsa,0.212,2.7439,129.6,0.126,0,0
238,moving_hotspot,sarsa,0.2067,2.8384,129.6,0.0492,0,0
239,moving_hotspot,sarsa,0.1799,2.6579,129.6,0.1872,0,0
240,moving_hotspot,sarsa,0.2151,3.0504,129.6,-0.1012,0,0
241,moving_hotspot,sarsa,0.3011,4.1849,129.6,-0.4753,0,0
242,moving_hotspot,sarsa,0.2919,4.6244,129.6,-0.1273,0,0
243,moving_hotspot,sarsa,0.2503,2.5975,129.6,1.0957,0,0
244,moving_hotspot,sarsa,0.1973,2.3503,129.6,0.221,0,0
245,moving_hotspot,sarsa,0.172,2.6459,129.6,-0.0508,0,0
246,moving_hotspot,sarsa,0.1226,1.5114,129.6,0.6662,0,0
247,moving_hotspot,sarsa,0.1988,2.1613,129.6,-0.2275,0,0
248,moving_hotspot,sarsa,0.2197,2.6906,129.6,-0.1679,0,0
249,moving_hotspot,sarsa,0.2291,2.5746,129.6,0.1547,0,0
250,moving_hotspot,sarsa,0.3196,3.492,129.6,-0.3655,0,0
251,moving_hotspot,sarsa,0.386,4.471,129.6,-0.3999,0,0
252,moving_hotspot,sarsa,0.3608,4.6423,129.6,0.0064,0,0
253,moving_hotspot,sarsa,0.2521,2.4256,129.6,1.0961,0,0
254,moving_hotspot,sarsa,0.0846,1.387,129.6,0.6185,0,0
255,moving_hotspot,sarsa,0.1736,2.1213,129.6,-0.2697,0,0
256,moving_hotspot,sarsa,0.1873,2.7052,129.6,-0.1951,0,0
257,moving_hotspot,sarsa,0.1968,2.442,129.6,0.2286,0,0
258,moving_hotspot,sarsa,0.1848,2.5521,129.6,0.0419,0,0
259,moving_hotspot,sarsa,0.1854,2.5038,129.6,0.121,0,0
260,moving_hotspot,sarsa,0.2285,3.6603,129.6,-0.4846,0,0
261,moving_hotspot,sarsa,0.2949,4.137,129.6,-0.1471,0,0
262,moving_hotspot,sarsa,0.2906,4.2809,129.6,0.0206,0,0
263,moving_hotspot,sarsa,0.2452,3.2754,129.6,0.5978,0,0
264,moving_hotspot,sarsa,0.1878,2.3388,129.6,0.5656,0,0
265,moving_hotspot,sarsa,0.1495,2.2487,129.6,0.1427,0,0
266,moving_hotspot,sarsa,0.1006,1.4094,129.6,0.5188,0,0
267,moving_hotspot,sarsa,0.2085,2.2747,129.6,-0.3354,0,0
268,moving_hotspot,sarsa,0.2327,2.6655,129.6,-0.0987,0,0
269,moving_hotspot,sarsa,0.256,2.7009,129.6,0.0787,0,0
270,moving_hotspot,sarsa,0.3196,3.348,129.6,-0.2301,0,0
271,moving_hotspot,sarsa,0.3868,4.5109,129.6,-0.491,0,0
272,moving_hotspot,sarsa,0.3394,4.5489,129.6,0.0734,0,0
273,moving_hotspot,sarsa,0.2644,2.8645,129.6,0.9376,0,0
274,moving_hotspot,sarsa,0.1223,1.322,129.6,0.8703,0,0
275,moving_hotspot,sarsa,0.1779,2.0782,129.6,-0.2806,0,0
276,moving_hotspot,sarsa,0.1821,2.5459,129.6,-0.1369,0,0
277,moving_hotspot,sarsa,0.1831,2.7344,129.6,0.0027,0,0
278,moving_hotspot,sarsa,0.1935,2.319,129.6,0.3048,0,0
279,moving_hotspot,sarsa,0.1478,2.6652,129.6,-0.0759,0,0
280,moving_hotspot,sarsa,0.2141,3.4026,129.6,-0.2744,0,0
281,moving_hotspot,sarsa,0.2913,4.0329,129.6,-0.2237,0,0
282,moving_hotspot,sarsa,0.2786,4.4068,129.6,-0.0939,0,0
283,moving_hotspot,sarsa,0.226,2.3774,129.6,1.0962,0,0
284,moving_hotspot,sarsa,0.1922,2.5111,129.6,0.03,0,0
285,moving_hotspot,sarsa,0.1772,2.8255,129.6,-0.0604,0,0
286,moving_hotspot,sarsa,0.1148,1.3987,129.6,0.8124,0,0
287,moving_hotspot,sarsa,0.1965,2.0196,129.6,-0.2127,0,0
288,moving_hotspot,sarsa,0.2099,2.1989,129.6,0.0076,0,0
289,moving_hotspot,sarsa,0.2477,2.7184,129.6,-0.1633,0,0
290,moving_hotspot,sarsa,0.3252,3.2508,129.6,-0.1724,0,0
291,moving_hotspot,sarsa,0.3578,4.0255,129.6,-0.2956,0,0
292,moving_hotspot,sarsa,0.3461,4.2603,129.6,-0.0243,0,0
293,moving_hotspot,sarsa,0.2565,2.7777,129.6,0.8372,0,0
294,moving_hotspot,sarsa,0.1202,1.8259,129.6,0.5746,0,0
295,moving_hotspot,sarsa,0.181,2.5356,129.6,-0.2576,0,0
296,moving_hotspot,sarsa,0.2014,2.581,129.6,0.0743,0,0
297,moving_hotspot,sarsa,0.1972,2.4036,129.6,0.1858,0,0
298,moving_hotspot,sarsa,0.1934,3.14,129.6,-0.2719,0,0
299,moving_hotspot,sarsa,0.1894,2.4594,129.6,0.4373,0,0
300,moving_hotspot,sarsa,0.2278,3.4108,129.6,-0.3813,0,0
301,moving_hotspot,sarsa,0.3081,4.2882,129.6,-0.3479,0,0
302,moving_hotspot,sarsa,0.2963,4.5147,129.6,-0.0206,0,0
303,moving_hotspot,sarsa,0.2409,2.6682,129.6,1.0191,0,0
304,moving_hotspot,sarsa,0.2127,2.7259,129.6,0.068,0,0
305,moving_hotspot,sarsa,0.1903,2.4306,129.6,0.2445,0,0
306,moving_hotspot,sarsa,0.1115,1.4839,129.6,0.5725,0,0
307,moving_hotspot,sarsa,0.1877,1.9951,129.6,-0.1579,0,0
308,moving_hotspot,sarsa,0.1943,2.3104,129.6,-0.0601,0,0
309,moving_hotspot,sarsa,0.2114,2.5905,129.6,-0.043,0,0
310,moving_hotspot,sarsa,0.2928,3.3349,129.6,-0.2782,0,0
311,moving_hotspot,sarsa,0.364,3.9683,129.6,-0.2255,0,0
312,moving_hotspot,sarsa,0.3591,4.2049,129.6,-0.0259,0,0
313,moving_hotspot,sarsa,0.2667,2.9272,129.6,0.7343,0,0
314,moving_hotspot,sarsa,0.1243,1.6911,129.6,0.7169,0,0
315,moving_hotspot,sarsa,0.1845,2.4989,129.6,-0.3068,0,0
316,moving_hotspot,sarsa,0.2127,2.598,129.6,0.047,0,0
317,moving_hotspot,sarsa,0.2043,2.8728,129.6,-0.0407,0,0
318,moving_hotspot,sarsa,0.1969,2.2802,129.6,0.3934,0,0
319,moving_hotspot,sarsa,0.1688,2.5876,129.6,-0.0565,0,0
320,moving_hotspot,sarsa,0.2229,3.1458,129.6,-0.1843,0,0
321,moving_hotspot,sarsa,0.2883,3.844,129.6,-0.2567,0,0
322,moving_hotspot,sarsa,0.28,4.0734,129.6,-0.021,0,0
323,moving_hotspot,sarsa,0.2313,2.7018,129.6,0.7819,0,0
324,moving_hotspot,sarsa,0.1738,2.2689,129.6,0.314,0,0
325,moving_hotspot,sarsa,0.1821,2.5272,129.6,-0.0321,0,0
326,moving_hotspot,sarsa,0.1023,1.2863,129.6,0.7197,0,0
327,moving_hotspot,sarsa,0.1951,2.0325,129.6,-0.2753,0,0
328,moving_hotspot,sarsa,0.2097,2.5485,129.6,-0.1608,0,0
329,moving_hotspot,sarsa,0.2245,2.5145,129.6,0.114,0,0
330,moving_hotspot,sarsa,0.3058,3.1033,129.6,-0.2003,0,0
331,moving_hotspot,sarsa,0.3477,4.1632,129.6,-0.4383,0,0
332,moving_hotspot,sarsa,0.3346,4.3864,129.6,-0.0185,0,0
333,moving_hotspot,sarsa,0.2738,2.4157,129.6,1.0813,0,0
334,moving_hotspot,sarsa,0.0865,1.3181,129.6,0.6481,0,0
335,moving_hotspot,sarsa,0.134,1.6996,129.6,-0.0924,0,0
336,moving_hotspot,sarsa,0.1685,2.0381,129.6,-0.0715,0,0
337,moving_hotspot,sarsa,0.1797,2.3839,129.6,-0.0757,0,0
338,moving_hotspot,sarsa,0.1967,2.576,129.6,0.001,0,0
339,moving_hotspot,sarsa,0.168,2.2798,129.6,0.2453,0,0
340,moving_hotspot,sarsa,0.2179,3.1981,129.6,-0.3641,0,0
341,moving_hotspot,sarsa,0.285,4.0843,129.6,-0.351,0,0
342,moving_hotspot,sarsa,0.2762,4.2809,129.6,-0.0047,0,0
343,moving_hotspot,sarsa,0.2237,2.4318,129.6,1.0211,0,0
344,moving_hotspot,sarsa,0.1892,2.3613,129.6,0.1326,0,0
345,moving_hotspot,sarsa,0.1697,2.5228,129.6,0.0166,0,0
346,moving_hotspot,sarsa,0.0976,1.6991,129.6,0.5109,0,0
347,moving_hotspot,sarsa,0.1878,2.1336,129.6,-0.1195,0,0
348,moving_hotspot,sarsa,0.2184,2.2378,129.6,0.0452,0,0
349,moving_hotspot,sarsa,0.2294,2.503,129.6,-0.0355,0,0
350,moving_hotspot,sarsa,0.3079,3.1902,129.6,-0.2492,0,0
351,moving_hotspot,sarsa,0.3567,3.63,129.6,-0.1276,0,0
352,moving_hotspot,sarsa,0.3351,3.9382,129.6,-0.0605,0,0
353,moving_hotspot,sarsa,0.2515,2.7086,129.6,0.711,0,0
354,moving_hotspot,sarsa,0.0964,1.2208,129.6,0.8431,0,0
355,moving_hotspot,sarsa,0.1636,2.3983,129.6,-0.4911,0,0
356,moving_hotspot,sarsa,0.1823,2.8832,129.6,-0.1457,0,0
357,moving_hotspot,sarsa,0.1552,2.216,129.6,0.4315,0,0
358,moving_hotspot,sarsa,0.1529,2.328,129.6,0.0416,0,0
359,moving_hotspot,sarsa,0.1771,2.2869,129.6,0.1177,0,0
360,moving_hotspot,sarsa,0.2275,3.6152,129.6,-0.5698,0,0
361,moving_hotspot,sarsa,0.3071,3.8285,129.6,-0.0147,0,0
362,moving_hotspot,sarsa,0.3003,4.1741,129.6,-0.0799,0,0
363,moving_hotspot,sarsa,0.2323,2.8944,129.6,0.7358,0,0
364,moving_hotspot,sarsa,0.1983,2.4801,129.6,0.304,0,0
365,moving_hotspot,sarsa,0.184,2.7809,129.6,-0.0538,0,0
366,moving_hotspot,sarsa,0.1295,1.3201,129.6,0.8294,0,0
367,moving_hotspot,sarsa,0.1854,1.9759,129.6,-0.23,0,0
368,moving_hotspot,sarsa,0.2179,2.4103,129.6,-0.1203,0,0
369,moving_hotspot,sarsa,0.2198,2.6747,129.6,-0.0352,0,0
370,moving_hotspot,sarsa,0.3034,3.2453,129.6,-0.1913,0,0
371,moving_hotspot,sarsa,0.3437,4.4999,129.6,-0.5357,0,0
372,moving_hotspot,sarsa,0.3488,4.7552,129.6,-0.0356,0,0
373,moving_hotspot,sarsa,0.2665,2.8477,129.6,1.0492,0,0
374,moving_hotspot,sarsa,0.1212,1.5544,129.6,0.7455,0,0
375,moving_hotspot,sarsa,0.1744,2.2104,129.6,-0.2305,0,0
376,moving_hotspot,sarsa,0.1861,2.5053,129.6,-0.0504,0,0
377,moving_hotspot,sarsa,0.1981,2.5047,129.6,0.0973,0,0
378,moving_hotspot,sarsa,0.1945,2.5271,129.6,0.0857,0,0
379,moving_hotspot,sarsa,0.1737,2.642,129.6,0.0393,0,0
380,moving_hotspot,sarsa,0.2192,3.396,129.6,-0.2828,0,0
381,moving_hotspot,sarsa,0.3034,4.3828,129.6,-0.4029,0,0
382,moving_hotspot,sarsa,0.3051,4.716,129.6,-0.0746,0,0
383,moving_hotspot,sarsa,0.2449,2.5156,129.6,1.096,0,0
384,moving_hotspot,sarsa,0.1975,2.2418,129.6,0.2342,0,0
385,moving_hotspot,sarsa,0.1688,2.5279,129.6,-0.0458,0,0
386,moving_hotspot,sarsa,0.092,1.1481,129.6,0.7893,0,0
387,moving_hotspot,sarsa,0.1868,1.8099,129.6,-0.2329,0,0
388,moving_hotspot,sarsa,0.2,2.3439,129.6,-0.1696,0,0
389,moving_hotspot,sarsa,0.2317,2.64,129.6,-0.0517,0,0
390,moving_hotspot,sarsa,0.3128,3.4721,129.6,-0.3228,0,0
391,moving_hotspot,sarsa,0.3654,4.1578,129.6,-0.252,0,0
392,moving_hotspot,sarsa,0.3361,4.5647,129.6,-0.111,0,0
393,moving_hotspot,sarsa,0.2566,2.4135,129.6,1.0963,0,0
394,moving_hotspot,sarsa,0.0873,1.3084,129.6,0.6519,0,0
395,moving_hotspot,sarsa,0.1344,1.8492,129.6,-0.1722,0,0
396,moving_hotspot,sarsa,0.166,2.2144,129.6,-0.0849,0,0
397,moving_hotspot,sarsa,0.1885,2.2963,129.6,0.0563,0,0
398,moving_hotspot,sarsa,0.1778,2.3062,129.6,0.0922,0,0
399,moving_hotspot,sarsa,0.161,2.7079,129.6,-0.1038,0,0
400,moving_hotspot,sarsa,0.2298,3.2989,129.6,-0.2014,0,0
401,moving_hotspot,sarsa,0.3106,4.3633,129.6,-0.4413,0,0
402,moving_hotspot,sarsa,0.305,4.6667,129.6,-0.0592,0,0
403,moving_hotspot,sarsa,0.2489,2.6171,129.6,1.0957,0,0
404,moving_hotspot,sarsa,0.1993,2.5771,129.6,0.117,0,0
405,moving_hotspot,sarsa,0.1638,2.3955,129.6,0.1882,0,0
406,moving_hotspot,sarsa,0.0972,1.4908,129.6,0.5516,0,0
407,moving_hotspot,sarsa,0.1925,2.0093,129.6,-0.1616,0,0
408,moving_hotspot,sarsa,0.2199,2.4818,129.6,-0.1392,0,0
409,moving_hotspot,sarsa,0.2123,2.3234,129.6,0.1764,0,0
410,moving_hotspot,sarsa,0.3067,3.4254,129.6,-0.457,0,0
411,moving_hotspot,sarsa,0.3445,3.7928,129.6,-0.0917,0,0
412,moving_hotspot,sarsa,0.3256,3.9253,129.6,0.0274,0,0
413,moving_hotspot,sarsa,0.2688,2.9283,129.6,0.5941,0,0
414,moving_hotspot,sarsa,0.099,1.3492,129.6,0.8887,0,0
415,moving_hotspot,sarsa,0.1474,2.0156,129.6,-0.2352,0,0
416,moving_hotspot,sarsa,0.1962,2.7611,129.6,-0.2763,0,0
417,moving_hotspot,sarsa,0.2161,2.7794,129.6,0.0872,0,0
418,moving_hotspot,sarsa,0.2044,2.7667,129.6,0.1031,0,0
419,moving_hotspot,sarsa,0.1722,2.4796,129.6,0.2406,0,0
420,moving_hotspot,sarsa,0.2229,3.3031,129.6,-0.3173,0,0
421,moving_hotspot,sarsa,0.2976,3.9943,129.6,-0.2541,0,0
422,moving_hotspot,sarsa,0.3035,4.4431,129.6,-0.1317,0,0
423,moving_hotspot,sarsa,0.2641,2.8355,129.6,0.899,0,0
424,moving_hotspot,sarsa,0.2321,2.9209,129.6,0.0536,0,0
425,moving_hotspot,sarsa,0.1862,2.5594,129.6,0.2777,0,0
426,moving_hotspot,sarsa,0.1421,1.6342,129.6,0.5613,0,0
427,moving_hotspot,sarsa,0.1946,1.9537,129.6,-0.0619,0,0
428,moving_hotspot,sarsa,0.1832,2.1733,129.6,-0.0123,0,0
429,moving_hotspot,sarsa,0.185,2.3698,129.6,-0.0008,0,0
430,moving_hotspot,sarsa,0.2692,2.9825,129.6,-0.211,0,0
431,moving_hotspot,sarsa,0.3285,3.4024,129.6,-0.1166,0,0
432,moving_hotspot,sarsa,0.335,3.9792,129.6,-0.1947,0,0
433,moving_hotspot,sarsa,0.2265,2.5322,129.6,0.8202,0,0
434,moving_hotspot,sarsa,0.0882,1.6581,129.6,0.5362,0,0
435,moving_hotspot,sarsa,0.1601,1.9119,129.6,-0.0288,0,0
436,moving_hotspot,sarsa,0.178,2.2469,129.6,-0.0703,0,0
437,moving_hotspot,sarsa,0.1875,2.4284,129.6,0.0062,0,0
438,moving_hotspot,sarsa,0.1872,2.5969,129.6,0.0129,0,0
439,moving_hotspot,sarsa,0.1854,2.4982,129.6,0.1462,0,0
440,moving_hotspot,sarsa,0.2094,3.4546,129.6,-0.3836,0,0
441,moving_hotspot,sarsa,0.2801,3.8979,129.6,-0.1297,0,0
442,moving_hotspot,sarsa,0.2786,4.1403,129.6,-0.0277,0,0
443,moving_hotspot,sarsa,0.2274,2.6544,129.6,0.8392,0,0
444,moving_hotspot,sarsa,0.189,2.5978,129.6,0.1252,0,0
445,moving_hotspot,sarsa,0.1752,2.671,129.6,0.0601,0,0
446,moving_hotspot,sarsa,0.1161,1.4509,129.6,0.7091,0,0
447,moving_hotspot,sarsa,0.1897,2.146,129.6,-0.2501,0,0
448,moving_hotspot,sarsa,0.2156,2.7685,129.6,-0.2147,0,0
449,moving_hotspot,sarsa,0.2469,2.8986,129.6,0.0314,0,0
450,moving_hotspot,sarsa,0.3267,3.4438,129.6,-0.1793,0,0
451,moving_hotspot,sarsa,0.3595,4.6648,129.6,-0.5198,0,0
452,moving_hotspot,sarsa,0.3277,5.0226,129.6,-0.087,0,0
453,moving_hotspot,sarsa,0.2487,2.5394,129.6,1.0963,0,0
454,moving_hotspot,sarsa,0.0916,1.2551,129.6,0.7414,0,0
455,moving_hotspot,sarsa,0.1683,2.0367,129.6,-0.2931,0,0
456,moving_hotspot,sarsa,0.1739,2.3297,129.6,-0.0491,0,0
457,moving_hotspot,sarsa,0.1819,2.2028,129.6,0.1608,0,0
458,moving_hotspot,sarsa,0.1997,2.6841,129.6,-0.1439,0,0
459,moving_hotspot,sarsa,0.175,2.6529,129.6,0.1124,0,0
460,moving_hotspot,sarsa,0.2138,3.2531,129.6,-0.2056,0,0
461,moving_hotspot,sarsa,0.2786,4.2245,129.6,-0.3942,0,0
462,moving_hotspot,sarsa,0.2833,4.6214,129.6,-0.1057,0,0
463,moving_hotspot,sarsa,0.2508,2.621,129.6,1.0954,0,0
464,moving_hotspot,sarsa,0.1927,2.7006,129.6,0.0573,0,0
465,moving_hotspot,sarsa,0.1669,2.1274,129.6,0.3843,0,0
466,moving_hotspot,sarsa,0.1017,1.4234,129.6,0.4512,0,0
467,moving_hotspot,sarsa,0.2163,2.1031,129.6,-0.2426,0,0
468,moving_hotspot,sarsa,0.2354,2.4516,129.6,-0.0773,0,0
469,moving_hotspot,sarsa,0.2336,2.5562,129.6,0.0444,0,0
470,moving_hotspot,sarsa,0.3189,3.174,129.6,-0.215,0,0
471,moving_hotspot,sarsa,0.3701,4.1387,129.6,-0.3916,0,0
472,moving_hotspot,sarsa,0.3297,4.2861,129.6,0.0195,0,0
473,moving_hotspot,sarsa,0.2224,2.0107,129.6,1.0969,0,0
474,moving_hotspot,sarsa,0.0849,1.4879,129.6,0.3606,0,0
475,moving_hotspot,sarsa,0.1794,2.1183,129.6,-0.2177,0,0
476,moving_hotspot,sarsa,0.1934,2.626,129.6,-0.1569,0,0
477,moving_hotspot,sarsa,0.1974,2.4047,129.6,0.2078,0,0
478,moving_hotspot,sarsa,0.1963,2.2135,129.6,0.1929,0,0
479,moving_hotspot,sarsa,0.1773,2.6511,129.6,-0.1221,0,0
480,moving_hotspot,sarsa,0.2372,3.3276,129.6,-0.2442,0,0
481,moving_hotspot,sarsa,0.3067,4.0014,129.6,-0.2456,0,0
482,moving_hotspot,sarsa,0.3152,4.6267,129.6,-0.2205,0,0
483,moving_hotspot,sarsa,0.2773,2.7292,129.6,1.0434,0,0
484,moving_hotspot,sarsa,0.2393,3.1441,129.6,-0.1118,0,0
485,moving_hotspot,sarsa,0.2029,2.7747,129.6,0.2812,0,0
486,moving_hotspot,sarsa,0.125,1.6065,129.6,0.683,0,0
487,moving_hotspot,sarsa,0.1906,1.9807,129.6,-0.0894,0,0
488,moving_hotspot,sarsa,0.2266,2.6688,129.6,-0.2474,0,0
489,moving_hotspot,sarsa,0.2485,2.3806,129.6,0.2409,0,0
490,moving_hotspot,sarsa,0.3354,3.5282,129.6,-0.4805,0,0
491,moving_hotspot,sarsa,0.377,3.9433,129.6,-0.1165,0,0
492,moving_hotspot,sarsa,0.3491,4.3558,129.6,-0.1137,0,0
493,moving_hotspot,sarsa,0.2714,3.0215,129.6,0.7624,0,0
494,moving_hotspot,sarsa,0.1205,1.5431,129.6,0.838,0,0
495,moving_hotspot,sarsa,0.1807,2.2639,129.6,-0.2633,0,0
496,moving_hotspot,sarsa,0.1999,2.7935,129.6,-0.1681,0,0
497,moving_hotspot,sarsa,0.2024,2.7395,129.6,0.1239,0,0
498,moving_hotspot,sarsa,0.1809,2.183,129.6,0.3757,0,0
499,moving_hotspot,sarsa,0.1655,2.8255,129.6,-0.2243,0,0
500,moving_hotspot,sarsa,0.2143,3.1035,129.6,-0.0441,0,0
1,multi_hotspot,sarsa,19.6911,23.0333,129.6,-0.441,0,0
2,multi_hotspot,sarsa,17.5233,23.1833,129.6,-0.0553,0,0
3,multi_hotspot,sarsa,15.5029,23.2596,129.6,-0.1011,0,0
4,multi_hotspot,sarsa,13.5807,23.3279,129.6,-0.1987,0,0
5,multi_hotspot,sarsa,11.7449,23.4727,129.6,-0.3529,0,0
6,multi_hotspot,sarsa,10.0155,23.7131,129.6,-0.5202,0,0
7,multi_hotspot,sarsa,8.3521,24.0403,129.6,-0.5636,0,0
8,multi_hotspot,sarsa,6.7992,24.1895,129.6,-0.4746,0,0
9,multi_hotspot,sarsa,5.663,24.6161,129.6,-0.6133,0,0
10,multi_hotspot,sarsa,5.365,24.8335,129.6,-0.5087,0,0
11,multi_hotspot,sarsa,5.2409,24.8959,129.6,-0.4312,0,0
12,multi_hotspot,sarsa,5.0786,24.6175,129.6,-0.2608,0,0
13,multi_hotspot,sarsa,4.975,24.6587,129.6,-0.4206,0,0
14,multi_hotspot,sarsa,4.8761,24.703,129.6,-0.4222,0,0
15,multi_hotspot,sarsa,4.7903,24.9075,129.6,-0.5023,0,0
16,multi_hotspot,sarsa,4.7217,24.9848,129.6,-0.4386,0,0
17,multi_hotspot,sarsa,4.7023,25.1447,129.6,-0.48,0,0
18,multi_hotspot,sarsa,4.7063,25.3483,129.6,-0.5018,0,0
19,multi_hotspot,sarsa,4.6727,25.5606,129.6,-0.5062,0,0
20,multi_hotspot,sarsa,4.7114,25.3928,129.6,-0.3161,0,0
21,multi_hotspot,sarsa,4.7338,25.552,129.6,-0.4796,0,0
22,multi_hotspot,sarsa,4.7605,25.6171,129.6,-0.4326,0,0
23,multi_hotspot,sarsa,4.7947,25.472,129.6,-0.3275,0,0
24,multi_hotspot,sarsa,4.8044,25.348,129.6,-0.338,0,0
25,multi_hotspot,sarsa,4.8138,25.2835,129.6,-0.3678,0,0
26,multi_hotspot,sarsa,4.8187,25.1749,129.6,-0.3457,0,0
27,multi_hotspot,sarsa,4.8321,25.1223,129.6,-0.3737,0,0
28,multi_hotspot,sarsa,4.8476,24.9495,129.6,-0.3136,0,0
29,multi_hotspot,sarsa,4.8447,24.9977,129.6,-0.4241,0,0
30,multi_hotspot,sarsa,4.7354,25.1152,129.6,-0.4588,0,0
31,multi_hotspot,sarsa,4.6603,25.3497,129.6,-0.5173,0,0
32,multi_hotspot,sarsa,4.5829,25.6083,129.6,-0.5293,0,0
33,multi_hotspot,sarsa,4.5053,25.6505,129.6,-0.4211,0,0
34,multi_hotspot,sarsa,4.4995,25.6978,129.6,-0.4236,0,0
35,multi_hotspot,sarsa,4.498,25.481,129.6,-0.2916,0,0
36,multi_hotspot,sarsa,4.4817,25.5131,129.6,-0.4161,0,0
37,multi_hotspot,sarsa,4.4839,25.3627,129.6,-0.3248,0,0
38,multi_hotspot,sarsa,4.491,25.2414,129.6,-0.3393,0,0
39,multi_hotspot,sarsa,4.4806,25.0202,129.6,-0.2894,0,0
40,multi_hotspot,sarsa,4.5302,25.1912,129.6,-0.4855,0,0
41,multi_hotspot,sarsa,4.5841,25.2725,129.6,-0.4407,0,0
42,multi_hotspot,sarsa,4.6064,25.0917,129.6,-0.3096,0,0
43,multi_hotspot,sarsa,4.6487,25.1164,129.6,-0.4124,0,0
44,multi_hotspot,sarsa,4.6638,25.1655,129.6,-0.4245,0,0
45,multi_hotspot,sarsa,4.6867,25.183,129.6,-0.4088,0,0
46,multi_hotspot,sarsa,4.703,25.1205,129.6,-0.3687,0,0
47,multi_hotspot,sarsa,4.7334,25.1935,129.6,-0.4365,0,0
48,multi_hotspot,sarsa,4.7536,25.1755,129.6,-0.391,0,0
49,multi_hotspot,sarsa,4.7904,25.4699,129.6,-0.5472,0,0
50,multi_hotspot,sarsa,4.7069,25.4783,129.6,-0.4042,0,0
51,multi_hotspot,sarsa,4.6057,25.2925,129.6,-0.3071,0,0
52,multi_hotspot,sarsa,4.5244,25.2313,129.6,-0.3694,0,0
53,multi_hotspot,sarsa,4.458,25.1269,129.6,-0.3478,0,0
54,multi_hotspot,sarsa,4.4345,25.2521,129.6,-0.4626,0,0
55,multi_hotspot,sarsa,4.4375,25.346,129.6,-0.447,0,0
56,multi_hotspot,sarsa,4.457,25.2934,129.6,-0.3737,0,0
57,multi_hotspot,sarsa,4.4624,25.3988,129.6,-0.4527,0,0
58,multi_hotspot,sarsa,4.4601,25.6208,129.6,-0.511,0,0
59,multi_hotspot,sarsa,4.4615,25.6043,129.6,-0.3918,0,0
60,multi_hotspot,sarsa,4.5042,25.6235,129.6,-0.4096,0,0
61,multi_hotspot,sarsa,4.5485,25.6794,129.6,-0.428,0,0
62,multi_hotspot,sarsa,4.5958,25.8021,129.6,-0.4614,0,0
63,multi_hotspot,sarsa,4.6256,25.8736,129.6,-0.4357,0,0
64,multi_hotspot,sarsa,4.6608,25.5967,129.6,-0.2616,0,0
65,multi_hotspot,sarsa,4.6825,25.7541,129.6,-0.4787,0,0
66,multi_hotspot,sarsa,4.7125,25.9424,129.6,-0.4941,0,0
67,multi_hotspot,sarsa,4.7164,25.9856,129.6,-0.4216,0,0
68,multi_hotspot,sarsa,4.738,25.9882,129.6,-0.4013,0,0
69,multi_hotspot,sarsa,4.7642,25.8764,129.6,-0.3441,0,0
70,multi_hotspot,sarsa,4.6587,26.0813,129.6,-0.5024,0,0
71,multi_hotspot,sarsa,4.5635,25.7639,129.6,-0.2413,0,0
72,multi_hotspot,sarsa,4.4848,25.605,129.6,-0.3206,0,0
73,multi_hotspot,sarsa,4.4239,25.6358,129.6,-0.4154,0,0
74,multi_hotspot,sarsa,4.4095,25.6584,129.6,-0.4113,0,0
75,multi_hotspot,sarsa,4.3957,25.5921,129.6,-0.3669,0,0
76,multi_hotspot,sarsa,4.3987,25.4527,129.6,-0.3303,0,0
77,multi_hotspot,sarsa,4.3968,25.528,129.6,-0.4377,0,0
78,multi_hotspot,sarsa,4.39,25.5972,129.6,-0.4346,0,0
79,multi_hotspot,sarsa,4.3906,25.6558,129.6,-0.4293,0,0
80,multi_hotspot,sarsa,4.4489,25.6644,129.6,-0.4043,0,0
81,multi_hotspot,sarsa,4.5041,25.9903,129.6,-0.5629,0,0
82,multi_hotspot,sarsa,4.5535,25.8854,129.6,-0.3476,0,0
83,multi_hotspot,sarsa,4.5873,25.7311,129.6,-0.3228,0,0
84,multi_hotspot,sarsa,4.6088,25.5043,129.6,-0.2866,0,0
85,multi_hotspot,sarsa,4.6575,25.5582,129.6,-0.427,0,0
86,multi_hotspot,sarsa,4.6868,25.5748,129.6,-0.4083,0,0
87,multi_hotspot,sarsa,4.7313,25.8398,129.6,-0.5325,0,0
88,multi_hotspot,sarsa,4.7425,25.7723,129.6,-0.3662,0,0
89,multi_hotspot,sarsa,4.7491,25.9517,129.6,-0.4897,0,0
90,multi_hotspot,sarsa,4.6605,26.0261,129.6,-0.4372,0,0
91,multi_hotspot,sarsa,4.5586,25.8861,129.6,-0.33,0,0
92,multi_hotspot,sarsa,4.4865,25.9664,129.6,-0.4401,0,0
93,multi_hotspot,sarsa,4.4391,26.1481,129.6,-0.4908,0,0
94,multi_hotspot,sarsa,4.4381,25.8901,129.6,-0.271,0,0
95,multi_hotspot,sarsa,4.4481,25.9468,129.6,-0.4284,0,0
96,multi_hotspot,sarsa,4.4529,26.131,129.6,-0.4921,0,0
97,multi_hotspot,sarsa,4.4316,25.7835,129.6,-0.2262,0,0
98,multi_hotspot,sarsa,4.444,25.7839,129.6,-0.4002,0,0
99,multi_hotspot,sarsa,4.4266,25.7514,129.6,-0.3837,0,0
100,multi_hotspot,sarsa,4.484,25.763,129.6,-0.4058,0,0
101,multi_hotspot,sarsa,4.5293,25.835,129.6,-0.436,0,0
102,multi_hotspot,sarsa,4.5892,25.8746,129.6,-0.4198,0,0
103,multi_hotspot,sarsa,4.6144,25.5917,129.6,-0.2586,0,0
104,multi_hotspot,sarsa,4.6603,25.673,129.6,-0.4406,0,0
105,multi_hotspot,sarsa,4.6912,25.78,129.6,-0.4535,0,0
106,multi_hotspot,sarsa,4.7122,25.8158,129.6,-0.4179,0,0
107,multi_hotspot,sarsa,4.7329,25.8263,129.6,-0.4053,0,0
108,multi_hotspot,sarsa,4.7657,25.8636,129.6,-0.4186,0,0
109,multi_hotspot,sarsa,4.7689,26.0111,129.6,-0.4738,0,0
110,multi_hotspot,sarsa,4.6993,25.876,129.6,-0.3325,0,0
111,multi_hotspot,sarsa,4.5934,25.6857,129.6,-0.3048,0,0
112,multi_hotspot,sarsa,4.5231,25.6092,129.6,-0.3617,0,0
113,multi_hotspot,sarsa,4.4514,25.5654,129.6,-0.3781,0,0
114,multi_hotspot,sarsa,4.4579,25.5455,129.6,-0.3901,0,0
115,multi_hotspot,sarsa,4.4716,25.7046,129.6,-0.4796,0,0
116,multi_hotspot,sarsa,4.4593,26.0185,129.6,-0.5569,0,0
117,multi_hotspot,sarsa,4.4627,25.6525,129.6,-0.217,0,0
118,multi_hotspot,sarsa,4.4506,25.646,129.6,-0.3967,0,0
119,multi_hotspot,sarsa,4.4637,25.5569,129.6,-0.3554,0,0
120,multi_hotspot,sarsa,4.5061,25.6859,129.6,-0.4645,0,0
121,multi_hotspot,sarsa,4.5455,25.799,129.6,-0.4565,0,0
122,multi_hotspot,sarsa,4.5868,25.5569,129.6,-0.279,0,0
123,multi_hotspot,sarsa,4.6173,25.2531,129.6,-0.2481,0,0
124,multi_hotspot,sarsa,4.6581,25.3042,129.6,-0.4256,0,0
125,multi_hotspot,sarsa,4.7058,25.4423,129.6,-0.469,0,0
126,multi_hotspot,sarsa,4.7371,25.6857,129.6,-0.5217,0,0
127,multi_hotspot,sarsa,4.7618,25.8723,129.6,-0.4933,0,0
128,multi_hotspot,sarsa,4.7904,25.8189,129.6,-0.3733,0,0
129,multi_hotspot,sarsa,4.7955,25.5978,129.6,-0.2895,0,0
130,multi_hotspot,sarsa,4.688,25.6421,129.6,-0.4221,0,0
131,multi_hotspot,sarsa,4.6016,25.704,129.6,-0.431,0,0
132,multi_hotspot,sarsa,4.5289,25.8562,129.6,-0.4761,0,0
133,multi_hotspot,sarsa,4.4704,25.8118,129.6,-0.3778,0,0
134,multi_hotspot,sarsa,4.4708,26.1453,129.6,-0.5668,0,0
135,multi_hotspot,sarsa,4.4671,25.9334,129.6,-0.2941,0,0
136,multi_hotspot,sarsa,4.4666,25.7743,129.6,-0.3204,0,0
137,multi_hotspot,sarsa,4.4692,25.614,129.6,-0.3199,0,0
138,multi_hotspot,sarsa,4.5021,25.6715,129.6,-0.4288,0,0
139,multi_hotspot,sarsa,4.5025,25.6952,129.6,-0.4119,0,0
140,multi_hotspot,sarsa,4.5477,25.6491,129.6,-0.3769,0,0
141,multi_hotspot,sarsa,4.5939,25.7003,129.6,-0.4256,0,0
142,multi_hotspot,sarsa,4.6337,25.8147,129.6,-0.4572,0,0
143,multi_hotspot,sarsa,4.6537,25.5322,129.6,-0.2588,0,0
144,multi_hotspot,sarsa,4.6719,25.237,129.6,-0.2524,0,0
145,multi_hotspot,sarsa,4.7072,25.5728,129.6,-0.5679,0,0
146,multi_hotspot,sarsa,4.7405,25.4191,129.6,-0.3232,0,0
147,multi_hotspot,sarsa,4.7699,25.336,129.6,-0.3584,0,0
148,multi_hotspot,sarsa,4.7938,25.2834,129.6,-0.3737,0,0
149,multi_hotspot,sarsa,4.81,25.2732,129.6,-0.3949,0,0
150,multi_hotspot,sarsa,4.7115,25.2658,129.6,-0.3963,0,0
151,multi_hotspot,sarsa,4.6349,25.3421,129.6,-0.4381,0,0
152,multi_hotspot,sarsa,4.5582,25.1436,129.6,-0.3008,0,0
153,multi_hotspot,sarsa,4.5186,25.1357,129.6,-0.3961,0,0
154,multi_hotspot,sarsa,4.5002,25.3284,129.6,-0.4964,0,0
155,multi_hotspot,sarsa,4.4953,25.3332,129.6,-0.4024,0,0
156,multi_hotspot,sarsa,4.4962,25.5767,129.6,-0.5217,0,0
157,multi_hotspot,sarsa,4.5244,25.7005,129.6,-0.4619,0,0
158,multi_hotspot,sarsa,4.5169,25.577,129.6,-0.3382,0,0
159,multi_hotspot,sarsa,4.5099,25.6599,129.6,-0.4414,0,0
160,multi_hotspot,sarsa,4.5657,25.6753,129.6,-0.4077,0,0
161,multi_hotspot,sarsa,4.6095,25.887,129.6,-0.5058,0,0
162,multi_hotspot,sarsa,4.6545,25.9933,129.6,-0.4531,0,0
163,multi_hotspot,sarsa,4.6898,25.9893,129.6,-0.398,0,0
164,multi_hotspot,sarsa,4.7396,26.094,129.6,-0.4523,0,0
165,multi_hotspot,sarsa,4.777,26.0302,129.6,-0.3681,0,0
166,multi_hotspot,sarsa,4.8062,26.1226,129.6,-0.4462,0,0
167,multi_hotspot,sarsa,4.8313,26.3681,129.6,-0.5228,0,0
168,multi_hotspot,sarsa,4.834,26.1887,129.6,-0.3103,0,0
169,multi_hotspot,sarsa,4.8596,26.41,129.6,-0.5107,0,0
170,multi_hotspot,sarsa,4.7536,26.3938,129.6,-0.3919,0,0
171,multi_hotspot,sarsa,4.6674,26.4257,129.6,-0.416,0,0
172,multi_hotspot,sarsa,4.6028,26.5944,129.6,-0.4843,0,0
173,multi_hotspot,sarsa,4.5222,26.4064,129.6,-0.306,0,0
174,multi_hotspot,sarsa,4.4965,26.2995,129.6,-0.3466,0,0
175,multi_hotspot,sarsa,4.4898,26.0731,129.6,-0.2868,0,0
176,multi_hotspot,sarsa,4.4891,26.0486,129.6,-0.3877,0,0
177,multi_hotspot,sarsa,4.483,26.2959,129.6,-0.5237,0,0
178,multi_hotspot,sarsa,4.489,26.3434,129.6,-0.4237,0,0
179,multi_hotspot,sarsa,4.4705,26.0754,129.6,-0.266,0,0
180,multi_hotspot,sarsa,4.5136,25.983,129.6,-0.3538,0,0
181,multi_hotspot,sarsa,4.5409,25.9251,129.6,-0.3711,0,0
182,multi_hotspot,sarsa,4.5656,25.7774,129.6,-0.3261,0,0
183,multi_hotspot,sarsa,4.5939,25.6128,129.6,-0.3177,0,0
184,multi_hotspot,sarsa,4.6285,25.4566,129.6,-0.3219,0,0
185,multi_hotspot,sarsa,4.6614,25.4314,129.6,-0.3874,0,0
186,multi_hotspot,sarsa,4.6786,25.5817,129.6,-0.4752,0,0
187,multi_hotspot,sarsa,4.6877,25.359,129.6,-0.2887,0,0
188,multi_hotspot,sarsa,4.7129,25.4863,129.6,-0.4636,0,0
189,multi_hotspot,sarsa,4.7186,25.3784,129.6,-0.346,0,0
190,multi_hotspot,sarsa,4.6403,25.3459,129.6,-0.3838,0,0
191,multi_hotspot,sarsa,4.5764,25.3398,129.6,-0.3969,0,0
192,multi_hotspot,sarsa,4.4954,25.5749,129.6,-0.5176,0,0
193,multi_hotspot,sarsa,4.4152,25.3031,129.6,-0.2641,0,0
194,multi_hotspot,sarsa,4.4031,25.1302,129.6,-0.3135,0,0
195,multi_hotspot,sarsa,4.4126,25.1574,129.6,-0.4136,0,0
196,multi_hotspot,sarsa,4.4123,25.1179,129.6,-0.3802,0,0
197,multi_hotspot,sarsa,4.4163,25.1493,129.6,-0.4157,0,0
198,multi_hotspot,sarsa,4.4139,25.1018,129.6,-0.3763,0,0
199,multi_hotspot,sarsa,4.4105,25.1566,129.6,-0.4274,0,0
200,multi_hotspot,sarsa,4.4535,24.8887,129.6,-0.2661,0,0
201,multi_hotspot,sarsa,4.4921,24.8177,129.6,-0.3645,0,0
202,multi_hotspot,sarsa,4.5358,24.742,129.6,-0.3621,0,0
203,multi_hotspot,sarsa,4.5755,24.7815,129.6,-0.4197,0,0
204,multi_hotspot,sarsa,4.615,25.0437,129.6,-0.5311,0,0
205,multi_hotspot,sarsa,4.6405,25.2582,129.6,-0.5073,0,0
206,multi_hotspot,sarsa,4.6757,25.3277,129.6,-0.4347,0,0
207,multi_hotspot,sarsa,4.7309,25.4086,129.6,-0.4404,0,0
208,multi_hotspot,sarsa,4.7552,25.141,129.6,-0.2662,0,0
209,multi_hotspot,sarsa,4.7628,25.2264,129.6,-0.4427,0,0
210,multi_hotspot,sarsa,4.6684,25.1115,129.6,-0.3426,0,0
211,multi_hotspot,sarsa,4.6081,25.1823,129.6,-0.4354,0,0
212,multi_hotspot,sarsa,4.5203,25.025,129.6,-0.3214,0,0
213,multi_hotspot,sarsa,4.4485,25.0209,129.6,-0.3979,0,0
214,multi_hotspot,sarsa,4.4502,25.1592,129.6,-0.4692,0,0
215,multi_hotspot,sarsa,4.4371,24.8628,129.6,-0.2518,0,0
216,multi_hotspot,sarsa,4.45,25.0694,129.6,-0.5033,0,0
217,multi_hotspot,sarsa,4.4458,25.0716,129.6,-0.4011,0,0
218,multi_hotspot,sarsa,4.4628,25.293,129.6,-0.5107,0,0
219,multi_hotspot,sarsa,4.4645,25.4885,129.6,-0.4977,0,0
220,multi_hotspot,sarsa,4.5133,25.5023,129.6,-0.4069,0,0
221,multi_hotspot,sarsa,4.5488,25.4518,129.6,-0.3748,0,0
222,multi_hotspot,sarsa,4.6004,25.7499,129.6,-0.549,0,0
223,multi_hotspot,sarsa,4.6329,25.6692,129.6,-0.3597,0,0
224,multi_hotspot,sarsa,4.6665,25.5965,129.6,-0.3637,0,0
225,multi_hotspot,sarsa,4.6903,25.5301,129.6,-0.3668,0,0
226,multi_hotspot,sarsa,4.7215,25.6884,129.6,-0.4792,0,0
227,multi_hotspot,sarsa,4.7475,25.6078,129.6,-0.3597,0,0
228,multi_hotspot,sarsa,4.7792,25.6463,129.6,-0.4192,0,0
229,multi_hotspot,sarsa,4.8174,25.4954,129.6,-0.3245,0,0
230,multi_hotspot,sarsa,4.7013,25.3488,129.6,-0.3267,0,0
231,multi_hotspot,sarsa,4.6321,25.824,129.6,-0.6376,0,0
232,multi_hotspot,sarsa,4.5503,25.7462,129.6,-0.3611,0,0
233,multi_hotspot,sarsa,4.4827,25.705,129.6,-0.3794,0,0
234,multi_hotspot,sarsa,4.4758,25.7653,129.6,-0.4301,0,0
235,multi_hotspot,sarsa,4.474,25.7246,129.6,-0.3797,0,0
236,multi_hotspot,sarsa,4.476,25.9416,129.6,-0.5085,0,0
237,multi_hotspot,sarsa,4.4771,26.1014,129.6,-0.4799,0,0
238,multi_hotspot,sarsa,4.4835,26.0826,129.6,-0.3906,0,0
239,multi_hotspot,sarsa,4.4724,25.913,129.6,-0.3152,0,0
240,multi_hotspot,sarsa,4.5284,25.7232,129.6,-0.3051,0,0
241,multi_hotspot,sarsa,4.5786,25.5425,129.6,-0.3096,0,0
242,multi_hotspot,sarsa,4.5989,25.4542,129.6,-0.3558,0,0
243,multi_hotspot,sarsa,4.6499,25.7185,129.6,-0.5321,0,0
244,multi_hotspot,sarsa,4.6765,25.5526,129.6,-0.3171,0,0
245,multi_hotspot,sarsa,4.6993,25.7995,129.6,-0.5234,0,0
246,multi_hotspot,sarsa,4.7213,25.8732,129.6,-0.4369,0,0
247,multi_hotspot,sarsa,4.7139,25.7198,129.6,-0.3233,0,0
248,multi_hotspot,sarsa,4.7403,25.625,129.6,-0.3526,0,0
249,multi_hotspot,sarsa,4.7635,25.5129,129.6,-0.3439,0,0
250,multi_hotspot,sarsa,4.7051,25.4617,129.6,-0.3744,0,0
251,multi_hotspot,sarsa,4.6061,25.164,129.6,-0.2511,0,0
252,multi_hotspot,sarsa,4.5476,25.2785,129.6,-0.4573,0,0
253,multi_hotspot,sarsa,4.4856,25.082,129.6,-0.3017,0,0
254,multi_hotspot,sarsa,4.4613,25.2381,129.6,-0.478,0,0
255,multi_hotspot,sarsa,4.4634,25.2426,129.6,-0.4023,0,0
256,multi_hotspot,sarsa,4.4591,25.1795,129.6,-0.3684,0,0
257,multi_hotspot,sarsa,4.4545,25.3435,129.6,-0.482,0,0
258,multi_hotspot,sarsa,4.4395,25.3438,129.6,-0.4001,0,0
259,multi_hotspot,sarsa,4.4437,25.6213,129.6,-0.5388,0,0
260,multi_hotspot,sarsa,4.4774,25.769,129.6,-0.4739,0,0
261,multi_hotspot,sarsa,4.5078,25.6126,129.6,-0.3218,0,0
262,multi_hotspot,sarsa,4.5709,25.615,129.6,-0.4012,0,0
263,multi_hotspot,sarsa,4.6093,25.5042,129.6,-0.3446,0,0
264,multi_hotspot,sarsa,4.6469,25.5409,129.6,-0.4184,0,0
265,multi_hotspot,sarsa,4.6874,25.442,129.6,-0.3506,0,0
266,multi_hotspot,sarsa,4.7094,25.4104,129.6,-0.3842,0,0
267,multi_hotspot,sarsa,4.7571,25.4586,129.6,-0.4241,0,0
268,multi_hotspot,sarsa,4.7748,25.4241,129.6,-0.3827,0,0
269,multi_hotspot,sarsa,4.7911,25.4739,129.6,-0.4249,0,0
270,multi_hotspot,sarsa,4.6874,25.2587,129.6,-0.2924,0,0
271,multi_hotspot,sarsa,4.6181,25.3552,129.6,-0.4483,0,0
272,multi_hotspot,sarsa,4.5356,25.1337,129.6,-0.2893,0,0
273,multi_hotspot,sarsa,4.4687,25.2829,129.6,-0.4746,0,0
274,multi_hotspot,sarsa,4.4505,25.4758,129.6,-0.4965,0,0
275,multi_hotspot,sarsa,4.4484,25.5919,129.6,-0.458,0,0
276,multi_hotspot,sarsa,4.4706,25.7963,129.6,-0.5022,0,0
277,multi_hotspot,sarsa,4.4546,25.6923,129.6,-0.348,0,0
278,multi_hotspot,sarsa,4.4702,25.6622,129.6,-0.3849,0,0
279,multi_hotspot,sarsa,4.448,25.4961,129.6,-0.3169,0,0
280,multi_hotspot,sarsa,4.4963,25.7849,129.6,-0.5444,0,0
281,multi_hotspot,sarsa,4.5278,25.8686,129.6,-0.4418,0,0
282,multi_hotspot,sarsa,4.5814,25.7829,129.6,-0.3572,0,0
283,multi_hotspot,sarsa,4.6406,25.8358,129.6,-0.4265,0,0
284,multi_hotspot,sarsa,4.6812,25.8132,129.6,-0.3887,0,0
285,multi_hotspot,sarsa,4.7081,25.5838,129.6,-0.2853,0,0
286,multi_hotspot,sarsa,4.7337,25.8,129.6,-0.5081,0,0
287,multi_hotspot,sarsa,4.7615,25.7817,129.6,-0.3909,0,0
288,multi_hotspot,sarsa,4.7609,25.916,129.6,-0.4671,0,0
289,multi_hotspot,sarsa,4.7935,25.8752,129.6,-0.3796,0,0
290,multi_hotspot,sarsa,4.7134,25.8902,129.6,-0.4075,0,0
291,multi_hotspot,sarsa,4.644,25.8866,129.6,-0.3982,0,0
292,multi_hotspot,sarsa,4.5837,25.7795,129.6,-0.3465,0,0
293,multi_hotspot,sarsa,4.521,25.7842,129.6,-0.4023,0,0
294,multi_hotspot,sarsa,4.4851,25.6897,129.6,-0.3527,0,0
295,multi_hotspot,sarsa,4.4812,25.6428,129.6,-0.3766,0,0
296,multi_hotspot,sarsa,4.464,25.5764,129.6,-0.3668,0,0
297,multi_hotspot,sarsa,4.4498,25.7811,129.6,-0.5024,0,0
298,multi_hotspot,sarsa,4.4438,25.7014,129.6,-0.3601,0,0
299,multi_hotspot,sarsa,4.4558,25.7256,129.6,-0.4121,0,0
300,multi_hotspot,sarsa,4.5169,25.8358,129.6,-0.4551,0,0
301,multi_hotspot,sarsa,4.567,25.801,129.6,-0.3826,0,0
302,multi_hotspot,sarsa,4.6083,25.8614,129.6,-0.4302,0,0
303,multi_hotspot,sarsa,4.6412,26.0247,129.6,-0.4817,0,0
304,multi_hotspot,sarsa,4.6838,25.9682,129.6,-0.3717,0,0
305,multi_hotspot,sarsa,4.7114,26.0044,129.6,-0.4181,0,0
306,multi_hotspot,sarsa,4.7489,25.9276,129.6,-0.3616,0,0
307,multi_hotspot,sarsa,4.7679,25.8763,129.6,-0.3744,0,0
308,multi_hotspot,sarsa,4.7953,25.6981,129.6,-0.3109,0,0
309,multi_hotspot,sarsa,4.8194,25.7909,129.6,-0.4464,0,0
310,multi_hotspot,sarsa,4.7388,25.7461,129.6,-0.3776,0,0
311,multi_hotspot,sarsa,4.6994,26.1323,129.6,-0.5931,0,0
312,multi_hotspot,sarsa,4.6127,25.9177,129.6,-0.2927,0,0
313,multi_hotspot,sarsa,4.5304,25.8138,129.6,-0.348,0,0
314,multi_hotspot,sarsa,4.4889,25.432,129.6,-0.2091,0,0
315,multi_hotspot,sarsa,4.4778,25.5818,129.6,-0.4749,0,0
316,multi_hotspot,sarsa,4.4703,25.5592,129.6,-0.3887,0,0
317,multi_hotspot,sarsa,4.4567,25.5459,129.6,-0.3934,0,0
318,multi_hotspot,sarsa,4.4535,25.3952,129.6,-0.3247,0,0
319,multi_hotspot,sarsa,4.4507,25.3139,129.6,-0.3594,0,0
320,multi_hotspot,sarsa,4.5075,25.3994,129.6,-0.4427,0,0
321,multi_hotspot,sarsa,4.5439,25.3701,129.6,-0.3853,0,0
322,multi_hotspot,sarsa,4.5813,25.3024,129.6,-0.3662,0,0
323,multi_hotspot,sarsa,4.6255,25.1432,129.6,-0.3204,0,0
324,multi_hotspot,sarsa,4.637,25.0521,129.6,-0.3544,0,0
325,multi_hotspot,sarsa,4.6709,25.3805,129.6,-0.5642,0,0
326,multi_hotspot,sarsa,4.6866,25.6431,129.6,-0.5313,0,0
327,multi_hotspot,sarsa,4.7109,25.9134,129.6,-0.5351,0,0
328,multi_hotspot,sarsa,4.7561,26.0821,129.6,-0.4843,0,0
329,multi_hotspot,sarsa,4.7774,26.0496,129.6,-0.3838,0,0
330,multi_hotspot,sarsa,4.6695,26.1192,129.6,-0.4348,0,0
331,multi_hotspot,sarsa,4.5798,26.3194,129.6,-0.5001,0,0
332,multi_hotspot,sarsa,4.5167,26.3722,129.6,-0.4264,0,0
333,multi_hotspot,sarsa,4.4417,26.4294,129.6,-0.4286,0,0
334,multi_hotspot,sarsa,4.4121,26.4066,129.6,-0.3886,0,0
335,multi_hotspot,sarsa,4.4284,26.2547,129.6,-0.324,0,0
336,multi_hotspot,sarsa,4.4391,26.3198,129.6,-0.4326,0,0
337,multi_hotspot,sarsa,4.4405,26.2655,129.6,-0.3729,0,0
338,multi_hotspot,sarsa,4.4503,26.4535,129.6,-0.494,0,0
339,multi_hotspot,sarsa,4.4552,26.3227,129.6,-0.3346,0,0
340,multi_hotspot,sarsa,4.5081,26.0119,129.6,-0.2446,0,0
341,multi_hotspot,sarsa,4.5472,25.7813,129.6,-0.2847,0,0
342,multi_hotspot,sarsa,4.5932,26.0028,129.6,-0.5107,0,0
343,multi_hotspot,sarsa,4.62,25.924,129.6,-0.3606,0,0
344,multi_hotspot,sarsa,4.6419,26.1207,129.6,-0.4983,0,0
345,multi_hotspot,sarsa,4.6739,25.9637,129.6,-0.3215,0,0
346,multi_hotspot,sarsa,4.7045,25.6082,129.6,-0.2222,0,0
347,multi_hotspot,sarsa,4.7111,25.8279,129.6,-0.5098,0,0
348,multi_hotspot,sarsa,4.7269,25.8442,129.6,-0.4081,0,0
349,multi_hotspot,sarsa,4.7616,25.9494,129.6,-0.4526,0,0
350,multi_hotspot,sarsa,4.663,25.922,129.6,-0.3863,0,0
351,multi_hotspot,sarsa,4.5973,26.0056,129.6,-0.4418,0,0
352,multi_hotspot,sarsa,4.528,26.0365,129.6,-0.4154,0,0
353,multi_hotspot,sarsa,4.4664,26.1667,129.6,-0.4651,0,0
354,multi_hotspot,sarsa,4.4566,26.0301,129.6,-0.3317,0,0
355,multi_hotspot,sarsa,4.4523,26.1963,129.6,-0.4831,0,0
356,multi_hotspot,sarsa,4.4429,25.9941,129.6,-0.2989,0,0
357,multi_hotspot,sarsa,4.446,26.0407,129.6,-0.4233,0,0
358,multi_hotspot,sarsa,4.438,26.1183,129.6,-0.4388,0,0
359,multi_hotspot,sarsa,4.449,26.2372,129.6,-0.4594,0,0
360,multi_hotspot,sarsa,4.4885,26.2566,129.6,-0.4097,0,0
361,multi_hotspot,sarsa,4.5423,25.8721,129.6,-0.2077,0,0
362,multi_hotspot,sarsa,4.5984,26.0775,129.6,-0.5027,0,0
363,multi_hotspot,sarsa,4.6447,25.8996,129.6,-0.3111,0,0
364,multi_hotspot,sarsa,4.6855,25.9352,129.6,-0.4178,0,0
365,multi_hotspot,sarsa,4.7027,25.9552,129.6,-0.41,0,0
366,multi_hotspot,sarsa,4.7205,26.0646,129.6,-0.4547,0,0
367,multi_hotspot,sarsa,4.7506,25.8933,129.6,-0.3144,0,0
368,multi_hotspot,sarsa,4.7537,25.6733,129.6,-0.29,0,0
369,multi_hotspot,sarsa,4.7745,25.8512,129.6,-0.489,0,0
370,multi_hotspot,sarsa,4.6879,26.0079,129.6,-0.4783,0,0
371,multi_hotspot,sarsa,4.6099,26.1945,129.6,-0.4933,0,0
372,multi_hotspot,sarsa,4.5255,25.8165,129.6,-0.211,0,0
373,multi_hotspot,sarsa,4.4574,25.7905,129.6,-0.387,0,0
374,multi_hotspot,sarsa,4.4478,25.81,129.6,-0.4098,0,0
375,multi_hotspot,sarsa,4.4426,25.6893,129.6,-0.3396,0,0
376,multi_hotspot,sarsa,4.436,25.6156,129.6,-0.3632,0,0
377,multi_hotspot,sarsa,4.4298,25.6114,129.6,-0.3979,0,0
378,multi_hotspot,sarsa,4.427,25.7737,129.6,-0.4811,0,0
379,multi_hotspot,sarsa,4.4202,25.7953,129.6,-0.4108,0,0
380,multi_hotspot,sarsa,4.4748,25.6795,129.6,-0.3421,0,0
381,multi_hotspot,sarsa,4.5652,25.8336,129.6,-0.477,0,0
382,multi_hotspot,sarsa,4.6193,25.9015,129.6,-0.434,0,0
383,multi_hotspot,sarsa,4.6519,25.9148,129.6,-0.4067,0,0
384,multi_hotspot,sarsa,4.6738,26.0004,129.6,-0.4428,0,0
385,multi_hotspot,sarsa,4.7002,26.0107,129.6,-0.4052,0,0
386,multi_hotspot,sarsa,4.719,25.9866,129.6,-0.3879,0,0
387,multi_hotspot,sarsa,4.7275,26.0626,129.6,-0.438,0,0
388,multi_hotspot,sarsa,4.7548,26.0158,129.6,-0.3766,0,0
389,multi_hotspot,sarsa,4.776,25.8483,129.6,-0.3163,0,0
390,multi_hotspot,sarsa,4.6928,26.0254,129.6,-0.4885,0,0
391,multi_hotspot,sarsa,4.6269,25.8449,129.6,-0.3097,0,0
392,multi_hotspot,sarsa,4.5397,25.6398,129.6,-0.2975,0,0
393,multi_hotspot,sarsa,4.4508,25.6499,129.6,-0.405,0,0
394,multi_hotspot,sarsa,4.4183,25.6352,129.6,-0.3927,0,0
395,multi_hotspot,sarsa,4.4222,25.7692,129.6,-0.467,0,0
396,multi_hotspot,sarsa,4.4049,25.8746,129.6,-0.4527,0,0
397,multi_hotspot,sarsa,4.4017,25.713,129.6,-0.3192,0,0
398,multi_hotspot,sarsa,4.4062,25.6076,129.6,-0.3473,0,0
399,multi_hotspot,sarsa,4.393,25.5192,129.6,-0.3558,0,0
400,multi_hotspot,sarsa,4.4552,25.6807,129.6,-0.4808,0,0
401,multi_hotspot,sarsa,4.4952,25.6366,129.6,-0.3779,0,0
402,multi_hotspot,sarsa,4.5327,25.5993,129.6,-0.3814,0,0
403,multi_hotspot,sarsa,4.5772,25.5577,129.6,-0.3792,0,0
404,multi_hotspot,sarsa,4.6145,25.442,129.6,-0.3422,0,0
405,multi_hotspot,sarsa,4.6466,25.5382,129.6,-0.4481,0,0
406,multi_hotspot,sarsa,4.6721,25.3268,129.6,-0.2943,0,0
407,multi_hotspot,sarsa,4.6916,25.4855,129.6,-0.4793,0,0
408,multi_hotspot,sarsa,4.6964,25.4649,129.6,-0.3897,0,0
409,multi_hotspot,sarsa,4.6817,25.1871,129.6,-0.2611,0,0
410,multi_hotspot,sarsa,4.5603,25.1165,129.6,-0.3647,0,0
411,multi_hotspot,sarsa,4.4864,25.0915,129.6,-0.3875,0,0
412,multi_hotspot,sarsa,4.424,24.7129,129.6,-0.2107,0,0
413,multi_hotspot,sarsa,4.3584,24.6703,129.6,-0.3787,0,0
414,multi_hotspot,sarsa,4.375,24.5254,129.6,-0.3275,0,0
415,multi_hotspot,sarsa,4.3666,24.669,129.6,-0.4718,0,0
416,multi_hotspot,sarsa,4.3665,24.96,129.6,-0.5455,0,0
417,multi_hotspot,sarsa,4.3772,25.1205,129.6,-0.4802,0,0
418,multi_hotspot,sarsa,4.3988,25.2791,129.6,-0.4793,0,0
419,multi_hotspot,sarsa,4.3954,25.3449,129.6,-0.4329,0,0
420,multi_hotspot,sarsa,4.4647,25.2273,129.6,-0.3412,0,0
421,multi_hotspot,sarsa,4.5065,25.4265,129.6,-0.4996,0,0
422,multi_hotspot,sarsa,4.5194,25.3373,129.6,-0.3554,0,0
423,multi_hotspot,sarsa,4.5752,25.5665,129.6,-0.5146,0,0
424,multi_hotspot,sarsa,4.6392,25.7569,129.6,-0.4952,0,0
425,multi_hotspot,sarsa,4.651,25.7283,129.6,-0.3857,0,0
426,multi_hotspot,sarsa,4.7022,26.0416,129.6,-0.5567,0,0
427,multi_hotspot,sarsa,4.7092,26.0513,129.6,-0.4048,0,0
428,multi_hotspot,sarsa,4.7289,25.9212,129.6,-0.335,0,0
429,multi_hotspot,sarsa,4.7419,25.9602,129.6,-0.4195,0,0
430,multi_hotspot,sarsa,4.6461,25.8777,129.6,-0.3587,0,0
431,multi_hotspot,sarsa,4.5432,25.6501,129.6,-0.2862,0,0
432,multi_hotspot,sarsa,4.466,25.6517,129.6,-0.4008,0,0
433,multi_hotspot,sarsa,4.4049,25.5701,129.6,-0.3592,0,0
434,multi_hotspot,sarsa,4.4012,25.7339,129.6,-0.4819,0,0
435,multi_hotspot,sarsa,4.4011,25.8105,129.6,-0.4383,0,0
436,multi_hotspot,sarsa,4.3827,25.6128,129.6,-0.3011,0,0
437,multi_hotspot,sarsa,4.3795,25.6196,129.6,-0.4034,0,0
438,multi_hotspot,sarsa,4.3858,25.7266,129.6,-0.4535,0,0
439,multi_hotspot,sarsa,4.406,25.797,129.6,-0.4352,0,0
440,multi_hotspot,sarsa,4.4367,25.7249,129.6,-0.364,0,0
441,multi_hotspot,sarsa,4.4929,25.678,129.6,-0.3765,0,0
442,multi_hotspot,sarsa,4.5306,25.7559,129.6,-0.439,0,0
443,multi_hotspot,sarsa,4.5473,25.6076,129.6,-0.3258,0,0
444,multi_hotspot,sarsa,4.5829,25.6464,129.6,-0.4194,0,0
445,multi_hotspot,sarsa,4.6347,25.6626,129.6,-0.4081,0,0
446,multi_hotspot,sarsa,4.6571,25.42,129.6,-0.2787,0,0
447,multi_hotspot,sarsa,4.6598,25.4437,129.6,-0.4119,0,0
448,multi_hotspot,sarsa,4.6895,25.4584,129.6,-0.4074,0,0
449,multi_hotspot,sarsa,4.7132,25.6094,129.6,-0.4755,0,0
450,multi_hotspot,sarsa,4.6361,25.7159,129.6,-0.4533,0,0
451,multi_hotspot,sarsa,4.5433,25.467,129.6,-0.2756,0,0
452,multi_hotspot,sarsa,4.441,25.2815,129.6,-0.3073,0,0
453,multi_hotspot,sarsa,4.3721,25.2372,129.6,-0.3779,0,0
454,multi_hotspot,sarsa,4.3561,25.0809,129.6,-0.3218,0,0
455,multi_hotspot,sarsa,4.3713,25.1501,129.6,-0.4346,0,0
456,multi_hotspot,sarsa,4.371,25.3645,129.6,-0.5072,0,0
457,multi_hotspot,sarsa,4.3659,25.2817,129.6,-0.3586,0,0
458,multi_hotspot,sarsa,4.3655,25.6015,129.6,-0.5599,0,0
459,multi_hotspot,sarsa,4.3684,25.3796,129.6,-0.289,0,0
460,multi_hotspot,sarsa,4.4146,25.2773,129.6,-0.3489,0,0
461,multi_hotspot,sarsa,4.4563,25.318,129.6,-0.4203,0,0
462,multi_hotspot,sarsa,4.5275,25.3143,129.6,-0.3982,0,0
463,multi_hotspot,sarsa,4.5748,25.2427,129.6,-0.3642,0,0
464,multi_hotspot,sarsa,4.6136,25.2221,129.6,-0.3897,0,0
465,multi_hotspot,sarsa,4.6228,25.0608,129.6,-0.3194,0,0
466,multi_hotspot,sarsa,4.6479,25.283,129.6,-0.5111,0,0
467,multi_hotspot,sarsa,4.7019,25.5293,129.6,-0.5231,0,0
468,multi_hotspot,sarsa,4.7543,25.6167,129.6,-0.4437,0,0
469,multi_hotspot,sarsa,4.7937,25.3938,129.6,-0.2886,0,0
470,multi_hotspot,sarsa,4.7065,25.5598,129.6,-0.483,0,0
471,multi_hotspot,sarsa,4.6367,25.6447,129.6,-0.4424,0,0
472,multi_hotspot,sarsa,4.5351,25.7504,129.6,-0.4529,0,0
473,multi_hotspot,sarsa,4.455,25.6026,129.6,-0.3261,0,0
474,multi_hotspot,sarsa,4.4379,25.6317,129.6,-0.4145,0,0
475,multi_hotspot,sarsa,4.444,25.7815,129.6,-0.4749,0,0
476,multi_hotspot,sarsa,4.4355,25.5355,129.6,-0.277,0,0
477,multi_hotspot,sarsa,4.4407,25.3467,129.6,-0.3056,0,0
478,multi_hotspot,sarsa,4.4504,25.5362,129.6,-0.4948,0,0
479,multi_hotspot,sarsa,4.4607,25.6163,129.6,-0.44,0,0
480,multi_hotspot,sarsa,4.518,25.4127,129.6,-0.2982,0,0
481,multi_hotspot,sarsa,4.5603,25.51,129.6,-0.4486,0,0
482,multi_hotspot,sarsa,4.6108,25.6219,129.6,-0.456,0,0
483,multi_hotspot,sarsa,4.6569,25.5849,129.6,-0.3815,0,0
484,multi_hotspot,sarsa,4.6819,25.7429,129.6,-0.479,0,0
485,multi_hotspot,sarsa,4.7036,25.8611,129.6,-0.4591,0,0
486,multi_hotspot,sarsa,4.7422,25.8614,129.6,-0.4002,0,0
487,multi_hotspot,sarsa,4.7655,25.7412,129.6,-0.3399,0,0
488,multi_hotspot,sarsa,4.7769,25.7267,129.6,-0.3927,0,0
489,multi_hotspot,sarsa,4.8014,25.7582,129.6,-0.4157,0,0
490,multi_hotspot,sarsa,4.7358,26.0706,129.6,-0.5562,0,0
491,multi_hotspot,sarsa,4.6495,26.0606,129.6,-0.395,0,0
492,multi_hotspot,sarsa,4.5721,26.1173,129.6,-0.4284,0,0
493,multi_hotspot,sarsa,4.5092,25.9399,129.6,-0.3113,0,0
494,multi_hotspot,sarsa,4.4997,25.773,129.6,-0.3166,0,0
495,multi_hotspot,sarsa,4.4745,25.9679,129.6,-0.4974,0,0
496,multi_hotspot,sarsa,4.4707,25.8242,129.6,-0.3281,0,0
497,multi_hotspot,sarsa,4.4751,25.8084,129.6,-0.3921,0,0
498,multi_hotspot,sarsa,4.4838,25.7415,129.6,-0.3665,0,0
499,multi_hotspot,sarsa,4.4809,25.5849,129.6,-0.3217,0,0
500,multi_hotspot,sarsa,4.5301,25.3395,129.6,-0.2773,0,0
1,alibaba_replay,monte_carlo,20.854,22.0781,99.18,0.2687,0,5
2,alibaba_replay,monte_carlo,19.7863,21.5627,99.42,0.559,0,5
3,alibaba_replay,monte_carlo,19.2002,21.6025,85.23,0.3719,0,6
4,alibaba_replay,monte_carlo,18.2832,21.1629,99.18,0.5088,0,5
5,alibaba_replay,monte_carlo,17.7954,20.8923,85.23,0.5113,0,6
6,alibaba_replay,monte_carlo,16.5889,20.8768,113.4,0.155,0,3
7,alibaba_replay,monte_carlo,15.8071,20.1373,99.18,0.6098,0,5
8,alibaba_replay,monte_carlo,14.7074,20.1001,113.4,0.1043,0,3
9,alibaba_replay,monte_carlo,14.0563,19.2068,99.66,0.6301,0,5
10,alibaba_replay,monte_carlo,13.4707,18.2977,99.18,0.641,0,5
11,alibaba_replay,monte_carlo,12.5656,18.1783,113.4,0.0828,0,3
12,alibaba_replay,monte_carlo,11.7297,18.2456,113.4,-0.0818,0,3
13,alibaba_replay,monte_carlo,11.1014,18.4242,113.4,-0.2009,0,3
14,alibaba_replay,monte_carlo,10.8214,18.222,99.18,0.1129,0,5
15,alibaba_replay,monte_carlo,10.3374,18.5582,113.4,-0.3149,0,3
16,alibaba_replay,monte_carlo,10.0376,18.7588,113.4,-0.2904,0,3
17,alibaba_replay,monte_carlo,9.8532,18.9999,113.4,-0.3462,0,3
18,alibaba_replay,monte_carlo,9.808,19.5113,113.4,-0.5034,0,3
19,alibaba_replay,monte_carlo,9.7786,19.7942,113.4,-0.4005,0,3
20,alibaba_replay,monte_carlo,9.8077,19.7703,99.18,-0.0878,0,5
21,alibaba_replay,monte_carlo,9.6826,19.8095,113.4,-0.2679,0,3
22,alibaba_replay,monte_carlo,9.7865,20.1233,113.4,-0.426,0,3
23,alibaba_replay,monte_carlo,9.9251,19.7333,99.18,0.0796,0,5
24,alibaba_replay,monte_carlo,9.8545,20.2239,113.4,-0.5183,0,3
25,alibaba_replay,monte_carlo,10.0,20.1034,99.18,-0.0612,0,5
26,alibaba_replay,monte_carlo,10.0105,20.5219,113.4,-0.4858,0,3
27,alibaba_replay,monte_carlo,10.3065,20.5339,99.18,-0.1346,0,5
28,alibaba_replay,monte_carlo,10.4215,21.0323,113.4,-0.5367,0,3
29,alibaba_replay,monte_carlo,10.7012,21.8296,113.4,-0.6861,0,3
30,alibaba_replay,monte_carlo,11.123,21.5501,99.18,-0.049,0,5
31,alibaba_replay,monte_carlo,11.3471,22.1271,113.4,-0.576,0,3
32,alibaba_replay,monte_carlo,11.8593,22.3704,99.18,-0.3104,0,5
33,alibaba_replay,monte_carlo,12.0505,23.0856,113.4,-0.6451,0,3
34,alibaba_replay,monte_carlo,12.4064,24.1002,113.4,-0.7948,0,3
35,alibaba_replay,monte_carlo,12.7836,25.3715,113.4,-0.9232,0,3
36,alibaba_replay,monte_carlo,13.3971,25.5858,99.18,-0.2959,0,5
37,alibaba_replay,monte_carlo,13.7569,26.3387,113.4,-0.6639,0,3
38,alibaba_replay,monte_carlo,14.211,27.2404,113.4,-0.7384,0,3
39,alibaba_replay,monte_carlo,14.6946,28.3788,113.4,-0.8567,0,3
40,alibaba_replay,monte_carlo,15.0768,29.4503,113.4,-0.8233,0,4
41,alibaba_replay,monte_carlo,15.9132,30.1519,99.18,-0.5395,0,5
42,alibaba_replay,monte_carlo,15.8711,29.6908,129.6,-0.1695,0,0
43,alibaba_replay,monte_carlo,15.925,29.8864,129.6,-0.4978,0,0
44,alibaba_replay,monte_carlo,16.4013,30.9034,113.4,-0.796,0,2
45,alibaba_replay,monte_carlo,16.4887,31.1588,129.6,-0.5277,0,0
46,alibaba_replay,monte_carlo,16.6136,31.2203,129.6,-0.4307,0,0
47,alibaba_replay,monte_carlo,16.7555,31.3903,129.6,-0.485,0,0
48,alibaba_replay,monte_carlo,16.9635,31.4768,129.6,-0.4433,0,0
49,alibaba_replay,monte_carlo,17.1927,31.93,129.6,-0.6266,0,0
50,alibaba_replay,monte_carlo,17.4677,32.243,129.6,-0.5565,0,0
51,alibaba_replay,monte_carlo,17.7527,32.5133,129.6,-0.5352,0,0
52,alibaba_replay,monte_carlo,18.5187,34.2555,113.4,-1.1586,0,4
53,alibaba_replay,monte_carlo,19.2918,35.7927,113.4,-2.3561,2,4
54,alibaba_replay,monte_carlo,20.025,35.3517,113.4,-1.217,1,1
55,alibaba_replay,monte_carlo,20.7936,36.6959,113.4,-2.4096,3,3
56,alibaba_replay,monte_carlo,21.5197,38.1605,113.4,-2.4698,3,3
57,alibaba_replay,monte_carlo,22.2816,39.3885,113.4,-2.3515,3,3
58,alibaba_replay,monte_carlo,22.981,40.3669,113.4,-2.5267,5,3
59,alibaba_replay,monte_carlo,23.6841,41.5142,113.4,-2.9111,7,3
60,alibaba_replay,monte_carlo,24.3502,42.3695,113.4,-2.9152,8,3
61,alibaba_replay,monte_carlo,25.0277,43.5854,113.4,-3.2454,9,4
62,alibaba_replay,monte_carlo,25.734,44.6638,113.4,-3.1767,9,2
63,alibaba_replay,monte_carlo,26.3637,45.7801,113.4,-2.8956,7,2
64,alibaba_replay,monte_carlo,27.0498,46.7338,113.4,-2.8144,7,2
65,alibaba_replay,monte_carlo,27.7176,47.6182,113.4,-3.0797,9,2
66,alibaba_replay,monte_carlo,28.404,48.7874,113.4,-3.3721,10,2
67,alibaba_replay,monte_carlo,29.0282,49.4275,113.4,-3.4076,12,2
68,alibaba_replay,monte_carlo,29.6502,50.3187,113.4,-3.8331,14,2
69,alibaba_replay,monte_carlo,29.8407,50.1578,129.6,-3.4196,14,0
70,alibaba_replay,monte_carlo,30.4515,47.796,113.4,-2.3875,14,1
71,alibaba_replay,monte_carlo,31.0511,45.7024,113.4,-2.3875,14,1
72,alibaba_replay,monte_carlo,31.6842,45.5978,113.4,-3.3352,14,1
73,alibaba_replay,monte_carlo,32.2803,45.0602,113.4,-3.2687,15,3
74,alibaba_replay,monte_carlo,32.9145,45.3843,113.4,-3.6996,15,1
75,alibaba_replay,monte_carlo,33.5056,44.6473,113.4,-3.469,17,3
76,alibaba_replay,monte_carlo,34.1055,45.019,113.4,-4.1351,18,1
77,alibaba_replay,monte_carlo,34.2398,44.8063,129.6,-3.9319,18,0
78,alibaba_replay,monte_carlo,34.4283,44.7604,129.6,-4.1426,19,0
79,alibaba_replay,monte_carlo,35.8058,44.5684,85.23,-4.1579,22,6
80,alibaba_replay,monte_carlo,35.929,44.4899,129.6,-4.5084,22,0
81,alibaba_replay,monte_carlo,36.5177,45.8185,113.4,-5.3896,24,3
82,alibaba_replay,monte_carlo,37.1122,47.0162,113.4,-5.4917,25,3
83,alibaba_replay,monte_carlo,37.1967,46.9581,129.6,-4.9514,25,0
84,alibaba_replay,monte_carlo,37.3102,46.7596,129.6,-4.8612,25,0
85,alibaba_replay,monte_carlo,37.4432,46.7748,129.6,-4.9569,25,0
86,alibaba_replay,monte_carlo,38.0346,45.9106,113.4,-4.5139,26,1
87,alibaba_replay,monte_carlo,39.404,45.9574,85.23,-4.9039,27,6
88,alibaba_replay,monte_carlo,39.8808,46.8838,113.4,-5.8268,29,1
89,alibaba_replay,monte_carlo,40.7671,46.6689,99.18,-5.2903,30,5
90,alibaba_replay,monte_carlo,40.7864,46.5943,129.6,-5.5613,30,0
91,alibaba_replay,monte_carlo,40.7622,46.5861,129.6,-5.7386,31,0
92,alibaba_replay,monte_carlo,40.7241,46.3749,129.6,-5.6313,31,0
93,alibaba_replay,monte_carlo,40.7893,46.1844,129.6,-5.6342,31,0
94,alibaba_replay,monte_carlo,40.8269,46.0622,129.6,-5.6572,31,0
95,alibaba_replay,monte_carlo,40.8833,46.0584,129.6,-5.7096,31,0
96,alibaba_replay,monte_carlo,40.9754,46.073,129.6,-5.7077,31,0
97,alibaba_replay,monte_carlo,42.2369,46.5209,85.23,-6.1944,35,6
98,alibaba_replay,monte_carlo,42.2681,46.6783,129.6,-6.3557,35,0
99,alibaba_replay,monte_carlo,42.7086,47.7782,113.4,-6.5829,34,2
100,alibaba_replay,monte_carlo,43.9347,49.0405,85.23,-6.6003,35,6
101,alibaba_replay,monte_carlo,43.817,48.8748,129.6,-6.192,35,0
102,alibaba_replay,monte_carlo,43.7698,48.7209,129.6,-6.1931,35,0
103,alibaba_replay,monte_carlo,43.7038,48.7209,129.6,-6.2705,35,0
104,alibaba_replay,monte_carlo,43.6678,48.9109,129.6,-6.363,35,0
105,alibaba_replay,monte_carlo,43.6136,48.7276,129.6,-6.1761,35,0
106,alibaba_replay,monte_carlo,43.5474,48.6462,129.6,-6.2245,35,0
107,alibaba_replay,monte_carlo,43.5205,48.4101,129.6,-6.1459,35,0
108,alibaba_replay,monte_carlo,43.4751,48.1295,129.6,-6.1223,35,0
109,alibaba_replay,monte_carlo,43.4383,47.9275,129.6,-6.1586,35,0
110,alibaba_replay,monte_carlo,43.4636,47.9538,129.6,-6.2705,35,0
111,alibaba_replay,monte_carlo,43.4064,47.6992,129.6,-6.1314,35,0
112,alibaba_replay,monte_carlo,43.3808,47.4846,129.6,-6.1475,35,0
113,alibaba_replay,monte_carlo,43.3871,47.6349,129.6,-6.3285,35,0
114,alibaba_replay,monte_carlo,43.4458,47.5324,129.6,-6.1997,35,0
115,alibaba_replay,monte_carlo,43.5196,47.5444,129.6,-6.2529,35,0
116,alibaba_replay,monte_carlo,43.5386,47.3231,129.6,-6.1287,35,0
117,alibaba_replay,monte_carlo,43.588,47.331,129.6,-6.2387,35,0
118,alibaba_replay,monte_carlo,43.5952,47.3336,129.6,-6.3843,36,0
119,alibaba_replay,monte_carlo,44.8772,48.9023,85.23,-6.8488,36,6
120,alibaba_replay,monte_carlo,44.8301,48.8685,129.6,-6.3532,36,0
121,alibaba_replay,monte_carlo,44.7984,48.6605,129.6,-6.2623,36,0
122,alibaba_replay,monte_carlo,44.7415,48.3586,129.6,-6.215,36,0
123,alibaba_replay,monte_carlo,44.6977,48.2441,129.6,-6.3084,36,0
124,alibaba_replay,monte_carlo,44.6941,48.2227,129.6,-6.354,36,0
125,alibaba_replay,monte_carlo,44.6594,48.317,129.6,-6.4116,36,0
126,alibaba_replay,monte_carlo,44.6549,48.2606,129.6,-6.3368,36,0
127,alibaba_replay,monte_carlo,44.6456,48.2413,129.6,-6.354,36,0
128,alibaba_replay,monte_carlo,44.6328,48.2639,129.6,-6.3764,36,0
129,alibaba_replay,monte_carlo,44.6043,48.4238,129.6,-6.4447,36,0
130,alibaba_replay,monte_carlo,44.581,48.334,129.6,-6.3216,36,0
131,alibaba_replay,monte_carlo,44.5764,48.411,129.6,-6.4052,36,0
132,alibaba_replay,monte_carlo,44.5885,48.6596,129.6,-6.4936,36,0
133,alibaba_replay,monte_carlo,44.5989,48.4595,129.6,-6.2714,36,0
134,alibaba_replay,monte_carlo,44.6211,48.554,129.6,-6.4199,36,0
135,alibaba_replay,monte_carlo,44.6009,48.536,129.6,-6.367,36,0
136,alibaba_replay,monte_carlo,44.6143,48.4301,129.6,-6.1753,35,0
137,alibaba_replay,monte_carlo,44.5936,48.1219,129.6,-6.0733,35,0
138,alibaba_replay,monte_carlo,44.6595,48.3557,129.6,-6.3467,35,0
139,alibaba_replay,monte_carlo,44.6865,48.4833,129.6,-6.2927,35,0
140,alibaba_replay,monte_carlo,44.6812,48.47,129.6,-6.2209,35,0
141,alibaba_replay,monte_carlo,44.7006,48.2435,129.6,-6.1155,35,0
142,alibaba_replay,monte_carlo,44.6579,48.1784,129.6,-6.1951,35,0
143,alibaba_replay,monte_carlo,44.6741,48.0816,129.6,-6.1755,35,0
144,alibaba_replay,monte_carlo,44.6675,47.9308,129.6,-6.1498,35,0
145,alibaba_replay,monte_carlo,44.7164,48.0504,129.6,-6.285,35,0
146,alibaba_replay,monte_carlo,44.713,47.8051,129.6,-6.2493,36,0
147,alibaba_replay,monte_carlo,44.7775,47.8551,129.6,-6.3946,36,0
148,alibaba_replay,monte_carlo,44.8095,47.9063,129.6,-6.3922,36,0
149,alibaba_replay,monte_carlo,44.8503,48.0211,129.6,-6.4207,36,0
150,alibaba_replay,monte_carlo,44.8588,48.065,129.6,-6.3835,36,0
151,alibaba_replay,monte_carlo,44.9301,48.2789,129.6,-6.4689,36,0
152,alibaba_replay,monte_carlo,44.964,48.267,129.6,-6.3543,36,0
153,alibaba_replay,monte_carlo,45.0258,48.4587,129.6,-6.4567,36,0
154,alibaba_replay,monte_carlo,45.0623,48.3836,129.6,-6.3217,36,0
155,alibaba_replay,monte_carlo,45.0639,48.4472,129.6,-6.3892,36,0
156,alibaba_replay,monte_carlo,45.1389,48.2372,129.6,-6.2504,36,0
157,alibaba_replay,monte_carlo,45.1527,48.2016,129.6,-6.3379,36,0
158,alibaba_replay,monte_carlo,45.2075,48.3687,129.6,-6.4398,36,0
159,alibaba_replay,monte_carlo,45.2377,48.4005,129.6,-6.3717,36,0
160,alibaba_replay,monte_carlo,45.2653,48.2479,129.6,-6.2764,36,0
161,alibaba_replay,monte_carlo,45.287,48.0847,129.6,-6.2673,36,0
162,alibaba_replay,monte_carlo,45.3086,48.1147,129.6,-6.3634,36,0
163,alibaba_replay,monte_carlo,45.3561,48.2919,129.6,-6.4344,36,0
164,alibaba_replay,monte_carlo,45.3709,48.2298,129.6,-6.3154,36,0
165,alibaba_replay,monte_carlo,45.3852,48.0254,129.6,-6.2442,36,0
166,alibaba_replay,monte_carlo,45.4222,47.9998,129.6,-6.3309,36,0
167,alibaba_replay,monte_carlo,45.4415,47.7923,129.6,-6.2394,36,0
168,alibaba_replay,monte_carlo,45.4428,47.8002,129.6,-6.3455,36,0
169,alibaba_replay,monte_carlo,45.5206,47.9643,129.6,-6.4229,36,0
170,alibaba_replay,monte_carlo,45.5266,47.9807,129.6,-6.3482,36,0
171,alibaba_replay,monte_carlo,45.4901,47.9011,129.6,-6.3011,36,0
172,alibaba_replay,monte_carlo,45.5429,47.8345,129.6,-6.3062,36,0
173,alibaba_replay,monte_carlo,45.5419,47.7313,129.6,-6.2873,36,0
174,alibaba_replay,monte_carlo,45.574,47.9821,129.6,-6.4637,36,0
175,alibaba_replay,monte_carlo,45.6082,48.0395,129.6,-6.3663,36,0
176,alibaba_replay,monte_carlo,45.6403,48.1161,129.6,-6.3775,36,0
177,alibaba_replay,monte_carlo,45.6228,48.1149,129.6,-6.3383,36,0
178,alibaba_replay,monte_carlo,45.6353,48.297,129.6,-6.4319,36,0
179,alibaba_replay,monte_carlo,45.6059,48.1305,129.6,-6.2548,36,0
180,alibaba_replay,monte_carlo,45.614,48.0759,129.6,-6.3088,36,0
181,alibaba_replay,monte_carlo,45.5965,47.9851,129.6,-6.2903,36,0
182,alibaba_replay,monte_carlo,45.5875,48.1325,129.6,-6.4099,36,0
183,alibaba_replay,monte_carlo,45.5941,48.1932,129.6,-6.3657,36,0
184,alibaba_replay,monte_carlo,45.5868,48.3068,129.6,-6.3931,36,0
185,alibaba_replay,monte_carlo,45.633,48.1371,129.6,-6.2487,36,0
186,alibaba_replay,monte_carlo,45.6678,48.1261,129.6,-6.3267,36,0
187,alibaba_replay,monte_carlo,45.7072,48.2233,129.6,-6.3819,36,0
188,alibaba_replay,monte_carlo,45.6986,48.2219,129.6,-6.3333,36,0
189,alibaba_replay,monte_carlo,45.6981,48.5112,129.6,-6.4797,36,0
190,alibaba_replay,monte_carlo,45.7142,48.4832,129.6,-6.321,36,0
191,alibaba_replay,monte_carlo,45.7265,48.3175,129.6,-6.2515,36,0
192,alibaba_replay,monte_carlo,45.7468,48.5764,129.6,-6.4638,36,0
193,alibaba_replay,monte_carlo,45.7664,48.6414,129.6,-6.3678,36,0
194,alibaba_replay,monte_carlo,45.7519,48.4592,129.6,-6.2442,36,0
195,alibaba_replay,monte_carlo,45.7482,48.4582,129.6,-6.3351,36,0
196,alibaba_replay,monte_carlo,45.7612,48.5101,129.6,-6.3622,36,0
197,alibaba_replay,monte_carlo,45.8045,48.5118,129.6,-6.3363,36,0
198,alibaba_replay,monte_carlo,45.8271,48.4603,129.6,-6.3096,36,0
199,alibaba_replay,monte_carlo,45.7889,48.3893,129.6,-6.3005,36,0
200,alibaba_replay,monte_carlo,45.7803,48.562,129.6,-6.4229,36,0
201,alibaba_replay,monte_carlo,45.8178,48.7418,129.6,-6.426,36,0
202,alibaba_replay,monte_carlo,45.8008,48.6244,129.6,-6.2762,36,0
203,alibaba_replay,monte_carlo,45.8183,48.3895,129.6,-6.2159,36,0
204,alibaba_replay,monte_carlo,45.8129,48.3331,129.6,-6.3047,36,0
205,alibaba_replay,monte_carlo,45.7893,48.0557,129.6,-6.1939,36,0
206,alibaba_replay,monte_carlo,45.8087,47.958,129.6,-6.2849,36,0
207,alibaba_replay,monte_carlo,45.8206,47.8718,129.6,-6.2902,36,0
208,alibaba_replay,monte_carlo,45.808,47.9187,129.6,-6.3578,36,0
209,alibaba_replay,monte_carlo,45.84,48.1103,129.6,-6.4292,36,0
210,alibaba_replay,monte_carlo,45.8322,48.0726,129.6,-6.3149,36,0
211,alibaba_replay,monte_carlo,45.8733,48.1427,129.6,-6.369,36,0
212,alibaba_replay,monte_carlo,45.8278,48.0581,129.6,-6.2935,36,0
213,alibaba_replay,monte_carlo,45.7785,48.1157,129.6,-6.3654,36,0
214,alibaba_replay,monte_carlo,45.7771,47.947,129.6,-6.2529,36,0
215,alibaba_replay,monte_carlo,45.7365,48.0592,129.6,-6.3941,36,0
216,alibaba_replay,monte_carlo,45.7095,47.9774,129.6,-6.297,36,0
217,alibaba_replay,monte_carlo,45.6765,47.8965,129.6,-6.2985,36,0
218,alibaba_replay,monte_carlo,45.6864,47.772,129.6,-6.2793,36,0
219,alibaba_replay,monte_carlo,45.6429,47.7823,129.6,-6.3481,36,0
220,alibaba_replay,monte_carlo,45.6371,47.9621,129.6,-6.4343,36,0
221,alibaba_replay,monte_carlo,45.5884,47.7215,129.6,-6.2255,36,0
222,alibaba_replay,monte_carlo,45.5731,47.6381,129.6,-6.3048,36,0
223,alibaba_replay,monte_carlo,45.5533,47.8389,129.6,-6.45,36,0
224,alibaba_replay,monte_carlo,45.5121,47.8018,129.6,-6.334,36,0
225,alibaba_replay,monte_carlo,45.4849,47.6843,129.6,-6.2966,36,0
226,alibaba_replay,monte_carlo,45.4731,47.839,129.6,-6.4333,36,0
227,alibaba_replay,monte_carlo,45.4678,47.7609,129.6,-6.3197,36,0
228,alibaba_replay,monte_carlo,45.4539,47.6202,129.6,-6.2914,36,0
229,alibaba_replay,monte_carlo,45.4291,47.6694,129.6,-6.3865,36,0
230,alibaba_replay,monte_carlo,45.353,47.7265,129.6,-6.3937,36,0
231,alibaba_replay,monte_carlo,45.3002,47.5356,129.6,-6.2695,36,0
232,alibaba_replay,monte_carlo,45.2645,47.6415,129.6,-6.4182,36,0
233,alibaba_replay,monte_carlo,45.2181,47.6558,129.6,-6.3742,36,0
234,alibaba_replay,monte_carlo,45.2143,47.7909,129.6,-6.4366,36,0
235,alibaba_replay,monte_carlo,45.2022,47.9027,129.6,-6.4271,36,0
236,alibaba_replay,monte_carlo,45.1895,48.0957,129.6,-6.4694,36,0
237,alibaba_replay,monte_carlo,45.1346,48.2791,129.6,-6.4676,36,0
238,alibaba_replay,monte_carlo,45.0965,48.1533,129.6,-6.3153,36,0
239,alibaba_replay,monte_carlo,45.0435,47.8947,129.6,-6.2485,36,0
240,alibaba_replay,monte_carlo,45.004,48.1849,129.6,-6.3748,35,0
241,alibaba_replay,monte_carlo,44.9798,47.9099,129.6,-6.0935,35,0
242,alibaba_replay,monte_carlo,44.8801,47.9321,129.6,-6.2466,35,0
243,alibaba_replay,monte_carlo,44.7894,47.8547,129.6,-6.1983,35,0
244,alibaba_replay,monte_carlo,44.7493,47.716,129.6,-6.1687,35,0
245,alibaba_replay,monte_carlo,44.7102,47.5972,129.6,-6.027,34,0
246,alibaba_replay,monte_carlo,44.6481,47.5372,129.6,-6.0558,34,0
247,alibaba_replay,monte_carlo,44.5868,47.7724,129.6,-6.3536,35,0
248,alibaba_replay,monte_carlo,44.55,47.6509,129.6,-6.1767,35,0
249,alibaba_replay,monte_carlo,44.5233,47.7494,129.6,-6.1387,34,0
250,alibaba_replay,monte_carlo,44.5176,47.6372,129.6,-6.0354,34,0
251,alibaba_replay,monte_carlo,44.4731,47.5341,129.6,-6.0437,34,0
252,alibaba_replay,monte_carlo,44.4334,47.6403,129.6,-6.1513,34,0
253,alibaba_replay,monte_carlo,44.3698,47.6947,129.6,-6.1273,34,0
254,alibaba_replay,monte_carlo,44.2871,47.8937,129.6,-6.2021,34,0
255,alibaba_replay,monte_carlo,44.269,48.1685,129.6,-6.2409,34,0
256,alibaba_replay,monte_carlo,44.1786,48.0888,129.6,-6.0646,34,0
257,alibaba_replay,monte_carlo,44.1156,48.2212,129.6,-6.1703,34,0
258,alibaba_replay,monte_carlo,44.0394,48.1381,129.6,-6.0644,34,0
259,alibaba_replay,monte_carlo,43.9496,48.1074,129.6,-6.0939,34,0
260,alibaba_replay,monte_carlo,43.9085,48.0097,129.6,-6.0596,34,0
261,alibaba_replay,monte_carlo,43.8628,48.1931,129.6,-6.2009,34,0
262,alibaba_replay,monte_carlo,43.844,48.1488,129.6,-6.0886,34,0
263,alibaba_replay,monte_carlo,43.7929,48.0516,129.6,-6.0655,34,0
264,alibaba_replay,monte_carlo,43.6992,48.2471,129.6,-6.2147,34,0
265,alibaba_replay,monte_carlo,43.6621,48.3154,129.6,-6.1528,34,0
266,alibaba_replay,monte_carlo,43.5987,48.423,129.6,-6.1758,34,0
267,alibaba_replay,monte_carlo,43.5393,48.4569,129.6,-6.1417,34,0
268,alibaba_replay,monte_carlo,43.5006,48.3106,129.6,-6.0537,34,0
269,alibaba_replay,monte_carlo,43.4522,48.255,129.6,-6.0991,34,0
270,alibaba_replay,monte_carlo,43.3719,48.4441,129.6,-6.2211,34,0
271,alibaba_replay,monte_carlo,43.3376,48.6639,129.6,-6.2375,34,0
272,alibaba_replay,monte_carlo,43.2201,48.5718,129.6,-6.0844,34,0
273,alibaba_replay,monte_carlo,43.1153,48.3995,129.6,-6.0474,34,0
274,alibaba_replay,monte_carlo,43.0578,48.2761,129.6,-5.9259,33,0
275,alibaba_replay,monte_carlo,42.9542,48.1715,129.6,-5.9376,33,0
276,alibaba_replay,monte_carlo,43.2947,49.2076,113.4,-6.4052,33,1
277,alibaba_replay,monte_carlo,43.6203,47.3889,113.4,-5.0999,34,3
278,alibaba_replay,monte_carlo,44.3169,48.2361,99.42,-6.6332,36,5
279,alibaba_replay,monte_carlo,44.0583,48.0127,129.6,-6.159,35,0
280,alibaba_replay,monte_carlo,43.8916,48.0235,129.6,-6.1325,34,0
281,alibaba_replay,monte_carlo,43.6864,47.9867,129.6,-5.96,33,0
282,alibaba_replay,monte_carlo,43.4951,48.0752,129.6,-6.0277,33,0
283,alibaba_replay,monte_carlo,43.3126,47.9776,129.6,-5.941,33,0
284,alibaba_replay,monte_carlo,43.1284,47.9636,129.6,-5.9875,33,0
285,alibaba_replay,monte_carlo,42.9432,47.8264,129.6,-5.9315,33,0
286,alibaba_replay,monte_carlo,42.775,47.8454,129.6,-6.0139,33,0
287,alibaba_replay,monte_carlo,43.0394,49.0215,113.4,-6.4968,33,1
288,alibaba_replay,monte_carlo,43.3196,48.109,113.4,-5.5871,34,3
289,alibaba_replay,monte_carlo,44.0156,48.6572,99.66,-6.3673,35,5
290,alibaba_replay,monte_carlo,44.6042,49.0926,99.18,-6.4574,36,5
291,alibaba_replay,monte_carlo,44.2538,49.0402,129.6,-6.2787,35,0
292,alibaba_replay,monte_carlo,43.9441,48.9378,129.6,-6.2584,35,0
293,alibaba_replay,monte_carlo,43.6241,48.7,129.6,-6.0454,34,0
294,alibaba_replay,monte_carlo,43.3363,48.402,129.6,-6.0198,34,0
295,alibaba_replay,monte_carlo,43.0295,48.1027,129.6,-5.8732,33,0
296,alibaba_replay,monte_carlo,42.6899,47.9392,129.6,-5.9468,33,0
297,alibaba_replay,monte_carlo,42.8051,48.8068,113.4,-6.3578,33,3
298,alibaba_replay,monte_carlo,42.4264,48.5892,129.6,-5.7807,32,0
299,alibaba_replay,monte_carlo,43.3426,48.7179,85.23,-5.7833,33,6
300,alibaba_replay,monte_carlo,43.8238,49.3948,99.42,-6.3064,34,5
301,alibaba_replay,monte_carlo,44.2335,49.0286,99.18,-5.6394,33,5
302,alibaba_replay,monte_carlo,43.7538,48.6662,129.6,-5.8628,33,0
303,alibaba_replay,monte_carlo,45.9744,51.1464,32.4,-6.8346,36,7
304,alibaba_replay,monte_carlo,45.382,50.8818,129.6,-5.9426,33,0
305,alibaba_replay,monte_carlo,44.7826,50.3485,129.6,-5.828,33,0
306,alibaba_replay,monte_carlo,44.2263,50.1331,129.6,-6.0015,33,0
307,alibaba_replay,monte_carlo,43.6551,49.8215,129.6,-5.9685,33,0
308,alibaba_replay,monte_carlo,43.1084,49.7329,129.6,-6.0915,33,0
309,alibaba_replay,monte_carlo,43.0128,50.4445,113.4,-6.4328,33,2
310,alibaba_replay,monte_carlo,42.9496,51.301,113.4,-6.4465,32,2
311,alibaba_replay,monte_carlo,42.9285,52.2463,113.4,-6.4102,31,2
312,alibaba_replay,monte_carlo,43.2113,52.7478,99.42,-6.0912,31,5
313,alibaba_replay,monte_carlo,42.6138,52.4264,129.6,-5.8893,31,0
314,alibaba_replay,monte_carlo,42.4887,53.0817,113.4,-6.2426,31,1
315,alibaba_replay,monte_carlo,42.3571,53.7847,113.4,-6.104,30,1
316,alibaba_replay,monte_carlo,42.2516,54.593,113.4,-6.1616,30,1
317,alibaba_replay,monte_carlo,44.3782,56.6276,32.4,-8.0013,32,7
318,alibaba_replay,monte_carlo,44.1103,57.0406,113.4,-8.294,32,1
319,alibaba_replay,monte_carlo,43.3381,56.2236,129.6,-7.2915,32,0
320,alibaba_replay,monte_carlo,45.3193,58.1521,32.4,-8.486,32,7
321,alibaba_replay,monte_carlo,44.9365,58.7538,113.4,-8.3883,32,4
322,alibaba_replay,monte_carlo,44.5249,55.8748,113.4,-6.0404,32,3
323,alibaba_replay,monte_carlo,44.1429,53.693,113.4,-5.0092,32,3
324,alibaba_replay,monte_carlo,43.7234,53.9156,113.4,-6.0192,31,2
325,alibaba_replay,monte_carlo,43.3003,54.5727,113.4,-6.2385,31,1
326,alibaba_replay,monte_carlo,42.4275,53.9473,129.6,-5.5748,30,0
327,alibaba_replay,monte_carlo,42.0158,54.4163,113.4,-6.022,30,1
328,alibaba_replay,monte_carlo,42.3679,53.3148,85.23,-5.1687,31,6
329,alibaba_replay,monte_carlo,42.7265,53.2307,83.16,-5.645,31,6
330,alibaba_replay,monte_carlo,42.2025,53.3021,113.4,-5.9732,31,2
331,alibaba_replay,monte_carlo,41.6398,54.0143,113.4,-5.9936,29,4
332,alibaba_replay,monte_carlo,41.118,54.3216,113.4,-5.3411,26,4
333,alibaba_replay,monte_carlo,40.1578,53.76,129.6,-5.0192,26,0
334,alibaba_replay,monte_carlo,39.6343,51.4188,113.4,-3.8875,24,3
335,alibaba_replay,monte_carlo,38.6548,50.646,129.6,-4.3136,22,0
336,alibaba_replay,monte_carlo,38.9626,51.1617,85.23,-4.7997,23,6
337,alibaba_replay,monte_carlo,38.8015,49.61,99.18,-3.7129,22,5
338,alibaba_replay,monte_carlo,38.6378,49.2103,99.18,-4.2889,22,5
339,alibaba_replay,monte_carlo,37.569,48.5288,129.6,-4.2093,21,0
340,alibaba_replay,monte_carlo,37.0035,47.2958,113.4,-3.821,21,3
341,alibaba_replay,monte_carlo,35.9625,46.2057,129.6,-3.855,20,0
342,alibaba_replay,monte_carlo,35.411,46.6506,113.4,-4.5099,20,1
343,alibaba_replay,monte_carlo,34.8325,47.5286,113.4,-4.4265,18,1
344,alibaba_replay,monte_carlo,34.6687,46.5498,99.42,-3.401,18,5
345,alibaba_replay,monte_carlo,33.6767,45.8085,129.6,-3.7293,18,0
346,alibaba_replay,monte_carlo,33.5108,45.7355,99.42,-3.8539,18,5
347,alibaba_replay,monte_carlo,33.3086,45.5957,99.42,-3.8205,18,5
348,alibaba_replay,monte_carlo,32.2776,44.7428,129.6,-3.5236,17,0
349,alibaba_replay,monte_carlo,31.2908,43.635,129.6,-3.3961,17,0
350,alibaba_replay,monte_carlo,30.726,43.7418,113.4,-3.1409,12,1
351,alibaba_replay,monte_carlo,30.1954,43.9463,113.4,-3.1898,12,2
352,alibaba_replay,monte_carlo,29.6165,44.2531,113.4,-3.0909,11,1
353,alibaba_replay,monte_carlo,29.0043,44.5192,113.4,-3.0705,11,1
354,alibaba_replay,monte_carlo,28.3741,44.7698,113.4,-3.0628,11,1
355,alibaba_replay,monte_carlo,27.7812,44.7361,113.4,-2.7706,10,1
356,alibaba_replay,monte_carlo,27.1572,44.5675,113.4,-2.7032,10,1
357,alibaba_replay,monte_carlo,26.5524,44.3534,113.4,-2.6804,10,1
358,alibaba_replay,monte_carlo,25.9449,44.1552,113.4,-2.6884,10,1
359,alibaba_replay,monte_carlo,25.3567,44.0377,113.4,-2.5788,9,1
360,alibaba_replay,monte_carlo,24.7899,44.0416,113.4,-2.6394,9,1
361,alibaba_replay,monte_carlo,24.6558,42.1321,99.42,-1.5857,9,5
362,alibaba_replay,monte_carlo,24.4484,41.1208,99.42,-1.7348,7,5
363,alibaba_replay,monte_carlo,24.1768,40.385,99.42,-1.8725,7,5
364,alibaba_replay,monte_carlo,23.9254,39.388,99.42,-1.7419,7,5
365,alibaba_replay,monte_carlo,23.2445,39.0122,113.4,-1.9996,6,4
366,alibaba_replay,monte_carlo,22.9574,37.7536,99.42,-1.4611,6,5
367,alibaba_replay,monte_carlo,22.6273,36.9938,99.42,-1.7105,6,5
368,alibaba_replay,monte_carlo,22.2493,36.0914,99.42,-1.4892,5,5
369,alibaba_replay,monte_carlo,21.9227,34.8991,99.18,0.4074,0,5
370,alibaba_replay,monte_carlo,21.9979,34.8245,85.23,-0.0546,0,6
371,alibaba_replay,monte_carlo,22.0026,34.6281,85.23,0.0064,0,6
372,alibaba_replay,monte_carlo,21.6353,33.6915,99.18,0.2795,0,5
373,alibaba_replay,monte_carlo,21.241,31.8279,99.66,0.7562,0,5
374,alibaba_replay,monte_carlo,20.8639,31.4022,99.18,0.0569,0,5
375,alibaba_replay,monte_carlo,20.4688,30.7499,99.66,0.1867,0,5
376,alibaba_replay,monte_carlo,20.4303,30.0434,85.23,0.3553,0,6
377,alibaba_replay,monte_carlo,19.9779,29.7396,99.18,0.0665,0,5
378,alibaba_replay,monte_carlo,19.9397,29.3695,85.23,0.2096,0,6
379,alibaba_replay,monte_carlo,19.4829,28.6358,99.66,0.3031,0,5
380,alibaba_replay,monte_carlo,19.4063,28.5335,85.23,0.1128,0,6
381,alibaba_replay,monte_carlo,18.9674,27.7,99.18,0.3933,0,5
382,alibaba_replay,monte_carlo,18.5089,26.6409,99.42,0.5088,0,5
383,alibaba_replay,monte_carlo,17.9469,26.1246,99.66,0.2419,0,5
384,alibaba_replay,monte_carlo,17.7962,25.716,85.23,0.3133,0,6
385,alibaba_replay,monte_carlo,17.2737,25.3769,99.42,0.1868,0,5
386,alibaba_replay,monte_carlo,16.7432,24.2955,99.42,0.5676,0,5
387,alibaba_replay,monte_carlo,16.6162,24.2243,85.23,0.1675,0,6
388,alibaba_replay,monte_carlo,16.1156,23.2429,99.18,0.5321,0,5
389,alibaba_replay,monte_carlo,15.6231,22.7608,99.42,0.2864,0,5
390,alibaba_replay,monte_carlo,15.4936,22.9084,85.23,0.0839,0,6
391,alibaba_replay,monte_carlo,14.9865,22.1195,99.42,0.4598,0,5
392,alibaba_replay,monte_carlo,14.482,20.9701,99.18,0.6492,0,5
393,alibaba_replay,monte_carlo,13.9419,20.6471,99.42,0.2407,0,5
394,alibaba_replay,monte_carlo,13.4611,20.4198,99.42,0.1982,0,5
395,alibaba_replay,monte_carlo,12.9693,19.968,99.18,0.3155,0,5
396,alibaba_replay,monte_carlo,12.8924,20.1378,85.23,0.1213,0,6
397,alibaba_replay,monte_carlo,12.3765,18.9695,99.42,0.6976,0,5
398,alibaba_replay,monte_carlo,11.8671,18.0144,99.18,0.5953,0,5
399,alibaba_replay,monte_carlo,11.338,17.2145,99.42,0.518,0,5
400,alibaba_replay,monte_carlo,10.8548,16.8423,99.42,0.3042,0,5
401,alibaba_replay,monte_carlo,9.9621,16.8759,113.4,0.002,0,3
402,alibaba_replay,monte_carlo,9.4716,16.5121,99.18,0.2983,0,5
403,alibaba_replay,monte_carlo,8.9763,15.3708,99.42,0.6883,0,5
404,alibaba_replay,monte_carlo,8.1719,15.4024,113.4,-0.0185,0,3
405,alibaba_replay,monte_carlo,7.7739,14.9448,99.18,0.3386,0,5
406,alibaba_replay,monte_carlo,7.4265,13.9393,99.42,0.627,0,5
407,alibaba_replay,monte_carlo,6.7842,13.8554,113.4,0.0605,0,3
408,alibaba_replay,monte_carlo,6.2484,13.8801,113.4,-0.0093,0,3
409,alibaba_replay,monte_carlo,5.8569,13.259,99.18,0.4337,0,5
410,alibaba_replay,monte_carlo,5.4533,12.5122,99.42,0.511,0,5
411,alibaba_replay,monte_carlo,5.3952,13.032,85.23,-0.0038,0,6
412,alibaba_replay,monte_carlo,6.7556,14.7515,32.4,-0.2395,0,7
413,alibaba_replay,monte_carlo,8.0921,16.4739,32.4,-0.2403,0,7
414,alibaba_replay,monte_carlo,9.3497,18.0922,32.4,-0.1835,0,7
415,alibaba_replay,monte_carlo,10.4948,19.3251,32.4,0.0116,0,7
416,alibaba_replay,monte_carlo,11.6201,20.7293,32.4,-0.0763,0,7
417,alibaba_replay,monte_carlo,12.6697,21.8408,32.4,0.0681,0,7
418,alibaba_replay,monte_carlo,11.7954,19.5473,99.18,1.1717,0,5
419,alibaba_replay,monte_carlo,10.9329,17.5137,99.18,1.1779,0,5
420,alibaba_replay,monte_carlo,10.1416,16.2018,99.18,0.8387,0,5
421,alibaba_replay,monte_carlo,9.3807,15.0835,99.42,0.7415,0,5
422,alibaba_replay,monte_carlo,8.629,13.8088,99.18,0.8235,0,5
423,alibaba_replay,monte_carlo,7.6204,13.3432,113.4,0.2949,0,4
424,alibaba_replay,monte_carlo,7.4144,13.0361,83.16,0.4339,0,6
425,alibaba_replay,monte_carlo,6.3583,12.7274,113.4,0.2114,0,2
426,alibaba_replay,monte_carlo,5.7772,12.6667,113.4,0.0626,0,2
427,alibaba_replay,monte_carlo,5.7818,13.7627,83.16,-0.2871,0,6
428,alibaba_replay,monte_carlo,5.0221,11.4516,113.4,1.0749,0,3
429,alibaba_replay,monte_carlo,4.5596,10.0335,113.4,0.805,0,3
430,alibaba_replay,monte_carlo,4.6843,11.2407,87.48,-0.3254,0,6
431,alibaba_replay,monte_carlo,4.5742,10.9243,99.18,0.3543,0,5
432,alibaba_replay,monte_carlo,4.8329,12.3043,85.23,-0.3999,0,6
433,alibaba_replay,monte_carlo,6.4104,14.8899,32.4,-0.3585,0,7
434,alibaba_replay,monte_carlo,7.9298,17.4196,32.4,-0.3771,0,7
435,alibaba_replay,monte_carlo,9.2534,19.1164,32.4,-0.2438,0,7
436,alibaba_replay,monte_carlo,10.5576,20.8186,32.4,-0.2625,0,7
437,alibaba_replay,monte_carlo,11.7656,22.4163,32.4,-0.22,0,7
438,alibaba_replay,monte_carlo,12.9158,24.2049,32.4,-0.3305,0,7
439,alibaba_replay,monte_carlo,13.9959,25.5708,32.4,-0.1286,0,7
440,alibaba_replay,monte_carlo,15.0226,27.0913,32.4,-0.2164,0,7
441,alibaba_replay,monte_carlo,15.9474,27.7371,32.4,0.2181,0,7
442,alibaba_replay,monte_carlo,16.8205,28.7145,32.4,0.0485,0,7
443,alibaba_replay,monte_carlo,17.5952,29.3991,32.4,0.1939,0,7
444,alibaba_replay,monte_carlo,16.1239,28.7447,113.4,0.3006,0,3
445,alibaba_replay,monte_carlo,16.9772,29.4953,32.4,0.1588,0,7
446,alibaba_replay,monte_carlo,16.3499,27.8683,83.16,1.0144,0,6
447,alibaba_replay,monte_carlo,15.6888,25.3376,83.16,1.2271,0,6
448,alibaba_replay,monte_carlo,15.1206,24.223,83.16,0.8012,0,6
449,alibaba_replay,monte_carlo,14.5537,21.602,83.16,1.2611,0,6
450,alibaba_replay,monte_carlo,14.0678,20.9103,83.16,0.6079,0,6
451,alibaba_replay,monte_carlo,12.7067,18.8736,113.4,1.0203,0,3
452,alibaba_replay,monte_carlo,12.1462,18.2375,87.48,0.5299,0,6
453,alibaba_replay,monte_carlo,13.1635,19.4205,32.4,0.0047,0,7
454,alibaba_replay,monte_carlo,14.1246,20.396,32.4,0.1095,0,7
455,alibaba_replay,monte_carlo,15.0494,21.5673,32.4,0.0091,0,7
456,alibaba_replay,monte_carlo,15.8898,22.556,32.4,0.0988,0,7
457,alibaba_replay,monte_carlo,16.6919,23.7219,32.4,0.0098,0,7
458,alibaba_replay,monte_carlo,17.4755,24.7549,32.4,0.0733,0,7
459,alibaba_replay,monte_carlo,16.8098,23.7453,83.16,0.7467,0,6
460,alibaba_replay,monte_carlo,16.1505,21.875,83.16,1.1881,0,6
461,alibaba_replay,monte_carlo,14.6669,20.6941,113.4,0.6025,0,3
462,alibaba_replay,monte_carlo,13.6814,19.9037,99.66,0.5073,0,5
463,alibaba_replay,monte_carlo,12.7357,18.7257,99.18,0.7116,0,5
464,alibaba_replay,monte_carlo,11.465,17.5393,113.4,0.5924,0,4
465,alibaba_replay,monte_carlo,11.0265,17.4386,85.23,0.2559,0,6
466,alibaba_replay,monte_carlo,12.1096,18.7564,32.4,-0.088,0,7
467,alibaba_replay,monte_carlo,13.1776,19.7884,32.4,0.0507,0,7
468,alibaba_replay,monte_carlo,12.3563,18.43,99.18,0.7859,0,5
469,alibaba_replay,monte_carlo,11.541,17.3497,99.42,0.6464,0,5
470,alibaba_replay,monte_carlo,12.6041,18.8245,32.4,-0.1729,0,7
471,alibaba_replay,monte_carlo,11.3871,17.751,113.4,0.5338,0,3
472,alibaba_replay,monte_carlo,10.5681,16.1623,99.18,0.895,0,5
473,alibaba_replay,monte_carlo,9.8439,15.5307,99.42,0.4198,0,5
474,alibaba_replay,monte_carlo,9.1352,14.7643,99.42,0.4972,0,5
475,alibaba_replay,monte_carlo,8.4543,14.1907,99.18,0.409,0,5
476,alibaba_replay,monte_carlo,9.6434,15.43,32.4,-0.0378,0,7
477,alibaba_replay,monte_carlo,10.775,16.6961,32.4,-0.0546,0,7
478,alibaba_replay,monte_carlo,11.8409,17.9859,32.4,-0.0649,0,7
479,alibaba_replay,monte_carlo,13.1,19.0132,32.4,0.0604,0,7
480,alibaba_replay,monte_carlo,12.8227,18.5206,85.23,0.466,0,6
481,alibaba_replay,monte_carlo,11.4397,17.6528,129.6,0.3316,0,0
482,alibaba_replay,monte_carlo,10.604,18.301,113.4,-0.331,0,3
483,alibaba_replay,monte_carlo,9.8976,18.827,113.4,-0.294,0,3
484,alibaba_replay,monte_carlo,9.2642,18.9994,113.4,-0.1427,0,3
485,alibaba_replay,monte_carlo,8.6606,19.2108,113.4,-0.1997,0,3
486,alibaba_replay,monte_carlo,8.1611,19.5463,113.4,-0.298,0,3
487,alibaba_replay,monte_carlo,7.7071,19.5861,113.4,-0.1822,0,3
488,alibaba_replay,monte_carlo,7.4672,19.6931,113.4,-0.2265,0,3
489,alibaba_replay,monte_carlo,6.7702,16.8017,113.4,0.8924,0,1
490,alibaba_replay,monte_carlo,6.2639,16.3306,113.4,0.1735,0,1
491,alibaba_replay,monte_carlo,5.3097,15.2094,129.6,0.4147,0,0
492,alibaba_replay,monte_carlo,5.1665,14.032,99.42,0.6774,0,5
493,alibaba_replay,monte_carlo,5.0635,13.1474,99.42,0.5475,0,5
494,alibaba_replay,monte_carlo,4.9306,12.9254,99.42,0.2316,0,5
495,alibaba_replay,monte_carlo,4.6443,13.1366,113.4,-0.0988,0,3
496,alibaba_replay,monte_carlo,4.5587,13.1239,113.4,-0.0003,0,3
497,alibaba_replay,monte_carlo,4.5234,13.3273,113.4,-0.115,0,3
498,alibaba_replay,monte_carlo,4.4299,13.225,99.18,0.1613,0,5
499,alibaba_replay,monte_carlo,4.3582,13.3564,113.4,-0.0655,0,3
500,alibaba_replay,monte_carlo,4.4228,13.5327,113.4,-0.0936,0,3
1,workload_burst,monte_carlo,19.005,20.0313,129.6,1.082,0,0
2,workload_burst,monte_carlo,16.1854,17.2549,129.6,1.0981,0,0
3,workload_burst,monte_carlo,13.5458,14.7247,129.6,1.0982,0,0
4,workload_burst,monte_carlo,11.0353,12.1591,129.6,1.0984,0,0
5,workload_burst,monte_carlo,8.6406,9.755,129.6,1.0984,0,0
6,workload_burst,monte_carlo,6.3804,7.6229,129.6,1.0982,0,0
7,workload_burst,monte_carlo,4.2127,5.2771,129.6,1.0986,0,0
8,workload_burst,monte_carlo,2.1806,3.4062,129.6,1.034,0,0
9,workload_burst,monte_carlo,0.2805,1.1933,129.6,1.0992,0,0
10,workload_burst,monte_carlo,0.0,0.0,129.6,0.6967,0,0
11,workload_burst,monte_carlo,0.0,0.0,129.6,0.1,0,0
12,workload_burst,monte_carlo,0.0,0.0,129.6,0.1,0,0
13,workload_burst,monte_carlo,0.0,0.0,129.6,0.1,0,0
14,workload_burst,monte_carlo,0.0,0.0,129.6,0.1,0,0
15,workload_burst,monte_carlo,0.0,0.0,129.6,0.1,0,0
16,workload_burst,monte_carlo,0.0,0.0,129.6,0.1,0,0
17,workload_burst,monte_carlo,0.0,0.0,129.6,0.1,0,0
18,workload_burst,monte_carlo,0.0,0.0,129.6,0.1,0,0
19,workload_burst,monte_carlo,0.0,0.0,129.6,0.1,0,0
20,workload_burst,monte_carlo,0.3094,2.0413,129.6,-0.9034,0,0
21,workload_burst,monte_carlo,0.3735,2.056,129.6,0.0879,0,0
22,workload_burst,monte_carlo,0.3898,2.9163,129.6,-0.3362,0,0
23,workload_burst,monte_carlo,0.3551,1.9452,129.6,0.5822,0,0
24,workload_burst,monte_carlo,0.5184,3.812,129.6,-0.8443,0,0
25,workload_burst,monte_carlo,0.4693,3.5798,129.6,0.2088,0,0
26,workload_burst,monte_carlo,2.0492,6.5864,32.4,-0.253,0,7
27,workload_burst,monte_carlo,1.3058,4.2447,129.6,1.0808,0,0
28,workload_burst,monte_carlo,0.8982,4.9952,129.6,-0.2954,0,0
29,workload_burst,monte_carlo,0.5862,2.9011,129.6,1.0919,0,0
30,workload_burst,monte_carlo,0.8899,3.4664,87.48,0.0971,0,6
31,workload_burst,monte_carlo,0.4848,2.2632,129.6,0.6974,0,0
32,workload_burst,monte_carlo,0.409,2.3962,129.6,0.0282,0,0
33,workload_burst,monte_carlo,0.6091,3.6189,129.6,-0.5244,0,0
34,workload_burst,monte_carlo,0.5862,2.5117,129.6,0.6472,0,0
35,workload_burst,monte_carlo,0.0148,0.3155,129.6,1.1,0,0
36,workload_burst,monte_carlo,0.0,0.0,129.6,0.2577,0,0
37,workload_burst,monte_carlo,0.0,0.0,129.6,0.1,0,0
38,workload_burst,monte_carlo,0.0,0.0,129.6,0.1,0,0
39,workload_burst,monte_carlo,0.0,0.0,129.6,0.1,0,0
40,workload_burst,monte_carlo,0.0,0.0,129.6,0.1,0,0
41,workload_burst,monte_carlo,0.0,0.0,129.6,0.1,0,0
42,workload_burst,monte_carlo,0.0,0.0,129.6,0.1,0,0
43,workload_burst,monte_carlo,0.0,0.0,129.6,0.1,0,0
44,workload_burst,monte_carlo,0.0,0.0,129.6,0.1,0,0
45,workload_burst,monte_carlo,0.0,0.0,129.6,0.1,0,0
46,workload_burst,monte_carlo,0.0,0.0,129.6,0.1,0,0
47,workload_burst,monte_carlo,0.0,0.0,129.6,0.1,0,0
48,workload_burst,monte_carlo,0.0,0.0,129.6,0.1,0,0
49,workload_burst,monte_carlo,0.0,0.0,129.6,0.1,0,0
50,workload_burst,monte_carlo,0.0,0.0,129.6,0.1,0,0
51,workload_burst,monte_carlo,0.0,0.0,129.6,0.1,0,0
52,workload_burst,monte_carlo,0.0,0.0,129.6,0.1,0,0
53,workload_burst,monte_carlo,0.0,0.0,129.6,0.1,0,0
54,workload_burst,monte_carlo,0.0,0.0,129.6,0.1,0,0
55,workload_burst,monte_carlo,0.0,0.0,129.6,0.1,0,0
56,workload_burst,monte_carlo,0.0,0.0,129.6,0.1,0,0
57,workload_burst,monte_carlo,0.0,0.0,129.6,0.1,0,0
58,workload_burst,monte_carlo,0.0,0.0,129.6,0.1,0,0
59,workload_burst,monte_carlo,0.0,0.0,129.6,0.1,0,0
60,workload_burst,monte_carlo,0.0,0.0,129.6,0.1,0,0
61,workload_burst,monte_carlo,0.0,0.0,129.6,0.1,0,0
62,workload_burst,monte_carlo,0.0,0.0,129.6,0.1,0,0
63,workload_burst,monte_carlo,0.0,0.0,129.6,0.1,0,0
64,workload_burst,monte_carlo,0.0,0.0,129.6,0.1,0,0
65,workload_burst,monte_carlo,0.0,0.0,129.6,0.1,0,0
66,workload_burst,monte_carlo,0.0,0.0,129.6,0.1,0,0
67,workload_burst,monte_carlo,0.0,0.0,129.6,0.1,0,0
68,workload_burst,monte_carlo,0.0,0.0,129.6,0.1,0,0
69,workload_burst,monte_carlo,0.0,0.0,129.6,0.1,0,0
70,workload_burst,monte_carlo,0.3308,1.9379,129.6,-0.8728,0,0
71,workload_burst,monte_carlo,0.7972,4.3846,87.48,-0.6266,0,6
72,workload_burst,monte_carlo,0.6623,5.1791,129.6,-0.3092,0,0
73,workload_burst,monte_carlo,0.7702,6.3707,129.6,-0.5194,0,0
74,workload_burst,monte_carlo,0.669,4.1668,129.6,1.0907,0,0
75,workload_burst,monte_carlo,0.4971,2.747,129.6,0.8026,0,0
76,workload_burst,monte_carlo,2.1005,6.6832,32.4,-0.2483,0,7
77,workload_burst,monte_carlo,1.2451,6.1165,129.6,0.3577,0,0
78,workload_burst,monte_carlo,0.9283,6.474,129.6,-0.1048,0,0
79,workload_burst,monte_carlo,1.025,6.1147,99.66,0.4615,0,5
80,workload_burst,monte_carlo,0.7658,4.7282,129.6,0.7789,0,0
81,workload_burst,monte_carlo,0.4731,4.1694,129.6,0.3713,0,0
82,workload_burst,monte_carlo,0.571,5.8429,129.6,-0.753,0,0
83,workload_burst,monte_carlo,0.5831,6.0618,129.6,-0.0272,0,0
84,workload_burst,monte_carlo,0.8234,7.3226,129.6,-0.5603,0,0
85,workload_burst,monte_carlo,0.348,5.0706,129.6,1.0892,0,0
86,workload_burst,monte_carlo,0.1155,2.9837,129.6,1.0974,0,0
87,workload_burst,monte_carlo,0.0178,0.6424,129.6,1.0999,0,0
88,workload_burst,monte_carlo,0.0,0.0,129.6,0.4212,0,0
89,workload_burst,monte_carlo,0.0,0.0,129.6,0.1,0,0
90,workload_burst,monte_carlo,0.0,0.0,129.6,0.1,0,0
91,workload_burst,monte_carlo,0.0,0.0,129.6,0.1,0,0
92,workload_burst,monte_carlo,0.0,0.0,129.6,0.1,0,0
93,workload_burst,monte_carlo,0.0,0.0,129.6,0.1,0,0
94,workload_burst,monte_carlo,0.0,0.0,129.6,0.1,0,0
95,workload_burst,monte_carlo,0.0,0.0,129.6,0.1,0,0
96,workload_burst,monte_carlo,0.0,0.0,129.6,0.1,0,0
97,workload_burst,monte_carlo,0.0,0.0,129.6,0.1,0,0
98,workload_burst,monte_carlo,0.0,0.0,129.6,0.1,0,0
99,workload_burst,monte_carlo,0.0,0.0,129.6,0.1,0,0
100,workload_burst,monte_carlo,0.0,0.0,129.6,0.1,0,0
101,workload_burst,monte_carlo,0.0,0.0,129.6,0.1,0,0
102,workload_burst,monte_carlo,0.0,0.0,129.6,0.1,0,0
103,workload_burst,monte_carlo,0.0,0.0,129.6,0.1,0,0
104,workload_burst,monte_carlo,0.0,0.0,129.6,0.1,0,0
105,workload_burst,monte_carlo,0.0,0.0,129.6,0.1,0,0
106,workload_burst,monte_carlo,0.0,0.0,129.6,0.1,0,0
107,workload_burst,monte_carlo,0.0,0.0,129.6,0.1,0,0
108,workload_burst,monte_carlo,0.0,0.0,129.6,0.1,0,0
109,workload_burst,monte_carlo,0.0,0.0,129.6,0.1,0,0
110,workload_burst,monte_carlo,0.0,0.0,129.6,0.1,0,0
111,workload_burst,monte_carlo,0.0,0.0,129.6,0.1,0,0
112,workload_burst,monte_carlo,0.0,0.0,129.6,0.1,0,0
113,workload_burst,monte_carlo,0.0,0.0,129.6,0.1,0,0
114,workload_burst,monte_carlo,0.0,0.0,129.6,0.1,0,0
115,workload_burst,monte_carlo,0.0,0.0,129.6,0.1,0,0
116,workload_burst,monte_carlo,0.0,0.0,129.6,0.1,0,0
117,workload_burst,monte_carlo,0.0,0.0,129.6,0.1,0,0
118,workload_burst,monte_carlo,0.0,0.0,129.6,0.1,0,0
119,workload_burst,monte_carlo,0.0,0.0,129.6,0.1,0,0
120,workload_burst,monte_carlo,0.33,2.226,129.6,-0.9038,0,0
121,workload_burst,monte_carlo,0.5046,3.2746,129.6,-0.4334,0,0
122,workload_burst,monte_carlo,0.5096,3.2377,129.6,0.1108,0,0
123,workload_burst,monte_carlo,0.418,2.9357,129.6,0.245,0,0
124,workload_burst,monte_carlo,0.4789,3.0658,129.6,0.0282,0,0
125,workload_burst,monte_carlo,0.5237,4.1463,129.6,-0.4514,0,0
126,workload_burst,monte_carlo,0.4544,2.3795,129.6,0.9775,0,0
127,workload_burst,monte_carlo,0.7735,4.3877,99.66,-0.7088,0,5
128,workload_burst,monte_carlo,1.0186,4.5642,99.66,0.1996,0,5
129,workload_burst,monte_carlo,1.0894,6.2618,129.6,-0.7869,0,0
130,workload_burst,monte_carlo,1.4612,8.3254,113.4,-0.8584,0,2
131,workload_burst,monte_carlo,1.602,9.1918,113.4,-0.2849,0,3
132,workload_burst,monte_carlo,1.4357,8.4248,129.6,0.4377,0,0
133,workload_burst,monte_carlo,1.1706,7.0843,129.6,0.7358,0,0
134,workload_burst,monte_carlo,1.0911,7.8862,129.6,-0.3334,0,0
135,workload_burst,monte_carlo,0.4262,5.2419,129.6,1.0898,0,0
136,workload_burst,monte_carlo,0.0854,3.0,129.6,1.0976,0,0
137,workload_burst,monte_carlo,0.0252,0.9088,129.6,1.0998,0,0
138,workload_burst,monte_carlo,0.0,0.0,129.6,0.5544,0,0
139,workload_burst,monte_carlo,0.0,0.0,129.6,0.1,0,0
140,workload_burst,monte_carlo,0.0,0.0,129.6,0.1,0,0
141,workload_burst,monte_carlo,0.0,0.0,129.6,0.1,0,0
142,workload_burst,monte_carlo,0.0,0.0,129.6,0.1,0,0
143,workload_burst,monte_carlo,0.0,0.0,129.6,0.1,0,0
144,workload_burst,monte_carlo,0.0,0.0,129.6,0.1,0,0
145,workload_burst,monte_carlo,0.0,0.0,129.6,0.1,0,0
146,workload_burst,monte_carlo,0.0,0.0,129.6,0.1,0,0
147,workload_burst,monte_carlo,0.0,0.0,129.6,0.1,0,0
148,workload_burst,monte_carlo,0.0,0.0,129.6,0.1,0,0
149,workload_burst,monte_carlo,0.0,0.0,129.6,0.1,0,0
150,workload_burst,monte_carlo,0.0,0.0,129.6,0.1,0,0
151,workload_burst,monte_carlo,0.0,0.0,129.6,0.1,0,0
152,workload_burst,monte_carlo,0.0,0.0,129.6,0.1,0,0
153,workload_burst,monte_carlo,0.0,0.0,129.6,0.1,0,0
154,workload_burst,monte_carlo,0.0,0.0,129.6,0.1,0,0
155,workload_burst,monte_carlo,0.0,0.0,129.6,0.1,0,0
156,workload_burst,monte_carlo,0.0,0.0,129.6,0.1,0,0
157,workload_burst,monte_carlo,0.0,0.0,129.6,0.1,0,0
158,workload_burst,monte_carlo,0.0,0.0,129.6,0.1,0,0
159,workload_burst,monte_carlo,0.0,0.0,129.6,0.1,0,0
160,workload_burst,monte_carlo,0.0,0.0,129.6,0.1,0,0
161,workload_burst,monte_carlo,0.0,0.0,129.6,0.1,0,0
162,workload_burst,monte_carlo,0.0,0.0,129.6,0.1,0,0
163,workload_burst,monte_carlo,0.0,0.0,129.6,0.1,0,0
164,workload_burst,monte_carlo,0.0,0.0,129.6,0.1,0,0
165,workload_burst,monte_carlo,0.0,0.0,129.6,0.1,0,0
166,workload_burst,monte_carlo,0.0,0.0,129.6,0.1,0,0
167,workload_burst,monte_carlo,0.0,0.0,129.6,0.1,0,0
168,workload_burst,monte_carlo,0.0,0.0,129.6,0.1,0,0
169,workload_burst,monte_carlo,0.0,0.0,129.6,0.1,0,0
170,workload_burst,monte_carlo,0.3639,2.1415,129.6,-0.9052,0,0
171,workload_burst,monte_carlo,0.3511,1.8622,129.6,0.2358,0,0
172,workload_burst,monte_carlo,0.4301,2.8057,129.6,-0.3785,0,0
173,workload_burst,monte_carlo,2.0578,6.5668,32.4,-0.2569,0,7
174,workload_burst,monte_carlo,1.3658,4.3406,129.6,1.0813,0,0
175,workload_burst,monte_carlo,0.8863,4.6909,129.6,-0.0917,0,0
176,workload_burst,monte_carlo,0.7312,3.172,129.6,0.8487,0,0
177,workload_burst,monte_carlo,0.5871,3.6289,129.6,-0.1385,0,0
178,workload_burst,monte_carlo,0.5587,3.966,129.6,-0.08,0,0
179,workload_burst,monte_carlo,0.7033,5.3511,129.6,-0.611,0,0
180,workload_burst,monte_carlo,0.5597,3.1975,129.6,1.092,0,0
181,workload_burst,monte_carlo,0.6163,4.6311,129.6,-0.6324,0,0
182,workload_burst,monte_carlo,0.5137,2.2778,129.6,1.0945,0,0
183,workload_burst,monte_carlo,0.4933,3.9437,129.6,-0.7427,0,0
184,workload_burst,monte_carlo,0.4218,1.9459,129.6,1.0946,0,0
185,workload_burst,monte_carlo,0.0944,0.7381,99.42,0.9131,0,5
186,workload_burst,monte_carlo,0.0,0.0,129.6,0.469,0,0
187,workload_burst,monte_carlo,0.0,0.0,129.6,0.1,0,0
188,workload_burst,monte_carlo,0.0,0.0,129.6,0.1,0,0
189,workload_burst,monte_carlo,0.0,0.0,129.6,0.1,0,0
190,workload_burst,monte_carlo,0.0,0.0,129.6,0.1,0,0
191,workload_burst,monte_carlo,0.0,0.0,129.6,0.1,0,0
192,workload_burst,monte_carlo,0.0,0.0,129.6,0.1,0,0
193,workload_burst,monte_carlo,0.0,0.0,129.6,0.1,0,0
194,workload_burst,monte_carlo,0.0,0.0,129.6,0.1,0,0
195,workload_burst,monte_carlo,0.0,0.0,129.6,0.1,0,0
196,workload_burst,monte_carlo,0.0,0.0,129.6,0.1,0,0
197,workload_burst,monte_carlo,0.0,0.0,129.6,0.1,0,0
198,workload_burst,monte_carlo,0.0,0.0,129.6,0.1,0,0
199,workload_burst,monte_carlo,0.0,0.0,129.6,0.1,0,0
200,workload_burst,monte_carlo,0.0,0.0,129.6,0.1,0,0
201,workload_burst,monte_carlo,0.0,0.0,129.6,0.1,0,0
202,workload_burst,monte_carlo,0.0,0.0,129.6,0.1,0,0
203,workload_burst,monte_carlo,0.0,0.0,129.6,0.1,0,0
204,workload_burst,monte_carlo,0.0,0.0,129.6,0.1,0,0
205,workload_burst,monte_carlo,0.0,0.0,129.6,0.1,0,0
206,workload_burst,monte_carlo,0.0,0.0,129.6,0.1,0,0
207,workload_burst,monte_carlo,0.0,0.0,129.6,0.1,0,0
208,workload_burst,monte_carlo,0.0,0.0,129.6,0.1,0,0
209,workload_burst,monte_carlo,0.0,0.0,129.6,0.1,0,0
210,workload_burst,monte_carlo,0.0,0.0,129.6,0.1,0,0
211,workload_burst,monte_carlo,0.0,0.0,129.6,0.1,0,0
212,workload_burst,monte_carlo,0.0,0.0,129.6,0.1,0,0
213,workload_burst,monte_carlo,0.0,0.0,129.6,0.1,0,0
214,workload_burst,monte_carlo,0.0,0.0,129.6,0.1,0,0
215,workload_burst,monte_carlo,0.0,0.0,129.6,0.1,0,0
216,workload_burst,monte_carlo,0.0,0.0,129.6,0.1,0,0
217,workload_burst,monte_carlo,0.0,0.0,129.6,0.1,0,0
218,workload_burst,monte_carlo,0.0,0.0,129.6,0.1,0,0
219,workload_burst,monte_carlo,0.0,0.0,129.6,0.1,0,0
220,workload_burst,monte_carlo,0.3784,2.2087,129.6,-0.9053,0,0
221,workload_burst,monte_carlo,0.3267,2.1851,129.6,0.1079,0,0
222,workload_burst,monte_carlo,0.6449,3.4447,129.6,-0.5431,0,0
223,workload_burst,monte_carlo,0.6293,4.4189,129.6,-0.4004,0,0
224,workload_burst,monte_carlo,0.5465,5.644,129.6,-0.5244,0,0
225,workload_burst,monte_carlo,0.8045,7.3357,129.6,-0.7715,0,0
226,workload_burst,monte_carlo,1.1137,8.9401,129.6,-0.7462,0,0
227,workload_burst,monte_carlo,0.9728,8.7652,129.6,0.1597,0,0
228,workload_burst,monte_carlo,0.9465,8.9615,129.6,-0.0365,0,0
229,workload_burst,monte_carlo,1.052,9.9416,129.6,-0.4321,0,0
230,workload_burst,monte_carlo,1.0213,7.3443,129.6,1.0718,0,0
231,workload_burst,monte_carlo,1.1458,5.2322,113.4,1.19,0,4
232,workload_burst,monte_carlo,0.9345,5.9991,129.6,-0.3115,0,0
233,workload_burst,monte_carlo,0.7072,6.4125,129.6,-0.1243,0,0
234,workload_burst,monte_carlo,0.6241,4.7415,129.6,0.9225,0,0
235,workload_burst,monte_carlo,0.133,2.6137,129.6,1.0975,0,0
236,workload_burst,monte_carlo,0.0185,0.6653,129.6,1.0741,0,0
237,workload_burst,monte_carlo,0.0,0.0,129.6,0.4327,0,0
238,workload_burst,monte_carlo,0.0,0.0,129.6,0.1,0,0
239,workload_burst,monte_carlo,0.0,0.0,129.6,0.1,0,0
240,workload_burst,monte_carlo,0.0,0.0,129.6,0.1,0,0
241,workload_burst,monte_carlo,0.0,0.0,129.6,0.1,0,0
242,workload_burst,monte_carlo,0.0,0.0,129.6,0.1,0,0
243,workload_burst,monte_carlo,0.0,0.0,129.6,0.1,0,0
244,workload_burst,monte_carlo,0.0,0.0,129.6,0.1,0,0
245,workload_burst,monte_carlo,0.0,0.0,129.6,0.1,0,0
246,workload_burst,monte_carlo,0.0,0.0,129.6,0.1,0,0
247,workload_burst,monte_carlo,0.0,0.0,129.6,0.1,0,0
248,workload_burst,monte_carlo,0.0,0.0,129.6,0.1,0,0
249,workload_burst,monte_carlo,0.0,0.0,129.6,0.1,0,0
250,workload_burst,monte_carlo,0.0,0.0,129.6,0.1,0,0
251,workload_burst,monte_carlo,0.0,0.0,129.6,0.1,0,0
252,workload_burst,monte_carlo,0.0,0.0,129.6,0.1,0,0
253,workload_burst,monte_carlo,0.0,0.0,129.6,0.1,0,0
254,workload_burst,monte_carlo,0.0,0.0,129.6,0.1,0,0
255,workload_burst,monte_carlo,0.0,0.0,129.6,0.1,0,0
256,workload_burst,monte_carlo,0.0,0.0,129.6,0.1,0,0
257,workload_burst,monte_carlo,0.0,0.0,129.6,0.1,0,0
258,workload_burst,monte_carlo,0.0,0.0,129.6,0.1,0,0
259,workload_burst,monte_carlo,0.0,0.0,129.6,0.1,0,0
260,workload_burst,monte_carlo,0.0,0.0,129.6,0.1,0,0
261,workload_burst,monte_carlo,0.0,0.0,129.6,0.1,0,0
262,workload_burst,monte_carlo,0.0,0.0,129.6,0.1,0,0
263,workload_burst,monte_carlo,0.0,0.0,129.6,0.1,0,0
264,workload_burst,monte_carlo,0.0,0.0,129.6,0.1,0,0
265,workload_burst,monte_carlo,0.0,0.0,129.6,0.1,0,0
266,workload_burst,monte_carlo,0.0,0.0,129.6,0.1,0,0
267,workload_burst,monte_carlo,0.0,0.0,129.6,0.1,0,0
268,workload_burst,monte_carlo,0.0,0.0,129.6,0.1,0,0
269,workload_burst,monte_carlo,0.0,0.0,129.6,0.1,0,0
270,workload_burst,monte_carlo,0.2711,2.0004,129.6,-0.9029,0,0
271,workload_burst,monte_carlo,0.5833,4.5968,99.66,-0.7043,0,5
272,workload_burst,monte_carlo,0.4966,2.5018,129.6,1.0944,0,0
273,workload_burst,monte_carlo,0.6973,3.7824,129.6,-0.5562,0,0
274,workload_burst,monte_carlo,0.5559,1.9514,129.6,1.0102,0,0
275,workload_burst,monte_carlo,0.4022,2.5535,129.6,-0.2069,0,0
276,workload_burst,monte_carlo,0.498,4.1733,129.6,-0.7196,0,0
277,workload_burst,monte_carlo,0.4118,3.3736,129.6,0.4928,0,0
278,workload_burst,monte_carlo,0.5824,4.3892,129.6,-0.4206,0,0
279,workload_burst,monte_carlo,0.4172,2.6332,129.6,0.9727,0,0
280,workload_burst,monte_carlo,2.0662,6.0539,32.4,-0.2495,0,7
281,workload_burst,monte_carlo,1.3872,6.8433,129.6,-0.3262,0,0
282,workload_burst,monte_carlo,1.5615,6.2772,87.48,0.6359,0,6
283,workload_burst,monte_carlo,1.056,4.1756,129.6,1.0797,0,0
284,workload_burst,monte_carlo,0.9856,5.9585,129.6,-0.8136,0,0
285,workload_burst,monte_carlo,0.2946,3.6731,129.6,1.0945,0,0
286,workload_burst,monte_carlo,0.0618,1.6976,129.6,1.0869,0,0
287,workload_burst,monte_carlo,0.0,0.0,129.6,0.9488,0,0
288,workload_burst,monte_carlo,0.0,0.0,129.6,0.1,0,0
289,workload_burst,monte_carlo,0.0,0.0,129.6,0.1,0,0
290,workload_burst,monte_carlo,0.0,0.0,129.6,0.1,0,0
291,workload_burst,monte_carlo,0.0,0.0,129.6,0.1,0,0
292,workload_burst,monte_carlo,0.0,0.0,129.6,0.1,0,0
293,workload_burst,monte_carlo,0.0,0.0,129.6,0.1,0,0
294,workload_burst,monte_carlo,0.0,0.0,129.6,0.1,0,0
295,workload_burst,monte_carlo,0.0,0.0,129.6,0.1,0,0
296,workload_burst,monte_carlo,0.0,0.0,129.6,0.1,0,0
297,workload_burst,monte_carlo,0.0,0.0,129.6,0.1,0,0
298,workload_burst,monte_carlo,0.0,0.0,129.6,0.1,0,0
299,workload_burst,monte_carlo,0.0,0.0,129.6,0.1,0,0
300,workload_burst,monte_carlo,0.0,0.0,129.6,0.1,0,0
301,workload_burst,monte_carlo,0.0,0.0,129.6,0.1,0,0
302,workload_burst,monte_carlo,0.0,0.0,129.6,0.1,0,0
303,workload_burst,monte_carlo,0.0,0.0,129.6,0.1,0,0
304,workload_burst,monte_carlo,0.0,0.0,129.6,0.1,0,0
305,workload_burst,monte_carlo,0.0,0.0,129.6,0.1,0,0
306,workload_burst,monte_carlo,0.0,0.0,129.6,0.1,0,0
307,workload_burst,monte_carlo,0.0,0.0,129.6,0.1,0,0
308,workload_burst,monte_carlo,0.0,0.0,129.6,0.1,0,0
309,workload_burst,monte_carlo,0.0,0.0,129.6,0.1,0,0
310,workload_burst,monte_carlo,0.0,0.0,129.6,0.1,0,0
311,workload_burst,monte_carlo,0.0,0.0,129.6,0.1,0,0
312,workload_burst,monte_carlo,0.0,0.0,129.6,0.1,0,0
313,workload_burst,monte_carlo,0.0,0.0,129.6,0.1,0,0
314,workload_burst,monte_carlo,0.0,0.0,129.6,0.1,0,0
315,workload_burst,monte_carlo,0.0,0.0,129.6,0.1,0,0
316,workload_burst,monte_carlo,0.0,0.0,129.6,0.1,0,0
317,workload_burst,monte_carlo,0.0,0.0,129.6,0.1,0,0
318,workload_burst,monte_carlo,0.0,0.0,129.6,0.1,0,0
319,workload_burst,monte_carlo,0.0,0.0,129.6,0.1,0,0
320,workload_burst,monte_carlo,0.3494,2.2805,129.6,-0.9043,0,0
321,workload_burst,monte_carlo,0.5964,3.2527,129.6,-0.398,0,0
322,workload_burst,monte_carlo,0.6112,4.7191,129.6,-0.646,0,0
323,workload_burst,monte_carlo,0.5632,3.0796,129.6,0.9117,0,0
324,workload_burst,monte_carlo,0.583,4.4587,129.6,-0.6014,0,0
325,workload_burst,monte_carlo,2.152,5.5334,32.4,0.2085,0,7
326,workload_burst,monte_carlo,1.5782,6.2949,129.6,-0.3302,0,0
327,workload_burst,monte_carlo,1.3453,7.4869,129.6,-0.5327,0,0
328,workload_burst,monte_carlo,1.1722,4.8844,129.6,1.0765,0,0
329,workload_burst,monte_carlo,0.8518,6.644,129.6,-0.7985,0,0
330,workload_burst,monte_carlo,0.9632,4.7898,99.66,1.2158,0,5
331,workload_burst,monte_carlo,0.7334,5.5486,129.6,-0.296,0,0
332,workload_burst,monte_carlo,0.7257,5.7328,129.6,-0.0115,0,0
333,workload_burst,monte_carlo,1.0285,5.9422,99.66,0.182,0,5
334,workload_burst,monte_carlo,0.8226,6.2765,129.6,-0.0868,0,0
335,workload_burst,monte_carlo,0.2281,3.7945,129.6,1.0949,0,0
336,workload_burst,monte_carlo,0.0417,1.5001,129.6,1.0994,0,0
337,workload_burst,monte_carlo,0.0,0.0,129.6,0.85,0,0
338,workload_burst,monte_carlo,0.0,0.0,129.6,0.1,0,0
339,workload_burst,monte_carlo,0.0,0.0,129.6,0.1,0,0
340,workload_burst,monte_carlo,0.0,0.0,129.6,0.1,0,0
341,workload_burst,monte_carlo,0.0,0.0,129.6,0.1,0,0
342,workload_burst,monte_carlo,0.0,0.0,129.6,0.1,0,0
343,workload_burst,monte_carlo,0.0,0.0,129.6,0.1,0,0
344,workload_burst,monte_carlo,0.0,0.0,129.6,0.1,0,0
345,workload_burst,monte_carlo,0.0,0.0,129.6,0.1,0,0
346,workload_burst,monte_carlo,0.0,0.0,129.6,0.1,0,0
347,workload_burst,monte_carlo,0.0,0.0,129.6,0.1,0,0
348,workload_burst,monte_carlo,0.0,0.0,129.6,0.1,0,0
349,workload_burst,monte_carlo,0.0,0.0,129.6,0.1,0,0
350,workload_burst,monte_carlo,0.0,0.0,129.6,0.1,0,0
351,workload_burst,monte_carlo,0.0,0.0,129.6,0.1,0,0
352,workload_burst,monte_carlo,0.0,0.0,129.6,0.1,0,0
353,workload_burst,monte_carlo,0.0,0.0,129.6,0.1,0,0
354,workload_burst,monte_carlo,0.0,0.0,129.6,0.1,0,0
355,workload_burst,monte_carlo,0.0,0.0,129.6,0.1,0,0
356,workload_burst,monte_carlo,0.0,0.0,129.6,0.1,0,0
357,workload_burst,monte_carlo,0.0,0.0,129.6,0.1,0,0
358,workload_burst,monte_carlo,0.0,0.0,129.6,0.1,0,0
359,workload_burst,monte_carlo,0.0,0.0,129.6,0.1,0,0
360,workload_burst,monte_carlo,0.0,0.0,129.6,0.1,0,0
361,workload_burst,monte_carlo,0.0,0.0,129.6,0.1,0,0
362,workload_burst,monte_carlo,0.0,0.0,129.6,0.1,0,0
363,workload_burst,monte_carlo,0.0,0.0,129.6,0.1,0,0
364,workload_burst,monte_carlo,0.0,0.0,129.6,0.1,0,0
365,workload_burst,monte_carlo,0.0,0.0,129.6,0.1,0,0
366,workload_burst,monte_carlo,0.0,0.0,129.6,0.1,0,0
367,workload_burst,monte_carlo,0.0,0.0,129.6,0.1,0,0
368,workload_burst,monte_carlo,0.0,0.0,129.6,0.1,0,0
369,workload_burst,monte_carlo,0.0,0.0,129.6,0.1,0,0
370,workload_burst,monte_carlo,0.2664,1.7454,129.6,-0.7754,0,0
371,workload_burst,monte_carlo,0.3188,1.866,129.6,0.036,0,0
372,workload_burst,monte_carlo,0.4234,3.6415,129.6,-0.7965,0,0
373,workload_burst,monte_carlo,0.6271,4.6443,129.6,-0.4164,0,0
374,workload_burst,monte_carlo,0.5559,3.4743,129.6,0.6767,0,0
375,workload_burst,monte_carlo,0.5351,4.848,129.6,-0.5973,0,0
376,workload_burst,monte_carlo,0.4903,4.9422,129.6,0.0417,0,0
377,workload_burst,monte_carlo,0.519,5.2952,129.6,-0.0878,0,0
378,workload_burst,monte_carlo,0.5758,6.7005,129.6,-0.62,0,0
379,workload_burst,monte_carlo,0.8225,6.7359,129.6,0.0567,0,0
380,workload_burst,monte_carlo,0.7618,4.4621,129.6,1.0813,0,0
381,workload_burst,monte_carlo,2.4818,8.7594,32.4,-0.2673,0,7
382,workload_burst,monte_carlo,1.6423,6.5005,129.6,1.0724,0,0
383,workload_burst,monte_carlo,1.077,5.3243,129.6,0.6648,0,0
384,workload_burst,monte_carlo,1.1759,6.1561,99.66,-0.1404,0,5
385,workload_burst,monte_carlo,0.4852,3.6726,129.6,1.0899,0,0
386,workload_burst,monte_carlo,0.1182,1.4903,129.6,1.0987,0,0
387,workload_burst,monte_carlo,0.0,0.0,129.6,0.8451,0,0
388,workload_burst,monte_carlo,0.0,0.0,129.6,0.1,0,0
389,workload_burst,monte_carlo,0.0,0.0,129.6,0.1,0,0
390,workload_burst,monte_carlo,0.0,0.0,129.6,0.1,0,0
391,workload_burst,monte_carlo,0.0,0.0,129.6,0.1,0,0
392,workload_burst,monte_carlo,0.0,0.0,129.6,0.1,0,0
393,workload_burst,monte_carlo,0.0,0.0,129.6,0.1,0,0
394,workload_burst,monte_carlo,0.0,0.0,129.6,0.1,0,0
395,workload_burst,monte_carlo,0.0,0.0,129.6,0.1,0,0
396,workload_burst,monte_carlo,0.0,0.0,129.6,0.1,0,0
397,workload_burst,monte_carlo,0.0,0.0,129.6,0.1,0,0
398,workload_burst,monte_carlo,0.0,0.0,129.6,0.1,0,0
399,workload_burst,monte_carlo,0.0,0.0,129.6,0.1,0,0
400,workload_burst,monte_carlo,0.0,0.0,129.6,0.1,0,0
401,workload_burst,monte_carlo,0.0,0.0,129.6,0.1,0,0
402,workload_burst,monte_carlo,0.0,0.0,129.6,0.1,0,0
403,workload_burst,monte_carlo,0.0,0.0,129.6,0.1,0,0
404,workload_burst,monte_carlo,0.0,0.0,129.6,0.1,0,0
405,workload_burst,monte_carlo,0.0,0.0,129.6,0.1,0,0
406,workload_burst,monte_carlo,0.0,0.0,129.6,0.1,0,0
407,workload_burst,monte_carlo,0.0,0.0,129.6,0.1,0,0
408,workload_burst,monte_carlo,0.0,0.0,129.6,0.1,0,0
409,workload_burst,monte_carlo,0.0,0.0,129.6,0.1,0,0
410,workload_burst,monte_carlo,0.0,0.0,129.6,0.1,0,0
411,workload_burst,monte_carlo,0.0,0.0,129.6,0.1,0,0
412,workload_burst,monte_carlo,0.0,0.0,129.6,0.1,0,0
413,workload_burst,monte_carlo,0.0,0.0,129.6,0.1,0,0
414,workload_burst,monte_carlo,0.0,0.0,129.6,0.1,0,0
415,workload_burst,monte_carlo,0.0,0.0,129.6,0.1,0,0
416,workload_burst,monte_carlo,0.0,0.0,129.6,0.1,0,0
417,workload_burst,monte_carlo,0.0,0.0,129.6,0.1,0,0
418,workload_burst,monte_carlo,0.0,0.0,129.6,0.1,0,0
419,workload_burst,monte_carlo,0.0,0.0,129.6,0.1,0,0
420,workload_burst,monte_carlo,0.3541,2.3263,129.6,-0.9047,0,0
421,workload_burst,monte_carlo,0.3227,2.1511,129.6,0.1838,0,0
422,workload_burst,monte_carlo,0.4472,3.6449,129.6,-0.6546,0,0
423,workload_burst,monte_carlo,0.6839,3.7883,129.6,0.0136,0,0
424,workload_burst,monte_carlo,0.8434,4.9552,129.6,-0.5085,0,0
425,workload_burst,monte_carlo,0.7777,5.7489,129.6,-0.3124,0,0
426,workload_burst,monte_carlo,0.7097,6.9478,129.6,-0.5224,0,0
427,workload_burst,monte_carlo,0.6481,4.5542,129.6,1.089,0,0
428,workload_burst,monte_carlo,0.7642,5.9816,129.6,-0.6362,0,0
429,workload_burst,monte_carlo,0.8457,5.7613,129.6,0.1882,0,0
430,workload_burst,monte_carlo,1.0172,7.1844,129.6,-0.6478,0,0
431,workload_burst,monte_carlo,0.8357,4.783,129.6,1.0878,0,0
432,workload_burst,monte_carlo,0.5298,3.8618,129.6,0.5517,0,0
433,workload_burst,monte_carlo,0.5261,3.6204,129.6,0.2117,0,0
434,workload_burst,monte_carlo,0.473,4.3494,129.6,-0.2731,0,0
435,workload_burst,monte_carlo,0.0807,2.1252,129.6,1.0987,0,0
436,workload_burst,monte_carlo,0.0024,0.0871,129.6,1.1,0,0
437,workload_burst,monte_carlo,0.0,0.0,129.6,0.1435,0,0
438,workload_burst,monte_carlo,0.0,0.0,129.6,0.1,0,0
439,workload_burst,monte_carlo,0.0,0.0,129.6,0.1,0,0
440,workload_burst,monte_carlo,0.0,0.0,129.6,0.1,0,0
441,workload_burst,monte_carlo,0.0,0.0,129.6,0.1,0,0
442,workload_burst,monte_carlo,0.0,0.0,129.6,0.1,0,0
443,workload_burst,monte_carlo,0.0,0.0,129.6,0.1,0,0
444,workload_burst,monte_carlo,0.0,0.0,129.6,0.1,0,0
445,workload_burst,monte_carlo,0.0,0.0,129.6,0.1,0,0
446,workload_burst,monte_carlo,0.0,0.0,129.6,0.1,0,0
447,workload_burst,monte_carlo,0.0,0.0,129.6,0.1,0,0
448,workload_burst,monte_carlo,0.0,0.0,129.6,0.1,0,0
449,workload_burst,monte_carlo,0.0,0.0,129.6,0.1,0,0
450,workload_burst,monte_carlo,0.0,0.0,129.6,0.1,0,0
451,workload_burst,monte_carlo,0.0,0.0,129.6,0.1,0,0
452,workload_burst,monte_carlo,0.0,0.0,129.6,0.1,0,0
453,workload_burst,monte_carlo,0.0,0.0,129.6,0.1,0,0
454,workload_burst,monte_carlo,0.0,0.0,129.6,0.1,0,0
455,workload_burst,monte_carlo,0.0,0.0,129.6,0.1,0,0
456,workload_burst,monte_carlo,0.0,0.0,129.6,0.1,0,0
457,workload_burst,monte_carlo,0.0,0.0,129.6,0.1,0,0
458,workload_burst,monte_carlo,0.0,0.0,129.6,0.1,0,0
459,workload_burst,monte_carlo,0.0,0.0,129.6,0.1,0,0
460,workload_burst,monte_carlo,0.0,0.0,129.6,0.1,0,0
461,workload_burst,monte_carlo,0.0,0.0,129.6,0.1,0,0
462,workload_burst,monte_carlo,0.0,0.0,129.6,0.1,0,0
463,workload_burst,monte_carlo,0.0,0.0,129.6,0.1,0,0
464,workload_burst,monte_carlo,0.0,0.0,129.6,0.1,0,0
465,workload_burst,monte_carlo,0.0,0.0,129.6,0.1,0,0
466,workload_burst,monte_carlo,0.0,0.0,129.6,0.1,0,0
467,workload_burst,monte_carlo,0.0,0.0,129.6,0.1,0,0
468,workload_burst,monte_carlo,0.0,0.0,129.6,0.1,0,0
469,workload_burst,monte_carlo,0.0,0.0,129.6,0.1,0,0
470,workload_burst,monte_carlo,0.2824,2.0725,129.6,-0.9031,0,0
471,workload_burst,monte_carlo,0.3864,2.3992,129.6,-0.0693,0,0
472,workload_burst,monte_carlo,0.8425,5.3247,113.4,-0.8101,0,3
473,workload_burst,monte_carlo,0.821,5.7238,129.6,-0.1231,0,0
474,workload_burst,monte_carlo,1.0279,6.2587,129.6,-0.2057,0,0
475,workload_burst,monte_carlo,0.8318,3.9123,129.6,1.0864,0,0
476,workload_burst,monte_carlo,1.0297,4.2053,113.4,0.0487,0,4
477,workload_burst,monte_carlo,0.6049,3.7328,129.6,0.3289,0,0
478,workload_burst,monte_carlo,0.4042,4.1857,129.6,-0.1338,0,0
479,workload_burst,monte_carlo,0.4976,5.7493,129.6,-0.6946,0,0
480,workload_burst,monte_carlo,1.0178,4.4366,87.48,1.0249,0,6
481,workload_burst,monte_carlo,0.8884,5.3863,129.6,-0.3941,0,0
482,workload_burst,monte_carlo,0.6471,3.9094,129.6,0.828,0,0
483,workload_burst,monte_carlo,0.4982,2.8824,129.6,0.6069,0,0
484,workload_burst,monte_carlo,0.3661,2.2082,129.6,0.4325,0,0
485,workload_burst,monte_carlo,0.0024,0.0488,129.6,1.1,0,0
486,workload_burst,monte_carlo,0.0,0.0,129.6,0.1244,0,0
487,workload_burst,monte_carlo,0.0,0.0,129.6,0.1,0,0
488,workload_burst,monte_carlo,0.0,0.0,129.6,0.1,0,0
489,workload_burst,monte_carlo,0.0,0.0,129.6,0.1,0,0
490,workload_burst,monte_carlo,0.0,0.0,129.6,0.1,0,0
491,workload_burst,monte_carlo,0.0,0.0,129.6,0.1,0,0
492,workload_burst,monte_carlo,0.0,0.0,129.6,0.1,0,0
493,workload_burst,monte_carlo,0.0,0.0,129.6,0.1,0,0
494,workload_burst,monte_carlo,0.0,0.0,129.6,0.1,0,0
495,workload_burst,monte_carlo,0.0,0.0,129.6,0.1,0,0
496,workload_burst,monte_carlo,0.0,0.0,129.6,0.1,0,0
497,workload_burst,monte_carlo,0.0,0.0,129.6,0.1,0,0
498,workload_burst,monte_carlo,0.0,0.0,129.6,0.1,0,0
499,workload_burst,monte_carlo,0.0,0.0,129.6,0.1,0,0
500,workload_burst,monte_carlo,0.0,0.0,129.6,0.1,0,0
1,moving_hotspot,monte_carlo,19.4008,23.0333,129.6,-0.429,0,0
2,moving_hotspot,monte_carlo,16.9573,22.4506,129.6,0.3593,0,0
3,moving_hotspot,monte_carlo,14.6749,21.5857,129.6,0.4823,0,0
4,moving_hotspot,monte_carlo,12.5038,19.1638,129.6,1.0358,0,0
5,moving_hotspot,monte_carlo,10.3135,16.7656,129.6,1.0232,0,0
6,moving_hotspot,monte_carlo,8.3654,13.8511,129.6,1.0198,0,0
7,moving_hotspot,monte_carlo,6.6609,13.1936,129.6,0.3217,0,0
8,moving_hotspot,monte_carlo,5.069,12.9494,129.6,0.0796,0,0
9,moving_hotspot,monte_carlo,3.5724,12.1004,129.6,0.3581,0,0
10,moving_hotspot,monte_carlo,2.9726,12.1514,129.6,-0.0776,0,0
11,moving_hotspot,monte_carlo,2.518,12.8233,129.6,-0.3852,0,0
12,moving_hotspot,monte_carlo,2.1624,12.7696,129.6,0.0009,0,0
13,moving_hotspot,monte_carlo,1.7262,10.1235,129.6,1.015,0,0
14,moving_hotspot,monte_carlo,1.1745,7.7086,129.6,1.0578,0,0
15,moving_hotspot,monte_carlo,0.8457,5.1107,129.6,1.0768,0,0
16,moving_hotspot,monte_carlo,0.7075,4.9222,129.6,0.1723,0,0
17,moving_hotspot,monte_carlo,0.6805,5.2842,129.6,-0.1049,0,0
18,moving_hotspot,monte_carlo,0.5811,5.5921,129.6,-0.072,0,0
19,moving_hotspot,monte_carlo,0.4134,3.9992,129.6,0.8868,0,0
20,moving_hotspot,monte_carlo,0.3464,4.5416,129.6,-0.1809,0,0
21,moving_hotspot,monte_carlo,0.4186,5.7381,129.6,-0.5127,0,0
22,moving_hotspot,monte_carlo,0.4051,6.0103,129.6,-0.0502,0,0
23,moving_hotspot,monte_carlo,0.3303,3.8993,129.6,1.0907,0,0
24,moving_hotspot,monte_carlo,0.2783,2.8136,129.6,0.6384,0,0
25,moving_hotspot,monte_carlo,0.1626,2.4035,129.6,0.3023,0,0
26,moving_hotspot,monte_carlo,0.0841,1.1594,129.6,0.7215,0,0
27,moving_hotspot,monte_carlo,0.1674,2.0853,129.6,-0.3649,0,0
28,moving_hotspot,monte_carlo,0.2098,2.5552,129.6,-0.1379,0,0
29,moving_hotspot,monte_carlo,0.2576,2.6866,129.6,0.0309,0,0
30,moving_hotspot,monte_carlo,0.3307,3.1661,129.6,-0.1462,0,0
31,moving_hotspot,monte_carlo,0.3732,4.0213,129.6,-0.3363,0,0
32,moving_hotspot,monte_carlo,0.3513,4.3114,129.6,-0.0523,0,0
33,moving_hotspot,monte_carlo,0.2567,2.9353,129.6,0.7838,0,0
34,moving_hotspot,monte_carlo,0.1036,1.4434,129.6,0.845,0,0
35,moving_hotspot,monte_carlo,0.1672,2.1852,129.6,-0.2734,0,0
36,moving_hotspot,monte_carlo,0.1802,2.5336,129.6,-0.0771,0,0
37,moving_hotspot,monte_carlo,0.2039,2.5836,129.6,0.0718,0,0
38,moving_hotspot,monte_carlo,0.194,2.4635,129.6,0.1571,0,0
39,moving_hotspot,monte_carlo,0.1645,2.4729,129.6,0.0928,0,0
40,moving_hotspot,monte_carlo,0.2207,3.0901,129.6,-0.214,0,0
41,moving_hotspot,monte_carlo,0.3136,4.2519,129.6,-0.4897,0,0
42,moving_hotspot,monte_carlo,0.2883,4.5752,129.6,-0.069,0,0
43,moving_hotspot,monte_carlo,0.2572,2.7588,129.6,1.0035,0,0
44,moving_hotspot,monte_carlo,0.2377,2.7792,129.6,0.0862,0,0
45,moving_hotspot,monte_carlo,0.1874,2.6879,129.6,0.1423,0,0
46,moving_hotspot,monte_carlo,0.0973,1.2056,129.6,0.8405,0,0
47,moving_hotspot,monte_carlo,0.1831,2.0082,129.6,-0.3034,0,0
48,moving_hotspot,monte_carlo,0.2127,2.3398,129.6,-0.0687,0,0
49,moving_hotspot,monte_carlo,0.2189,2.3567,129.6,0.0887,0,0
50,moving_hotspot,monte_carlo,0.2932,3.2384,129.6,-0.3465,0,0
51,moving_hotspot,monte_carlo,0.3468,3.9602,129.6,-0.2691,0,0
52,moving_hotspot,monte_carlo,0.3133,4.1535,129.6,-0.0029,0,0
53,moving_hotspot,monte_carlo,0.2559,2.4023,129.6,0.9719,0,0
54,moving_hotspot,monte_carlo,0.0939,1.4045,129.6,0.5981,0,0
55,moving_hotspot,monte_carlo,0.159,1.9632,129.6,-0.1815,0,0
56,moving_hotspot,monte_carlo,0.1851,2.6239,129.6,-0.2331,0,0
57,moving_hotspot,monte_carlo,0.1951,2.2755,129.6,0.2713,0,0
58,moving_hotspot,monte_carlo,0.2047,2.6811,129.6,-0.1061,0,0
59,moving_hotspot,monte_carlo,0.1912,2.6412,129.6,0.1166,0,0
60,moving_hotspot,monte_carlo,0.2244,3.4784,129.6,-0.3242,0,0
61,moving_hotspot,monte_carlo,0.313,4.0616,129.6,-0.2006,0,0
62,moving_hotspot,monte_carlo,0.3201,4.3446,129.6,-0.0491,0,0
63,moving_hotspot,monte_carlo,0.261,2.9883,129.6,0.7734,0,0
64,moving_hotspot,monte_carlo,0.2376,2.8479,129.6,0.1666,0,0
65,moving_hotspot,monte_carlo,0.1996,2.6304,129.6,0.2054,0,0
66,moving_hotspot,monte_carlo,0.1286,1.5962,129.6,0.616,0,0
67,moving_hotspot,monte_carlo,0.1854,1.8408,129.6,-0.0242,0,0
68,moving_hotspot,monte_carlo,0.1914,2.0521,129.6,-0.008,0,0
69,moving_hotspot,monte_carlo,0.2184,2.7397,129.6,-0.2469,0,0
70,moving_hotspot,monte_carlo,0.2931,3.2226,129.6,-0.147,0,0
71,moving_hotspot,monte_carlo,0.3473,3.9775,129.6,-0.2859,0,0
72,moving_hotspot,monte_carlo,0.3443,4.5227,129.6,-0.1803,0,0
73,moving_hotspot,monte_carlo,0.258,2.7805,129.6,0.9668,0,0
74,moving_hotspot,monte_carlo,0.1101,1.6866,129.6,0.6459,0,0
75,moving_hotspot,monte_carlo,0.1636,2.3419,129.6,-0.2304,0,0
76,moving_hotspot,monte_carlo,0.196,2.7219,129.6,-0.093,0,0
77,moving_hotspot,monte_carlo,0.1876,2.3041,129.6,0.3063,0,0
78,moving_hotspot,monte_carlo,0.1825,2.5108,129.6,-0.0061,0,0
79,moving_hotspot,monte_carlo,0.1636,2.5103,129.6,0.0974,0,0
80,moving_hotspot,monte_carlo,0.2181,3.4468,129.6,-0.374,0,0
81,moving_hotspot,monte_carlo,0.3058,4.2172,129.6,-0.2949,0,0
82,moving_hotspot,monte_carlo,0.2958,4.4054,129.6,-0.0014,0,0
83,moving_hotspot,monte_carlo,0.2441,2.709,129.6,0.9439,0,0
84,moving_hotspot,monte_carlo,0.1986,2.4229,129.6,0.2402,0,0
85,moving_hotspot,monte_carlo,0.1416,2.2523,129.6,0.1832,0,0
86,moving_hotspot,monte_carlo,0.0923,1.0337,129.6,0.7087,0,0
87,moving_hotspot,monte_carlo,0.2117,2.3702,129.6,-0.5708,0,0
88,moving_hotspot,monte_carlo,0.229,2.5575,129.6,0.003,0,0
89,moving_hotspot,monte_carlo,0.2132,2.652,129.6,0.0495,0,0
90,moving_hotspot,monte_carlo,0.3025,3.2978,129.6,-0.2289,0,0
91,moving_hotspot,monte_carlo,0.3752,3.8444,129.6,-0.1817,0,0
92,moving_hotspot,monte_carlo,0.3312,3.9679,129.6,0.0321,0,0
93,moving_hotspot,monte_carlo,0.2634,2.4912,129.6,0.8344,0,0
94,moving_hotspot,monte_carlo,0.0865,1.2254,129.6,0.7323,0,0
95,moving_hotspot,monte_carlo,0.1444,1.7576,129.6,-0.1678,0,0
96,moving_hotspot,monte_carlo,0.1671,2.3063,129.6,-0.1768,0,0
97,moving_hotspot,monte_carlo,0.178,2.2623,129.6,0.1194,0,0
98,moving_hotspot,monte_carlo,0.215,2.9645,129.6,-0.2549,0,0
99,moving_hotspot,monte_carlo,0.1794,2.5211,129.6,0.3187,0,0
100,moving_hotspot,monte_carlo,0.2177,3.3272,129.6,-0.3084,0,0
101,moving_hotspot,monte_carlo,0.3013,4.0674,129.6,-0.2788,0,0
102,moving_hotspot,monte_carlo,0.2826,4.5395,129.6,-0.1434,0,0
103,moving_hotspot,monte_carlo,0.2224,2.3812,129.6,1.0962,0,0
104,moving_hotspot,monte_carlo,0.1912,2.3793,129.6,0.0982,0,0
105,moving_hotspot,monte_carlo,0.1719,2.5758,129.6,-0.0011,0,0
106,moving_hotspot,monte_carlo,0.1149,1.507,129.6,0.6334,0,0
107,moving_hotspot,monte_carlo,0.1901,2.0832,129.6,-0.1904,0,0
108,moving_hotspot,monte_carlo,0.2019,2.2443,129.6,0.0169,0,0
109,moving_hotspot,monte_carlo,0.2203,2.7051,129.6,-0.1337,0,0
110,moving_hotspot,monte_carlo,0.3072,3.672,129.6,-0.3903,0,0
111,moving_hotspot,monte_carlo,0.3377,3.9573,129.6,-0.051,0,0
112,moving_hotspot,monte_carlo,0.3125,3.9849,129.6,0.0801,0,0
113,moving_hotspot,monte_carlo,0.2406,2.5899,129.6,0.7941,0,0
114,moving_hotspot,monte_carlo,0.0973,1.2009,129.6,0.7937,0,0
115,moving_hotspot,monte_carlo,0.1723,1.8515,129.6,-0.2274,0,0
116,moving_hotspot,monte_carlo,0.1965,2.618,129.6,-0.2863,0,0
117,moving_hotspot,monte_carlo,0.2135,2.517,129.6,0.1473,0,0
118,moving_hotspot,monte_carlo,0.19,2.6067,129.6,0.0524,0,0
119,moving_hotspot,monte_carlo,0.1668,2.383,129.6,0.2092,0,0
120,moving_hotspot,monte_carlo,0.2134,3.3468,129.6,-0.3869,0,0
121,moving_hotspot,monte_carlo,0.2944,3.9068,129.6,-0.1882,0,0
122,moving_hotspot,monte_carlo,0.2794,4.1799,129.6,-0.0433,0,0
123,moving_hotspot,monte_carlo,0.2501,2.7844,129.6,0.7932,0,0
124,moving_hotspot,monte_carlo,0.2035,2.6199,129.6,0.179,0,0
125,moving_hotspot,monte_carlo,0.1656,2.6422,129.6,0.0859,0,0
126,moving_hotspot,monte_carlo,0.116,1.6101,129.6,0.615,0,0
127,moving_hotspot,monte_carlo,0.1935,1.9611,129.6,-0.0778,0,0
128,moving_hotspot,monte_carlo,0.2071,2.4636,129.6,-0.1542,0,0
129,moving_hotspot,monte_carlo,0.2132,2.6066,129.6,0.0254,0,0
130,moving_hotspot,monte_carlo,0.2989,3.2,129.6,-0.2026,0,0
131,moving_hotspot,monte_carlo,0.3601,4.2362,129.6,-0.4273,0,0
132,moving_hotspot,monte_carlo,0.3516,4.4477,129.6,-0.013,0,0
133,moving_hotspot,monte_carlo,0.2657,2.5837,129.6,1.0276,0,0
134,moving_hotspot,monte_carlo,0.1033,1.3823,129.6,0.6999,0,0
135,moving_hotspot,monte_carlo,0.1651,2.1004,129.6,-0.2613,0,0
136,moving_hotspot,monte_carlo,0.1756,2.0795,129.6,0.108,0,0
137,moving_hotspot,monte_carlo,0.1656,2.4036,129.6,-0.0646,0,0
138,moving_hotspot,monte_carlo,0.1836,2.4869,129.6,0.0553,0,0
139,moving_hotspot,monte_carlo,0.1833,2.908,129.6,-0.1141,0,0
140,moving_hotspot,monte_carlo,0.2383,3.3508,129.6,-0.1276,0,0
141,moving_hotspot,monte_carlo,0.3197,4.4813,129.6,-0.4748,0,0
142,moving_hotspot,monte_carlo,0.2832,4.5808,129.6,0.0429,0,0
143,moving_hotspot,monte_carlo,0.2409,2.3363,129.6,1.0961,0,0
144,moving_hotspot,monte_carlo,0.1928,2.9199,129.6,-0.1953,0,0
145,moving_hotspot,monte_carlo,0.1734,2.2825,129.6,0.416,0,0
146,moving_hotspot,monte_carlo,0.1034,1.5592,129.6,0.4607,0,0
147,moving_hotspot,monte_carlo,0.2022,2.0021,129.6,-0.1238,0,0
148,moving_hotspot,monte_carlo,0.2308,2.8215,129.6,-0.3132,0,0
149,moving_hotspot,monte_carlo,0.2221,2.3914,129.6,0.3123,0,0
150,moving_hotspot,monte_carlo,0.2869,3.135,129.6,-0.2771,0,0
151,moving_hotspot,monte_carlo,0.3455,3.9783,129.6,-0.3301,0,0
152,moving_hotspot,monte_carlo,0.3233,4.2139,129.6,-0.0244,0,0
153,moving_hotspot,monte_carlo,0.2609,2.7899,129.6,0.8076,0,0
154,moving_hotspot,monte_carlo,0.0957,1.3331,129.6,0.8277,0,0
155,moving_hotspot,monte_carlo,0.1454,1.8854,129.6,-0.1782,0,0
156,moving_hotspot,monte_carlo,0.1834,2.4384,129.6,-0.1794,0,0
157,moving_hotspot,monte_carlo,0.1727,2.5362,129.6,0.0484,0,0
158,moving_hotspot,monte_carlo,0.1754,2.2565,129.6,0.2374,0,0
159,moving_hotspot,monte_carlo,0.1664,2.5973,129.6,-0.0734,0,0
160,moving_hotspot,monte_carlo,0.2248,3.2758,129.6,-0.2451,0,0
161,moving_hotspot,monte_carlo,0.3165,4.3182,129.6,-0.4306,0,0
162,moving_hotspot,monte_carlo,0.293,4.5406,129.6,-0.0186,0,0
163,moving_hotspot,monte_carlo,0.2238,2.3269,129.6,1.0965,0,0
164,moving_hotspot,monte_carlo,0.1839,1.9314,129.6,0.2956,0,0
165,moving_hotspot,monte_carlo,0.1623,2.3773,129.6,-0.1255,0,0
166,moving_hotspot,monte_carlo,0.1124,1.3606,129.6,0.6074,0,0
167,moving_hotspot,monte_carlo,0.2021,2.1671,129.6,-0.3059,0,0
168,moving_hotspot,monte_carlo,0.2157,2.3482,129.6,0.0067,0,0
169,moving_hotspot,monte_carlo,0.2017,2.3144,129.6,0.1147,0,0
170,moving_hotspot,monte_carlo,0.2852,2.9823,129.6,-0.2391,0,0
171,moving_hotspot,monte_carlo,0.3257,4.0301,129.6,-0.4317,0,0
172,moving_hotspot,monte_carlo,0.3277,4.2931,129.6,-0.0381,0,0
173,moving_hotspot,monte_carlo,0.2744,2.502,129.6,0.991,0,0
174,moving_hotspot,monte_carlo,0.1114,1.4267,129.6,0.6367,0,0
175,moving_hotspot,monte_carlo,0.1739,2.2004,129.6,-0.2895,0,0
176,moving_hotspot,monte_carlo,0.1982,2.4467,129.6,-0.026,0,0
177,moving_hotspot,monte_carlo,0.19,2.3574,129.6,0.1416,0,0
178,moving_hotspot,monte_carlo,0.1814,2.6456,129.6,-0.0469,0,0
179,moving_hotspot,monte_carlo,0.1634,2.1426,129.6,0.3491,0,0
180,moving_hotspot,monte_carlo,0.2082,3.137,129.6,-0.4019,0,0
181,moving_hotspot,monte_carlo,0.2705,3.6454,129.6,-0.1614,0,0
182,moving_hotspot,monte_carlo,0.266,4.07,129.6,-0.1182,0,0
183,moving_hotspot,monte_carlo,0.2349,2.5337,129.6,0.8644,0,0
184,moving_hotspot,monte_carlo,0.1708,2.5023,129.6,0.1131,0,0
185,moving_hotspot,monte_carlo,0.1624,2.6078,129.6,0.0444,0,0
186,moving_hotspot,monte_carlo,0.1081,1.1625,129.6,0.8219,0,0
187,moving_hotspot,monte_carlo,0.2079,2.267,129.6,-0.4549,0,0
188,moving_hotspot,monte_carlo,0.2259,2.8014,129.6,-0.1707,0,0
189,moving_hotspot,monte_carlo,0.2539,2.9552,129.6,0.0193,0,0
190,moving_hotspot,monte_carlo,0.3362,3.5134,129.6,-0.1857,0,0
191,moving_hotspot,monte_carlo,0.3735,4.6096,129.6,-0.4575,0,0
192,moving_hotspot,monte_carlo,0.341,4.7654,129.6,0.0143,0,0
193,moving_hotspot,monte_carlo,0.256,2.635,129.6,1.0957,0,0
194,moving_hotspot,monte_carlo,0.0842,1.1035,129.6,0.8652,0,0
195,moving_hotspot,monte_carlo,0.1457,1.9101,129.6,-0.3051,0,0
196,moving_hotspot,monte_carlo,0.1909,2.6353,129.6,-0.2658,0,0
197,moving_hotspot,monte_carlo,0.2134,2.8462,129.6,-0.009,0,0
198,moving_hotspot,monte_carlo,0.2124,2.6837,129.6,0.1781,0,0
199,moving_hotspot,monte_carlo,0.1731,2.5346,129.6,0.1717,0,0
200,moving_hotspot,monte_carlo,0.2049,2.9615,129.6,-0.118,0,0
201,moving_hotspot,monte_carlo,0.2818,3.8828,129.6,-0.3679,0,0
202,moving_hotspot,monte_carlo,0.2674,4.6466,129.6,-0.2889,0,0
203,moving_hotspot,monte_carlo,0.255,2.5425,129.6,1.0955,0,0
204,moving_hotspot,monte_carlo,0.2186,2.6135,129.6,0.0611,0,0
205,moving_hotspot,monte_carlo,0.1806,2.9509,129.6,-0.0722,0,0
206,moving_hotspot,monte_carlo,0.1074,1.1492,129.6,1.0001,0,0
207,moving_hotspot,monte_carlo,0.2026,1.939,129.6,-0.2972,0,0
208,moving_hotspot,monte_carlo,0.2256,2.3585,129.6,-0.1127,0,0
209,moving_hotspot,monte_carlo,0.2192,2.2306,129.6,0.1613,0,0
210,moving_hotspot,monte_carlo,0.3091,2.9289,129.6,-0.2541,0,0
211,moving_hotspot,monte_carlo,0.367,3.7611,129.6,-0.3242,0,0
212,moving_hotspot,monte_carlo,0.3434,4.2629,129.6,-0.158,0,0
213,moving_hotspot,monte_carlo,0.2554,2.8468,129.6,0.8036,0,0
214,moving_hotspot,monte_carlo,0.1016,1.3244,129.6,0.8603,0,0
215,moving_hotspot,monte_carlo,0.1717,2.3671,129.6,-0.4239,0,0
216,moving_hotspot,monte_carlo,0.1846,3.0945,129.6,-0.2673,0,0
217,moving_hotspot,monte_carlo,0.2131,2.647,129.6,0.3204,0,0
218,moving_hotspot,monte_carlo,0.2023,2.6586,129.6,0.091,0,0
219,moving_hotspot,monte_carlo,0.1931,2.3547,129.6,0.2488,0,0
220,moving_hotspot,monte_carlo,0.236,3.6103,129.6,-0.5336,0,0
221,moving_hotspot,monte_carlo,0.317,4.0102,129.6,-0.1089,0,0
222,moving_hotspot,monte_carlo,0.3129,4.4264,129.6,-0.1158,0,0
223,moving_hotspot,monte_carlo,0.252,3.0577,129.6,0.7797,0,0
224,moving_hotspot,monte_carlo,0.196,2.4733,129.6,0.3893,0,0
225,moving_hotspot,monte_carlo,0.1818,2.5979,129.6,0.0342,0,0
226,moving_hotspot,monte_carlo,0.1357,1.1396,129.6,0.8281,0,0
227,moving_hotspot,monte_carlo,0.2232,2.2156,129.6,-0.4408,0,0
228,moving_hotspot,monte_carlo,0.2339,2.6136,129.6,-0.1025,0,0
229,moving_hotspot,monte_carlo,0.2523,2.8576,129.6,-0.0255,0,0
230,moving_hotspot,monte_carlo,0.3116,3.1765,129.6,-0.0655,0,0
231,moving_hotspot,monte_carlo,0.3564,4.0387,129.6,-0.3395,0,0
232,moving_hotspot,monte_carlo,0.335,4.5911,129.6,-0.1839,0,0
233,moving_hotspot,monte_carlo,0.2462,2.8849,129.6,0.9486,0,0
234,moving_hotspot,monte_carlo,0.1253,1.4515,129.6,0.8157,0,0
235,moving_hotspot,monte_carlo,0.1848,2.1407,129.6,-0.2472,0,0
236,moving_hotspot,monte_carlo,0.2028,2.8031,129.6,-0.2347,0,0
237,moving_hotspot,monte_carlo,0.212,2.7439,129.6,0.126,0,0
238,moving_hotspot,monte_carlo,0.2067,2.8384,129.6,0.0492,0,0
239,moving_hotspot,monte_carlo,0.1799,2.6579,129.6,0.1872,0,0
240,moving_hotspot,monte_carlo,0.2151,3.0504,129.6,-0.1012,0,0
241,moving_hotspot,monte_carlo,0.3011,4.1849,129.6,-0.4753,0,0
242,moving_hotspot,monte_carlo,0.2919,4.6244,129.6,-0.1273,0,0
243,moving_hotspot,monte_carlo,0.2503,2.5975,129.6,1.0957,0,0
244,moving_hotspot,monte_carlo,0.1973,2.3503,129.6,0.221,0,0
245,moving_hotspot,monte_carlo,0.172,2.6459,129.6,-0.0508,0,0
246,moving_hotspot,monte_carlo,0.1226,1.5114,129.6,0.6662,0,0
247,moving_hotspot,monte_carlo,0.1988,2.1613,129.6,-0.2275,0,0
248,moving_hotspot,monte_carlo,0.2197,2.6906,129.6,-0.1679,0,0
249,moving_hotspot,monte_carlo,0.2291,2.5746,129.6,0.1547,0,0
250,moving_hotspot,monte_carlo,0.3196,3.492,129.6,-0.3655,0,0
251,moving_hotspot,monte_carlo,0.386,4.471,129.6,-0.3999,0,0
252,moving_hotspot,monte_carlo,0.3608,4.6423,129.6,0.0064,0,0
253,moving_hotspot,monte_carlo,0.2521,2.4256,129.6,1.0961,0,0
254,moving_hotspot,monte_carlo,0.0846,1.387,129.6,0.6185,0,0
255,moving_hotspot,monte_carlo,0.1736,2.1213,129.6,-0.2697,0,0
256,moving_hotspot,monte_carlo,0.1873,2.7052,129.6,-0.1951,0,0
257,moving_hotspot,monte_carlo,0.1968,2.442,129.6,0.2286,0,0
258,moving_hotspot,monte_carlo,0.1848,2.5521,129.6,0.0419,0,0
259,moving_hotspot,monte_carlo,0.1854,2.5038,129.6,0.121,0,0
260,moving_hotspot,monte_carlo,0.2285,3.6603,129.6,-0.4846,0,0
261,moving_hotspot,monte_carlo,0.2949,4.137,129.6,-0.1471,0,0
262,moving_hotspot,monte_carlo,0.2906,4.2809,129.6,0.0206,0,0
263,moving_hotspot,monte_carlo,0.2452,3.2754,129.6,0.5978,0,0
264,moving_hotspot,monte_carlo,0.1878,2.3388,129.6,0.5656,0,0
265,moving_hotspot,monte_carlo,0.1495,2.2487,129.6,0.1427,0,0
266,moving_hotspot,monte_carlo,0.1006,1.4094,129.6,0.5188,0,0
267,moving_hotspot,monte_carlo,0.2085,2.2747,129.6,-0.3354,0,0
268,moving_hotspot,monte_carlo,0.2327,2.6655,129.6,-0.0987,0,0
269,moving_hotspot,monte_carlo,0.256,2.7009,129.6,0.0787,0,0
270,moving_hotspot,monte_carlo,0.3196,3.348,129.6,-0.2301,0,0
271,moving_hotspot,monte_carlo,0.3868,4.5109,129.6,-0.491,0,0
272,moving_hotspot,monte_carlo,0.3394,4.5489,129.6,0.0734,0,0
273,moving_hotspot,monte_carlo,0.2644,2.8645,129.6,0.9376,0,0
274,moving_hotspot,monte_carlo,0.1223,1.322,129.6,0.8703,0,0
275,moving_hotspot,monte_carlo,0.1779,2.0782,129.6,-0.2806,0,0
276,moving_hotspot,monte_carlo,0.1821,2.5459,129.6,-0.1369,0,0
277,moving_hotspot,monte_carlo,0.1831,2.7344,129.6,0.0027,0,0
278,moving_hotspot,monte_carlo,0.1935,2.319,129.6,0.3048,0,0
279,moving_hotspot,monte_carlo,0.1478,2.6652,129.6,-0.0759,0,0
280,moving_hotspot,monte_carlo,0.2141,3.4026,129.6,-0.2744,0,0
281,moving_hotspot,monte_carlo,0.2913,4.0329,129.6,-0.2237,0,0
282,moving_hotspot,monte_carlo,0.2786,4.4068,129.6,-0.0939,0,0
283,moving_hotspot,monte_carlo,0.226,2.3774,129.6,1.0962,0,0
284,moving_hotspot,monte_carlo,0.1922,2.5111,129.6,0.03,0,0
285,moving_hotspot,monte_carlo,0.1772,2.8255,129.6,-0.0604,0,0
286,moving_hotspot,monte_carlo,0.1148,1.3987,129.6,0.8124,0,0
287,moving_hotspot,monte_carlo,0.1965,2.0196,129.6,-0.2127,0,0
288,moving_hotspot,monte_carlo,0.2099,2.1989,129.6,0.0076,0,0
289,moving_hotspot,monte_carlo,0.2477,2.7184,129.6,-0.1633,0,0
290,moving_hotspot,monte_carlo,0.3252,3.2508,129.6,-0.1724,0,0
291,moving_hotspot,monte_carlo,0.3578,4.0255,129.6,-0.2956,0,0
292,moving_hotspot,monte_carlo,0.3461,4.2603,129.6,-0.0243,0,0
293,moving_hotspot,monte_carlo,0.2565,2.7777,129.6,0.8372,0,0
294,moving_hotspot,monte_carlo,0.1202,1.8259,129.6,0.5746,0,0
295,moving_hotspot,monte_carlo,0.181,2.5356,129.6,-0.2576,0,0
296,moving_hotspot,monte_carlo,0.2014,2.581,129.6,0.0743,0,0
297,moving_hotspot,monte_carlo,0.1972,2.4036,129.6,0.1858,0,0
298,moving_hotspot,monte_carlo,0.1934,3.14,129.6,-0.2719,0,0
299,moving_hotspot,monte_carlo,0.1894,2.4594,129.6,0.4373,0,0
300,moving_hotspot,monte_carlo,0.2278,3.4108,129.6,-0.3813,0,0
301,moving_hotspot,monte_carlo,0.3081,4.2882,129.6,-0.3479,0,0
302,moving_hotspot,monte_carlo,0.2963,4.5147,129.6,-0.0206,0,0
303,moving_hotspot,monte_carlo,0.2409,2.6682,129.6,1.0191,0,0
304,moving_hotspot,monte_carlo,0.2127,2.7259,129.6,0.068,0,0
305,moving_hotspot,monte_carlo,0.1903,2.4306,129.6,0.2445,0,0
306,moving_hotspot,monte_carlo,0.1115,1.4839,129.6,0.5725,0,0
307,moving_hotspot,monte_carlo,0.1877,1.9951,129.6,-0.1579,0,0
308,moving_hotspot,monte_carlo,0.1943,2.3104,129.6,-0.0601,0,0
309,moving_hotspot,monte_carlo,0.2114,2.5905,129.6,-0.043,0,0
310,moving_hotspot,monte_carlo,0.2928,3.3349,129.6,-0.2782,0,0
311,moving_hotspot,monte_carlo,0.364,3.9683,129.6,-0.2255,0,0
312,moving_hotspot,monte_carlo,0.3591,4.2049,129.6,-0.0259,0,0
313,moving_hotspot,monte_carlo,0.2667,2.9272,129.6,0.7343,0,0
314,moving_hotspot,monte_carlo,0.1243,1.6911,129.6,0.7169,0,0
315,moving_hotspot,monte_carlo,0.1845,2.4989,129.6,-0.3068,0,0
316,moving_hotspot,monte_carlo,0.2127,2.598,129.6,0.047,0,0
317,moving_hotspot,monte_carlo,0.2043,2.8728,129.6,-0.0407,0,0
318,moving_hotspot,monte_carlo,0.1969,2.2802,129.6,0.3934,0,0
319,moving_hotspot,monte_carlo,0.1688,2.5876,129.6,-0.0565,0,0
320,moving_hotspot,monte_carlo,0.2229,3.1458,129.6,-0.1843,0,0
321,moving_hotspot,monte_carlo,0.2883,3.844,129.6,-0.2567,0,0
322,moving_hotspot,monte_carlo,0.28,4.0734,129.6,-0.021,0,0
323,moving_hotspot,monte_carlo,0.2313,2.7018,129.6,0.7819,0,0
324,moving_hotspot,monte_carlo,0.1738,2.2689,129.6,0.314,0,0
325,moving_hotspot,monte_carlo,0.1821,2.5272,129.6,-0.0321,0,0
326,moving_hotspot,monte_carlo,0.1023,1.2863,129.6,0.7197,0,0
327,moving_hotspot,monte_carlo,0.1951,2.0325,129.6,-0.2753,0,0
328,moving_hotspot,monte_carlo,0.2097,2.5485,129.6,-0.1608,0,0
329,moving_hotspot,monte_carlo,0.2245,2.5145,129.6,0.114,0,0
330,moving_hotspot,monte_carlo,0.3058,3.1033,129.6,-0.2003,0,0
331,moving_hotspot,monte_carlo,0.3477,4.1632,129.6,-0.4383,0,0
332,moving_hotspot,monte_carlo,0.3346,4.3864,129.6,-0.0185,0,0
333,moving_hotspot,monte_carlo,0.2738,2.4157,129.6,1.0813,0,0
334,moving_hotspot,monte_carlo,0.0865,1.3181,129.6,0.6481,0,0
335,moving_hotspot,monte_carlo,0.134,1.6996,129.6,-0.0924,0,0
336,moving_hotspot,monte_carlo,0.1685,2.0381,129.6,-0.0715,0,0
337,moving_hotspot,monte_carlo,0.1797,2.3839,129.6,-0.0757,0,0
338,moving_hotspot,monte_carlo,0.1967,2.576,129.6,0.001,0,0
339,moving_hotspot,monte_carlo,0.168,2.2798,129.6,0.2453,0,0
340,moving_hotspot,monte_carlo,0.2179,3.1981,129.6,-0.3641,0,0
341,moving_hotspot,monte_carlo,0.285,4.0843,129.6,-0.351,0,0
342,moving_hotspot,monte_carlo,0.2762,4.2809,129.6,-0.0047,0,0
343,moving_hotspot,monte_carlo,0.2237,2.4318,129.6,1.0211,0,0
344,moving_hotspot,monte_carlo,0.1892,2.3613,129.6,0.1326,0,0
345,moving_hotspot,monte_carlo,0.1697,2.5228,129.6,0.0166,0,0
346,moving_hotspot,monte_carlo,0.0976,1.6991,129.6,0.5109,0,0
347,moving_hotspot,monte_carlo,0.1878,2.1336,129.6,-0.1195,0,0
348,moving_hotspot,monte_carlo,0.2184,2.2378,129.6,0.0452,0,0
349,moving_hotspot,monte_carlo,0.2294,2.503,129.6,-0.0355,0,0
350,moving_hotspot,monte_carlo,0.3079,3.1902,129.6,-0.2492,0,0
351,moving_hotspot,monte_carlo,0.3567,3.63,129.6,-0.1276,0,0
352,moving_hotspot,monte_carlo,0.3351,3.9382,129.6,-0.0605,0,0
353,moving_hotspot,monte_carlo,0.2515,2.7086,129.6,0.711,0,0
354,moving_hotspot,monte_carlo,0.0964,1.2208,129.6,0.8431,0,0
355,moving_hotspot,monte_carlo,0.1636,2.3983,129.6,-0.4911,0,0
356,moving_hotspot,monte_carlo,0.1823,2.8832,129.6,-0.1457,0,0
357,moving_hotspot,monte_carlo,0.1552,2.216,129.6,0.4315,0,0
358,moving_hotspot,monte_carlo,0.1529,2.328,129.6,0.0416,0,0
359,moving_hotspot,monte_carlo,0.1771,2.2869,129.6,0.1177,0,0
360,moving_hotspot,monte_carlo,0.2275,3.6152,129.6,-0.5698,0,0
361,moving_hotspot,monte_carlo,0.3071,3.8285,129.6,-0.0147,0,0
362,moving_hotspot,monte_carlo,0.3003,4.1741,129.6,-0.0799,0,0
363,moving_hotspot,monte_carlo,0.2323,2.8944,129.6,0.7358,0,0
364,moving_hotspot,monte_carlo,0.1983,2.4801,129.6,0.304,0,0
365,moving_hotspot,monte_carlo,0.184,2.7809,129.6,-0.0538,0,0
366,moving_hotspot,monte_carlo,0.1295,1.3201,129.6,0.8294,0,0
367,moving_hotspot,monte_carlo,0.1854,1.9759,129.6,-0.23,0,0
368,moving_hotspot,monte_carlo,0.2179,2.4103,129.6,-0.1203,0,0
369,moving_hotspot,monte_carlo,0.2198,2.6747,129.6,-0.0352,0,0
370,moving_hotspot,monte_carlo,0.3034,3.2453,129.6,-0.1913,0,0
371,moving_hotspot,monte_carlo,0.3437,4.4999,129.6,-0.5357,0,0
372,moving_hotspot,monte_carlo,0.3488,4.7552,129.6,-0.0356,0,0
373,moving_hotspot,monte_carlo,0.2665,2.8477,129.6,1.0492,0,0
374,moving_hotspot,monte_carlo,0.1212,1.5544,129.6,0.7455,0,0
375,moving_hotspot,monte_carlo,0.1744,2.2104,129.6,-0.2305,0,0
376,moving_hotspot,monte_carlo,0.1861,2.5053,129.6,-0.0504,0,0
377,moving_hotspot,monte_carlo,0.1981,2.5047,129.6,0.0973,0,0
378,moving_hotspot,monte_carlo,0.1945,2.5271,129.6,0.0857,0,0
379,moving_hotspot,monte_carlo,0.1737,2.642,129.6,0.0393,0,0
380,moving_hotspot,monte_carlo,0.2192,3.396,129.6,-0.2828,0,0
381,moving_hotspot,monte_carlo,0.3034,4.3828,129.6,-0.4029,0,0
382,moving_hotspot,monte_carlo,0.3051,4.716,129.6,-0.0746,0,0
383,moving_hotspot,monte_carlo,0.2449,2.5156,129.6,1.096,0,0
384,moving_hotspot,monte_carlo,0.1975,2.2418,129.6,0.2342,0,0
385,moving_hotspot,monte_carlo,0.1688,2.5279,129.6,-0.0458,0,0
386,moving_hotspot,monte_carlo,0.092,1.1481,129.6,0.7893,0,0
387,moving_hotspot,monte_carlo,0.1868,1.8099,129.6,-0.2329,0,0
388,moving_hotspot,monte_carlo,0.2,2.3439,129.6,-0.1696,0,0
389,moving_hotspot,monte_carlo,0.2317,2.64,129.6,-0.0517,0,0
390,moving_hotspot,monte_carlo,0.3128,3.4721,129.6,-0.3228,0,0
391,moving_hotspot,monte_carlo,0.3654,4.1578,129.6,-0.252,0,0
392,moving_hotspot,monte_carlo,0.3361,4.5647,129.6,-0.111,0,0
393,moving_hotspot,monte_carlo,0.2566,2.4135,129.6,1.0963,0,0
394,moving_hotspot,monte_carlo,0.0873,1.3084,129.6,0.6519,0,0
395,moving_hotspot,monte_carlo,0.1344,1.8492,129.6,-0.1722,0,0
396,moving_hotspot,monte_carlo,0.166,2.2144,129.6,-0.0849,0,0
397,moving_hotspot,monte_carlo,0.1885,2.2963,129.6,0.0563,0,0
398,moving_hotspot,monte_carlo,0.1778,2.3062,129.6,0.0922,0,0
399,moving_hotspot,monte_carlo,0.161,2.7079,129.6,-0.1038,0,0
400,moving_hotspot,monte_carlo,0.2298,3.2989,129.6,-0.2014,0,0
401,moving_hotspot,monte_carlo,0.3106,4.3633,129.6,-0.4413,0,0
402,moving_hotspot,monte_carlo,0.305,4.6667,129.6,-0.0592,0,0
403,moving_hotspot,monte_carlo,0.2489,2.6171,129.6,1.0957,0,0
404,moving_hotspot,monte_carlo,0.1993,2.5771,129.6,0.117,0,0
405,moving_hotspot,monte_carlo,0.1638,2.3955,129.6,0.1882,0,0
406,moving_hotspot,monte_carlo,0.0972,1.4908,129.6,0.5516,0,0
407,moving_hotspot,monte_carlo,0.1925,2.0093,129.6,-0.1616,0,0
408,moving_hotspot,monte_carlo,0.2199,2.4818,129.6,-0.1392,0,0
409,moving_hotspot,monte_carlo,0.2123,2.3234,129.6,0.1764,0,0
410,moving_hotspot,monte_carlo,0.3067,3.4254,129.6,-0.457,0,0
411,moving_hotspot,monte_carlo,0.3445,3.7928,129.6,-0.0917,0,0
412,moving_hotspot,monte_carlo,0.3256,3.9253,129.6,0.0274,0,0
413,moving_hotspot,monte_carlo,0.2688,2.9283,129.6,0.5941,0,0
414,moving_hotspot,monte_carlo,0.099,1.3492,129.6,0.8887,0,0
415,moving_hotspot,monte_carlo,0.1474,2.0156,129.6,-0.2352,0,0
416,moving_hotspot,monte_carlo,0.1962,2.7611,129.6,-0.2763,0,0
417,moving_hotspot,monte_carlo,0.2161,2.7794,129.6,0.0872,0,0
418,moving_hotspot,monte_carlo,0.2044,2.7667,129.6,0.1031,0,0
419,moving_hotspot,monte_carlo,0.1722,2.4796,129.6,0.2406,0,0
420,moving_hotspot,monte_carlo,0.2229,3.3031,129.6,-0.3173,0,0
421,moving_hotspot,monte_carlo,0.2976,3.9943,129.6,-0.2541,0,0
422,moving_hotspot,monte_carlo,0.3035,4.4431,129.6,-0.1317,0,0
423,moving_hotspot,monte_carlo,0.2641,2.8355,129.6,0.899,0,0
424,moving_hotspot,monte_carlo,0.2321,2.9209,129.6,0.0536,0,0
425,moving_hotspot,monte_carlo,0.1862,2.5594,129.6,0.2777,0,0
426,moving_hotspot,monte_carlo,0.1421,1.6342,129.6,0.5613,0,0
427,moving_hotspot,monte_carlo,0.1946,1.9537,129.6,-0.0619,0,0
428,moving_hotspot,monte_carlo,0.1832,2.1733,129.6,-0.0123,0,0
429,moving_hotspot,monte_carlo,0.185,2.3698,129.6,-0.0008,0,0
430,moving_hotspot,monte_carlo,0.2692,2.9825,129.6,-0.211,0,0
431,moving_hotspot,monte_carlo,0.3285,3.4024,129.6,-0.1166,0,0
432,moving_hotspot,monte_carlo,0.335,3.9792,129.6,-0.1947,0,0
433,moving_hotspot,monte_carlo,0.2265,2.5322,129.6,0.8202,0,0
434,moving_hotspot,monte_carlo,0.0882,1.6581,129.6,0.5362,0,0
435,moving_hotspot,monte_carlo,0.1601,1.9119,129.6,-0.0288,0,0
436,moving_hotspot,monte_carlo,0.178,2.2469,129.6,-0.0703,0,0
437,moving_hotspot,monte_carlo,0.1875,2.4284,129.6,0.0062,0,0
438,moving_hotspot,monte_carlo,0.1872,2.5969,129.6,0.0129,0,0
439,moving_hotspot,monte_carlo,0.1854,2.4982,129.6,0.1462,0,0
440,moving_hotspot,monte_carlo,0.2094,3.4546,129.6,-0.3836,0,0
441,moving_hotspot,monte_carlo,0.2801,3.8979,129.6,-0.1297,0,0
442,moving_hotspot,monte_carlo,0.2786,4.1403,129.6,-0.0277,0,0
443,moving_hotspot,monte_carlo,0.2274,2.6544,129.6,0.8392,0,0
444,moving_hotspot,monte_carlo,0.189,2.5978,129.6,0.1252,0,0
445,moving_hotspot,monte_carlo,0.1752,2.671,129.6,0.0601,0,0
446,moving_hotspot,monte_carlo,0.1161,1.4509,129.6,0.7091,0,0
447,moving_hotspot,monte_carlo,0.1897,2.146,129.6,-0.2501,0,0
448,moving_hotspot,monte_carlo,0.2156,2.7685,129.6,-0.2147,0,0
449,moving_hotspot,monte_carlo,0.2469,2.8986,129.6,0.0314,0,0
450,moving_hotspot,monte_carlo,0.3267,3.4438,129.6,-0.1793,0,0
451,moving_hotspot,monte_carlo,0.3595,4.6648,129.6,-0.5198,0,0
452,moving_hotspot,monte_carlo,0.3277,5.0226,129.6,-0.087,0,0
453,moving_hotspot,monte_carlo,0.2487,2.5394,129.6,1.0963,0,0
454,moving_hotspot,monte_carlo,0.0916,1.2551,129.6,0.7414,0,0
455,moving_hotspot,monte_carlo,0.1683,2.0367,129.6,-0.2931,0,0
456,moving_hotspot,monte_carlo,0.1739,2.3297,129.6,-0.0491,0,0
457,moving_hotspot,monte_carlo,0.1819,2.2028,129.6,0.1608,0,0
458,moving_hotspot,monte_carlo,0.1997,2.6841,129.6,-0.1439,0,0
459,moving_hotspot,monte_carlo,0.175,2.6529,129.6,0.1124,0,0
460,moving_hotspot,monte_carlo,0.2138,3.2531,129.6,-0.2056,0,0
461,moving_hotspot,monte_carlo,0.2786,4.2245,129.6,-0.3942,0,0
462,moving_hotspot,monte_carlo,0.2833,4.6214,129.6,-0.1057,0,0
463,moving_hotspot,monte_carlo,0.2508,2.621,129.6,1.0954,0,0
464,moving_hotspot,monte_carlo,0.1927,2.7006,129.6,0.0573,0,0
465,moving_hotspot,monte_carlo,0.1669,2.1274,129.6,0.3843,0,0
466,moving_hotspot,monte_carlo,0.1017,1.4234,129.6,0.4512,0,0
467,moving_hotspot,monte_carlo,0.2163,2.1031,129.6,-0.2426,0,0
468,moving_hotspot,monte_carlo,0.2354,2.4516,129.6,-0.0773,0,0
469,moving_hotspot,monte_carlo,0.2336,2.5562,129.6,0.0444,0,0
470,moving_hotspot,monte_carlo,0.3189,3.174,129.6,-0.215,0,0
471,moving_hotspot,monte_carlo,0.3701,4.1387,129.6,-0.3916,0,0
472,moving_hotspot,monte_carlo,0.3297,4.2861,129.6,0.0195,0,0
473,moving_hotspot,monte_carlo,0.2224,2.0107,129.6,1.0969,0,0
474,moving_hotspot,monte_carlo,0.0849,1.4879,129.6,0.3606,0,0
475,moving_hotspot,monte_carlo,0.1794,2.1183,129.6,-0.2177,0,0
476,moving_hotspot,monte_carlo,0.1934,2.626,129.6,-0.1569,0,0
477,moving_hotspot,monte_carlo,0.1974,2.4047,129.6,0.2078,0,0
478,moving_hotspot,monte_carlo,0.1963,2.2135,129.6,0.1929,0,0
479,moving_hotspot,monte_carlo,0.1773,2.6511,129.6,-0.1221,0,0
480,moving_hotspot,monte_carlo,0.2372,3.3276,129.6,-0.2442,0,0
481,moving_hotspot,monte_carlo,0.3067,4.0014,129.6,-0.2456,0,0
482,moving_hotspot,monte_carlo,0.3152,4.6267,129.6,-0.2205,0,0
483,moving_hotspot,monte_carlo,0.2773,2.7292,129.6,1.0434,0,0
484,moving_hotspot,monte_carlo,0.2393,3.1441,129.6,-0.1118,0,0
485,moving_hotspot,monte_carlo,0.2029,2.7747,129.6,0.2812,0,0
486,moving_hotspot,monte_carlo,0.125,1.6065,129.6,0.683,0,0
487,moving_hotspot,monte_carlo,0.1906,1.9807,129.6,-0.0894,0,0
488,moving_hotspot,monte_carlo,0.2266,2.6688,129.6,-0.2474,0,0
489,moving_hotspot,monte_carlo,0.2485,2.3806,129.6,0.2409,0,0
490,moving_hotspot,monte_carlo,0.3354,3.5282,129.6,-0.4805,0,0
491,moving_hotspot,monte_carlo,0.377,3.9433,129.6,-0.1165,0,0
492,moving_hotspot,monte_carlo,0.3491,4.3558,129.6,-0.1137,0,0
493,moving_hotspot,monte_carlo,0.2714,3.0215,129.6,0.7624,0,0
494,moving_hotspot,monte_carlo,0.1205,1.5431,129.6,0.838,0,0
495,moving_hotspot,monte_carlo,0.1807,2.2639,129.6,-0.2633,0,0
496,moving_hotspot,monte_carlo,0.1999,2.7935,129.6,-0.1681,0,0
497,moving_hotspot,monte_carlo,0.2024,2.7395,129.6,0.1239,0,0
498,moving_hotspot,monte_carlo,0.1809,2.183,129.6,0.3757,0,0
499,moving_hotspot,monte_carlo,0.1655,2.8255,129.6,-0.2243,0,0
500,moving_hotspot,monte_carlo,0.2143,3.1035,129.6,-0.0441,0,0
1,multi_hotspot,monte_carlo,19.6911,23.0333,129.6,-0.441,0,0
2,multi_hotspot,monte_carlo,17.5233,23.1833,129.6,-0.0553,0,0
3,multi_hotspot,monte_carlo,15.5029,23.2596,129.6,-0.1011,0,0
4,multi_hotspot,monte_carlo,13.5807,23.3279,129.6,-0.1987,0,0
5,multi_hotspot,monte_carlo,11.7449,23.4727,129.6,-0.3529,0,0
6,multi_hotspot,monte_carlo,10.0155,23.7131,129.6,-0.5202,0,0
7,multi_hotspot,monte_carlo,8.3521,24.0403,129.6,-0.5636,0,0
8,multi_hotspot,monte_carlo,6.7992,24.1895,129.6,-0.4746,0,0
9,multi_hotspot,monte_carlo,5.663,24.6161,129.6,-0.6133,0,0
10,multi_hotspot,monte_carlo,5.365,24.8335,129.6,-0.5087,0,0
11,multi_hotspot,monte_carlo,5.2409,24.8959,129.6,-0.4312,0,0
12,multi_hotspot,monte_carlo,5.0786,24.6175,129.6,-0.2608,0,0
13,multi_hotspot,monte_carlo,4.975,24.6587,129.6,-0.4206,0,0
14,multi_hotspot,monte_carlo,4.8761,24.703,129.6,-0.4222,0,0
15,multi_hotspot,monte_carlo,4.7903,24.9075,129.6,-0.5023,0,0
16,multi_hotspot,monte_carlo,4.7217,24.9848,129.6,-0.4386,0,0
17,multi_hotspot,monte_carlo,4.7023,25.1447,129.6,-0.48,0,0
18,multi_hotspot,monte_carlo,4.7063,25.3483,129.6,-0.5018,0,0
19,multi_hotspot,monte_carlo,4.6727,25.5606,129.6,-0.5062,0,0
20,multi_hotspot,monte_carlo,4.7114,25.3928,129.6,-0.3161,0,0
21,multi_hotspot,monte_carlo,4.7338,25.552,129.6,-0.4796,0,0
22,multi_hotspot,monte_carlo,4.7605,25.6171,129.6,-0.4326,0,0
23,multi_hotspot,monte_carlo,4.7947,25.472,129.6,-0.3275,0,0
24,multi_hotspot,monte_carlo,4.8044,25.348,129.6,-0.338,0,0
25,multi_hotspot,monte_carlo,4.8138,25.2835,129.6,-0.3678,0,0
26,multi_hotspot,monte_carlo,4.8187,25.1749,129.6,-0.3457,0,0
27,multi_hotspot,monte_carlo,4.8321,25.1223,129.6,-0.3737,0,0
28,multi_hotspot,monte_carlo,4.8476,24.9495,129.6,-0.3136,0,0
29,multi_hotspot,monte_carlo,4.8447,24.9977,129.6,-0.4241,0,0
30,multi_hotspot,monte_carlo,4.7354,25.1152,129.6,-0.4588,0,0
31,multi_hotspot,monte_carlo,4.6603,25.3497,129.6,-0.5173,0,0
32,multi_hotspot,monte_carlo,4.5829,25.6083,129.6,-0.5293,0,0
33,multi_hotspot,monte_carlo,4.5053,25.6505,129.6,-0.4211,0,0
34,multi_hotspot,monte_carlo,4.4995,25.6978,129.6,-0.4236,0,0
35,multi_hotspot,monte_carlo,4.498,25.481,129.6,-0.2916,0,0
36,multi_hotspot,monte_carlo,4.4817,25.5131,129.6,-0.4161,0,0
37,multi_hotspot,monte_carlo,4.4839,25.3627,129.6,-0.3248,0,0
38,multi_hotspot,monte_carlo,4.491,25.2414,129.6,-0.3393,0,0
39,multi_hotspot,monte_carlo,4.4806,25.0202,129.6,-0.2894,0,0
40,multi_hotspot,monte_carlo,4.5302,25.1912,129.6,-0.4855,0,0
41,multi_hotspot,monte_carlo,4.5841,25.2725,129.6,-0.4407,0,0
42,multi_hotspot,monte_carlo,4.6064,25.0917,129.6,-0.3096,0,0
43,multi_hotspot,monte_carlo,4.6487,25.1164,129.6,-0.4124,0,0
44,multi_hotspot,monte_carlo,4.6638,25.1655,129.6,-0.4245,0,0
45,multi_hotspot,monte_carlo,4.6867,25.183,129.6,-0.4088,0,0
46,multi_hotspot,monte_carlo,4.703,25.1205,129.6,-0.3687,0,0
47,multi_hotspot,monte_carlo,4.7334,25.1935,129.6,-0.4365,0,0
48,multi_hotspot,monte_carlo,4.7536,25.1755,129.6,-0.391,0,0
49,multi_hotspot,monte_carlo,4.7904,25.4699,129.6,-0.5472,0,0
50,multi_hotspot,monte_carlo,4.7069,25.4783,129.6,-0.4042,0,0
51,multi_hotspot,monte_carlo,4.6057,25.2925,129.6,-0.3071,0,0
52,multi_hotspot,monte_carlo,4.5244,25.2313,129.6,-0.3694,0,0
53,multi_hotspot,monte_carlo,4.458,25.1269,129.6,-0.3478,0,0
54,multi_hotspot,monte_carlo,4.4345,25.2521,129.6,-0.4626,0,0
55,multi_hotspot,monte_carlo,4.4375,25.346,129.6,-0.447,0,0
56,multi_hotspot,monte_carlo,4.457,25.2934,129.6,-0.3737,0,0
57,multi_hotspot,monte_carlo,4.4624,25.3988,129.6,-0.4527,0,0
58,multi_hotspot,monte_carlo,4.4601,25.6208,129.6,-0.511,0,0
59,multi_hotspot,monte_carlo,4.4615,25.6043,129.6,-0.3918,0,0
60,multi_hotspot,monte_carlo,4.5042,25.6235,129.6,-0.4096,0,0
61,multi_hotspot,monte_carlo,4.5485,25.6794,129.6,-0.428,0,0
62,multi_hotspot,monte_carlo,4.5958,25.8021,129.6,-0.4614,0,0
63,multi_hotspot,monte_carlo,4.6256,25.8736,129.6,-0.4357,0,0
64,multi_hotspot,monte_carlo,4.6608,25.5967,129.6,-0.2616,0,0
65,multi_hotspot,monte_carlo,4.6825,25.7541,129.6,-0.4787,0,0
66,multi_hotspot,monte_carlo,4.7125,25.9424,129.6,-0.4941,0,0
67,multi_hotspot,monte_carlo,4.7164,25.9856,129.6,-0.4216,0,0
68,multi_hotspot,monte_carlo,4.738,25.9882,129.6,-0.4013,0,0
69,multi_hotspot,monte_carlo,4.7642,25.8764,129.6,-0.3441,0,0
70,multi_hotspot,monte_carlo,4.6587,26.0813,129.6,-0.5024,0,0
71,multi_hotspot,monte_carlo,4.5635,25.7639,129.6,-0.2413,0,0
72,multi_hotspot,monte_carlo,4.4848,25.605,129.6,-0.3206,0,0
73,multi_hotspot,monte_carlo,4.4239,25.6358,129.6,-0.4154,0,0
74,multi_hotspot,monte_carlo,4.4095,25.6584,129.6,-0.4113,0,0
75,multi_hotspot,monte_carlo,4.3957,25.5921,129.6,-0.3669,0,0
76,multi_hotspot,monte_carlo,4.3987,25.4527,129.6,-0.3303,0,0
77,multi_hotspot,monte_carlo,4.3968,25.528,129.6,-0.4377,0,0
78,multi_hotspot,monte_carlo,4.39,25.5972,129.6,-0.4346,0,0
79,multi_hotspot,monte_carlo,4.3906,25.6558,129.6,-0.4293,0,0
80,multi_hotspot,monte_carlo,4.4489,25.6644,129.6,-0.4043,0,0
81,multi_hotspot,monte_carlo,4.5041,25.9903,129.6,-0.5629,0,0
82,multi_hotspot,monte_carlo,4.5535,25.8854,129.6,-0.3476,0,0
83,multi_hotspot,monte_carlo,4.5873,25.7311,129.6,-0.3228,0,0
84,multi_hotspot,monte_carlo,4.6088,25.5043,129.6,-0.2866,0,0
85,multi_hotspot,monte_carlo,4.6575,25.5582,129.6,-0.427,0,0
86,multi_hotspot,monte_carlo,4.6868,25.5748,129.6,-0.4083,0,0
87,multi_hotspot,monte_carlo,4.7313,25.8398,129.6,-0.5325,0,0
88,multi_hotspot,monte_carlo,4.7425,25.7723,129.6,-0.3662,0,0
89,multi_hotspot,monte_carlo,4.7491,25.9517,129.6,-0.4897,0,0
90,multi_hotspot,monte_carlo,4.6605,26.0261,129.6,-0.4372,0,0
91,multi_hotspot,monte_carlo,4.5586,25.8861,129.6,-0.33,0,0
92,multi_hotspot,monte_carlo,4.4865,25.9664,129.6,-0.4401,0,0
93,multi_hotspot,monte_carlo,4.4391,26.1481,129.6,-0.4908,0,0
94,multi_hotspot,monte_carlo,4.4381,25.8901,129.6,-0.271,0,0
95,multi_hotspot,monte_carlo,4.4481,25.9468,129.6,-0.4284,0,0
96,multi_hotspot,monte_carlo,4.4529,26.131,129.6,-0.4921,0,0
97,multi_hotspot,monte_carlo,4.4316,25.7835,129.6,-0.2262,0,0
98,multi_hotspot,monte_carlo,4.444,25.7839,129.6,-0.4002,0,0
99,multi_hotspot,monte_carlo,4.4266,25.7514,129.6,-0.3837,0,0
100,multi_hotspot,monte_carlo,4.484,25.763,129.6,-0.4058,0,0
101,multi_hotspot,monte_carlo,4.5293,25.835,129.6,-0.436,0,0
102,multi_hotspot,monte_carlo,4.5892,25.8746,129.6,-0.4198,0,0
103,multi_hotspot,monte_carlo,4.6144,25.5917,129.6,-0.2586,0,0
104,multi_hotspot,monte_carlo,4.6603,25.673,129.6,-0.4406,0,0
105,multi_hotspot,monte_carlo,4.6912,25.78,129.6,-0.4535,0,0
106,multi_hotspot,monte_carlo,4.7122,25.8158,129.6,-0.4179,0,0
107,multi_hotspot,monte_carlo,4.7329,25.8263,129.6,-0.4053,0,0
108,multi_hotspot,monte_carlo,4.7657,25.8636,129.6,-0.4186,0,0
109,multi_hotspot,monte_carlo,4.7689,26.0111,129.6,-0.4738,0,0
110,multi_hotspot,monte_carlo,4.6993,25.876,129.6,-0.3325,0,0
111,multi_hotspot,monte_carlo,4.5934,25.6857,129.6,-0.3048,0,0
112,multi_hotspot,monte_carlo,4.5231,25.6092,129.6,-0.3617,0,0
113,multi_hotspot,monte_carlo,4.4514,25.5654,129.6,-0.3781,0,0
114,multi_hotspot,monte_carlo,4.4579,25.5455,129.6,-0.3901,0,0
115,multi_hotspot,monte_carlo,4.4716,25.7046,129.6,-0.4796,0,0
116,multi_hotspot,monte_carlo,4.4593,26.0185,129.6,-0.5569,0,0
117,multi_hotspot,monte_carlo,4.4627,25.6525,129.6,-0.217,0,0
118,multi_hotspot,monte_carlo,4.4506,25.646,129.6,-0.3967,0,0
119,multi_hotspot,monte_carlo,4.4637,25.5569,129.6,-0.3554,0,0
120,multi_hotspot,monte_carlo,4.5061,25.6859,129.6,-0.4645,0,0
121,multi_hotspot,monte_carlo,4.5455,25.799,129.6,-0.4565,0,0
122,multi_hotspot,monte_carlo,4.5868,25.5569,129.6,-0.279,0,0
123,multi_hotspot,monte_carlo,4.6173,25.2531,129.6,-0.2481,0,0
124,multi_hotspot,monte_carlo,4.6581,25.3042,129.6,-0.4256,0,0
125,multi_hotspot,monte_carlo,4.7058,25.4423,129.6,-0.469,0,0
126,multi_hotspot,monte_carlo,4.7371,25.6857,129.6,-0.5217,0,0
127,multi_hotspot,monte_carlo,4.7618,25.8723,129.6,-0.4933,0,0
128,multi_hotspot,monte_carlo,4.7904,25.8189,129.6,-0.3733,0,0
129,multi_hotspot,monte_carlo,4.7955,25.5978,129.6,-0.2895,0,0
130,multi_hotspot,monte_carlo,4.688,25.6421,129.6,-0.4221,0,0
131,multi_hotspot,monte_carlo,4.6016,25.704,129.6,-0.431,0,0
132,multi_hotspot,monte_carlo,4.5289,25.8562,129.6,-0.4761,0,0
133,multi_hotspot,monte_carlo,4.4704,25.8118,129.6,-0.3778,0,0
134,multi_hotspot,monte_carlo,4.4708,26.1453,129.6,-0.5668,0,0
135,multi_hotspot,monte_carlo,4.4671,25.9334,129.6,-0.2941,0,0
136,multi_hotspot,monte_carlo,4.4666,25.7743,129.6,-0.3204,0,0
137,multi_hotspot,monte_carlo,4.4692,25.614,129.6,-0.3199,0,0
138,multi_hotspot,monte_carlo,4.5021,25.6715,129.6,-0.4288,0,0
139,multi_hotspot,monte_carlo,4.5025,25.6952,129.6,-0.4119,0,0
140,multi_hotspot,monte_carlo,4.5477,25.6491,129.6,-0.3769,0,0
141,multi_hotspot,monte_carlo,4.5939,25.7003,129.6,-0.4256,0,0
142,multi_hotspot,monte_carlo,4.6337,25.8147,129.6,-0.4572,0,0
143,multi_hotspot,monte_carlo,4.6537,25.5322,129.6,-0.2588,0,0
144,multi_hotspot,monte_carlo,4.6719,25.237,129.6,-0.2524,0,0
145,multi_hotspot,monte_carlo,4.7072,25.5728,129.6,-0.5679,0,0
146,multi_hotspot,monte_carlo,4.7405,25.4191,129.6,-0.3232,0,0
147,multi_hotspot,monte_carlo,4.7699,25.336,129.6,-0.3584,0,0
148,multi_hotspot,monte_carlo,4.7938,25.2834,129.6,-0.3737,0,0
149,multi_hotspot,monte_carlo,4.81,25.2732,129.6,-0.3949,0,0
150,multi_hotspot,monte_carlo,4.7115,25.2658,129.6,-0.3963,0,0
151,multi_hotspot,monte_carlo,4.6349,25.3421,129.6,-0.4381,0,0
152,multi_hotspot,monte_carlo,4.5582,25.1436,129.6,-0.3008,0,0
153,multi_hotspot,monte_carlo,4.5186,25.1357,129.6,-0.3961,0,0
154,multi_hotspot,monte_carlo,4.5002,25.3284,129.6,-0.4964,0,0
155,multi_hotspot,monte_carlo,4.4953,25.3332,129.6,-0.4024,0,0
156,multi_hotspot,monte_carlo,4.4962,25.5767,129.6,-0.5217,0,0
157,multi_hotspot,monte_carlo,4.5244,25.7005,129.6,-0.4619,0,0
158,multi_hotspot,monte_carlo,4.5169,25.577,129.6,-0.3382,0,0
159,multi_hotspot,monte_carlo,4.5099,25.6599,129.6,-0.4414,0,0
160,multi_hotspot,monte_carlo,4.5657,25.6753,129.6,-0.4077,0,0
161,multi_hotspot,monte_carlo,4.6095,25.887,129.6,-0.5058,0,0
162,multi_hotspot,monte_carlo,4.6545,25.9933,129.6,-0.4531,0,0
163,multi_hotspot,monte_carlo,4.6898,25.9893,129.6,-0.398,0,0
164,multi_hotspot,monte_carlo,4.7396,26.094,129.6,-0.4523,0,0
165,multi_hotspot,monte_carlo,4.777,26.0302,129.6,-0.3681,0,0
166,multi_hotspot,monte_carlo,4.8062,26.1226,129.6,-0.4462,0,0
167,multi_hotspot,monte_carlo,4.8313,26.3681,129.6,-0.5228,0,0
168,multi_hotspot,monte_carlo,4.834,26.1887,129.6,-0.3103,0,0
169,multi_hotspot,monte_carlo,4.8596,26.41,129.6,-0.5107,0,0
170,multi_hotspot,monte_carlo,4.7536,26.3938,129.6,-0.3919,0,0
171,multi_hotspot,monte_carlo,4.6674,26.4257,129.6,-0.416,0,0
172,multi_hotspot,monte_carlo,4.6028,26.5944,129.6,-0.4843,0,0
173,multi_hotspot,monte_carlo,4.5222,26.4064,129.6,-0.306,0,0
174,multi_hotspot,monte_carlo,4.4965,26.2995,129.6,-0.3466,0,0
175,multi_hotspot,monte_carlo,4.4898,26.0731,129.6,-0.2868,0,0
176,multi_hotspot,monte_carlo,4.4891,26.0486,129.6,-0.3877,0,0
177,multi_hotspot,monte_carlo,4.483,26.2959,129.6,-0.5237,0,0
178,multi_hotspot,monte_carlo,4.489,26.3434,129.6,-0.4237,0,0
179,multi_hotspot,monte_carlo,4.4705,26.0754,129.6,-0.266,0,0
180,multi_hotspot,monte_carlo,4.5136,25.983,129.6,-0.3538,0,0
181,multi_hotspot,monte_carlo,4.5409,25.9251,129.6,-0.3711,0,0
182,multi_hotspot,monte_carlo,4.5656,25.7774,129.6,-0.3261,0,0
183,multi_hotspot,monte_carlo,4.5939,25.6128,129.6,-0.3177,0,0
184,multi_hotspot,monte_carlo,4.6285,25.4566,129.6,-0.3219,0,0
185,multi_hotspot,monte_carlo,4.6614,25.4314,129.6,-0.3874,0,0
186,multi_hotspot,monte_carlo,4.6786,25.5817,129.6,-0.4752,0,0
187,multi_hotspot,monte_carlo,4.6877,25.359,129.6,-0.2887,0,0
188,multi_hotspot,monte_carlo,4.7129,25.4863,129.6,-0.4636,0,0
189,multi_hotspot,monte_carlo,4.7186,25.3784,129.6,-0.346,0,0
190,multi_hotspot,monte_carlo,4.6403,25.3459,129.6,-0.3838,0,0
191,multi_hotspot,monte_carlo,4.5764,25.3398,129.6,-0.3969,0,0
192,multi_hotspot,monte_carlo,4.4954,25.5749,129.6,-0.5176,0,0
193,multi_hotspot,monte_carlo,4.4152,25.3031,129.6,-0.2641,0,0
194,multi_hotspot,monte_carlo,4.4031,25.1302,129.6,-0.3135,0,0
195,multi_hotspot,monte_carlo,4.4126,25.1574,129.6,-0.4136,0,0
196,multi_hotspot,monte_carlo,4.4123,25.1179,129.6,-0.3802,0,0
197,multi_hotspot,monte_carlo,4.4163,25.1493,129.6,-0.4157,0,0
198,multi_hotspot,monte_carlo,4.4139,25.1018,129.6,-0.3763,0,0
199,multi_hotspot,monte_carlo,4.4105,25.1566,129.6,-0.4274,0,0
200,multi_hotspot,monte_carlo,4.4535,24.8887,129.6,-0.2661,0,0
201,multi_hotspot,monte_carlo,4.4921,24.8177,129.6,-0.3645,0,0
202,multi_hotspot,monte_carlo,4.5358,24.742,129.6,-0.3621,0,0
203,multi_hotspot,monte_carlo,4.5755,24.7815,129.6,-0.4197,0,0
204,multi_hotspot,monte_carlo,4.615,25.0437,129.6,-0.5311,0,0
205,multi_hotspot,monte_carlo,4.6405,25.2582,129.6,-0.5073,0,0
206,multi_hotspot,monte_carlo,4.6757,25.3277,129.6,-0.4347,0,0
207,multi_hotspot,monte_carlo,4.7309,25.4086,129.6,-0.4404,0,0
208,multi_hotspot,monte_carlo,4.7552,25.141,129.6,-0.2662,0,0
209,multi_hotspot,monte_carlo,4.7628,25.2264,129.6,-0.4427,0,0
210,multi_hotspot,monte_carlo,4.6684,25.1115,129.6,-0.3426,0,0
211,multi_hotspot,monte_carlo,4.6081,25.1823,129.6,-0.4354,0,0
212,multi_hotspot,monte_carlo,4.5203,25.025,129.6,-0.3214,0,0
213,multi_hotspot,monte_carlo,4.4485,25.0209,129.6,-0.3979,0,0
214,multi_hotspot,monte_carlo,4.4502,25.1592,129.6,-0.4692,0,0
215,multi_hotspot,monte_carlo,4.4371,24.8628,129.6,-0.2518,0,0
216,multi_hotspot,monte_carlo,4.45,25.0694,129.6,-0.5033,0,0
217,multi_hotspot,monte_carlo,4.4458,25.0716,129.6,-0.4011,0,0
218,multi_hotspot,monte_carlo,4.4628,25.293,129.6,-0.5107,0,0
219,multi_hotspot,monte_carlo,4.4645,25.4885,129.6,-0.4977,0,0
220,multi_hotspot,monte_carlo,4.5133,25.5023,129.6,-0.4069,0,0
221,multi_hotspot,monte_carlo,4.5488,25.4518,129.6,-0.3748,0,0
222,multi_hotspot,monte_carlo,4.6004,25.7499,129.6,-0.549,0,0
223,multi_hotspot,monte_carlo,4.6329,25.6692,129.6,-0.3597,0,0
224,multi_hotspot,monte_carlo,4.6665,25.5965,129.6,-0.3637,0,0
225,multi_hotspot,monte_carlo,4.6903,25.5301,129.6,-0.3668,0,0
226,multi_hotspot,monte_carlo,4.7215,25.6884,129.6,-0.4792,0,0
227,multi_hotspot,monte_carlo,4.7475,25.6078,129.6,-0.3597,0,0
228,multi_hotspot,monte_carlo,4.7792,25.6463,129.6,-0.4192,0,0
229,multi_hotspot,monte_carlo,4.8174,25.4954,129.6,-0.3245,0,0
230,multi_hotspot,monte_carlo,4.7013,25.3488,129.6,-0.3267,0,0
231,multi_hotspot,monte_carlo,4.6321,25.824,129.6,-0.6376,0,0
232,multi_hotspot,monte_carlo,4.5503,25.7462,129.6,-0.3611,0,0
233,multi_hotspot,monte_carlo,4.4827,25.705,129.6,-0.3794,0,0
234,multi_hotspot,monte_carlo,4.4758,25.7653,129.6,-0.4301,0,0
235,multi_hotspot,monte_carlo,4.474,25.7246,129.6,-0.3797,0,0
236,multi_hotspot,monte_carlo,4.476,25.9416,129.6,-0.5085,0,0
237,multi_hotspot,monte_carlo,4.4771,26.1014,129.6,-0.4799,0,0
238,multi_hotspot,monte_carlo,4.4835,26.0826,129.6,-0.3906,0,0
239,multi_hotspot,monte_carlo,4.4724,25.913,129.6,-0.3152,0,0
240,multi_hotspot,monte_carlo,4.5284,25.7232,129.6,-0.3051,0,0
241,multi_hotspot,monte_carlo,4.5786,25.5425,129.6,-0.3096,0,0
242,multi_hotspot,monte_carlo,4.5989,25.4542,129.6,-0.3558,0,0
243,multi_hotspot,monte_carlo,4.6499,25.7185,129.6,-0.5321,0,0
244,multi_hotspot,monte_carlo,4.6765,25.5526,129.6,-0.3171,0,0
245,multi_hotspot,monte_carlo,4.6993,25.7995,129.6,-0.5234,0,0
246,multi_hotspot,monte_carlo,4.7213,25.8732,129.6,-0.4369,0,0
247,multi_hotspot,monte_carlo,4.7139,25.7198,129.6,-0.3233,0,0
248,multi_hotspot,monte_carlo,4.7403,25.625,129.6,-0.3526,0,0
249,multi_hotspot,monte_carlo,4.7635,25.5129,129.6,-0.3439,0,0
250,multi_hotspot,monte_carlo,4.7051,25.4617,129.6,-0.3744,0,0
251,multi_hotspot,monte_carlo,4.6061,25.164,129.6,-0.2511,0,0
252,multi_hotspot,monte_carlo,4.5476,25.2785,129.6,-0.4573,0,0
253,multi_hotspot,monte_carlo,4.4856,25.082,129.6,-0.3017,0,0
254,multi_hotspot,monte_carlo,4.4613,25.2381,129.6,-0.478,0,0
255,multi_hotspot,monte_carlo,4.4634,25.2426,129.6,-0.4023,0,0
256,multi_hotspot,monte_carlo,4.4591,25.1795,129.6,-0.3684,0,0
257,multi_hotspot,monte_carlo,4.4545,25.3435,129.6,-0.482,0,0
258,multi_hotspot,monte_carlo,4.4395,25.3438,129.6,-0.4001,0,0
259,multi_hotspot,monte_carlo,4.4437,25.6213,129.6,-0.5388,0,0
260,multi_hotspot,monte_carlo,4.4774,25.769,129.6,-0.4739,0,0
261,multi_hotspot,monte_carlo,4.5078,25.6126,129.6,-0.3218,0,0
262,multi_hotspot,monte_carlo,4.5709,25.615,129.6,-0.4012,0,0
263,multi_hotspot,monte_carlo,4.6093,25.5042,129.6,-0.3446,0,0
264,multi_hotspot,monte_carlo,4.6469,25.5409,129.6,-0.4184,0,0
265,multi_hotspot,monte_carlo,4.6874,25.442,129.6,-0.3506,0,0
266,multi_hotspot,monte_carlo,4.7094,25.4104,129.6,-0.3842,0,0
267,multi_hotspot,monte_carlo,4.7571,25.4586,129.6,-0.4241,0,0
268,multi_hotspot,monte_carlo,4.7748,25.4241,129.6,-0.3827,0,0
269,multi_hotspot,monte_carlo,4.7911,25.4739,129.6,-0.4249,0,0
270,multi_hotspot,monte_carlo,4.6874,25.2587,129.6,-0.2924,0,0
271,multi_hotspot,monte_carlo,4.6181,25.3552,129.6,-0.4483,0,0
272,multi_hotspot,monte_carlo,4.5356,25.1337,129.6,-0.2893,0,0
273,multi_hotspot,monte_carlo,4.4687,25.2829,129.6,-0.4746,0,0
274,multi_hotspot,monte_carlo,4.4505,25.4758,129.6,-0.4965,0,0
275,multi_hotspot,monte_carlo,4.4484,25.5919,129.6,-0.458,0,0
276,multi_hotspot,monte_carlo,4.4706,25.7963,129.6,-0.5022,0,0
277,multi_hotspot,monte_carlo,4.4546,25.6923,129.6,-0.348,0,0
278,multi_hotspot,monte_carlo,4.4702,25.6622,129.6,-0.3849,0,0
279,multi_hotspot,monte_carlo,4.448,25.4961,129.6,-0.3169,0,0
280,multi_hotspot,monte_carlo,4.4963,25.7849,129.6,-0.5444,0,0
281,multi_hotspot,monte_carlo,4.5278,25.8686,129.6,-0.4418,0,0
282,multi_hotspot,monte_carlo,4.5814,25.7829,129.6,-0.3572,0,0
283,multi_hotspot,monte_carlo,4.6406,25.8358,129.6,-0.4265,0,0
284,multi_hotspot,monte_carlo,4.6812,25.8132,129.6,-0.3887,0,0
285,multi_hotspot,monte_carlo,4.7081,25.5838,129.6,-0.2853,0,0
286,multi_hotspot,monte_carlo,4.7337,25.8,129.6,-0.5081,0,0
287,multi_hotspot,monte_carlo,4.7615,25.7817,129.6,-0.3909,0,0
288,multi_hotspot,monte_carlo,4.7609,25.916,129.6,-0.4671,0,0
289,multi_hotspot,monte_carlo,4.7935,25.8752,129.6,-0.3796,0,0
290,multi_hotspot,monte_carlo,4.7134,25.8902,129.6,-0.4075,0,0
291,multi_hotspot,monte_carlo,4.644,25.8866,129.6,-0.3982,0,0
292,multi_hotspot,monte_carlo,4.5837,25.7795,129.6,-0.3465,0,0
293,multi_hotspot,monte_carlo,4.521,25.7842,129.6,-0.4023,0,0
294,multi_hotspot,monte_carlo,4.4851,25.6897,129.6,-0.3527,0,0
295,multi_hotspot,monte_carlo,4.4812,25.6428,129.6,-0.3766,0,0
296,multi_hotspot,monte_carlo,4.464,25.5764,129.6,-0.3668,0,0
297,multi_hotspot,monte_carlo,4.4498,25.7811,129.6,-0.5024,0,0
298,multi_hotspot,monte_carlo,4.4438,25.7014,129.6,-0.3601,0,0
299,multi_hotspot,monte_carlo,4.4558,25.7256,129.6,-0.4121,0,0
300,multi_hotspot,monte_carlo,4.5169,25.8358,129.6,-0.4551,0,0
301,multi_hotspot,monte_carlo,4.567,25.801,129.6,-0.3826,0,0
302,multi_hotspot,monte_carlo,4.6083,25.8614,129.6,-0.4302,0,0
303,multi_hotspot,monte_carlo,4.6412,26.0247,129.6,-0.4817,0,0
304,multi_hotspot,monte_carlo,4.6838,25.9682,129.6,-0.3717,0,0
305,multi_hotspot,monte_carlo,4.7114,26.0044,129.6,-0.4181,0,0
306,multi_hotspot,monte_carlo,4.7489,25.9276,129.6,-0.3616,0,0
307,multi_hotspot,monte_carlo,4.7679,25.8763,129.6,-0.3744,0,0
308,multi_hotspot,monte_carlo,4.7953,25.6981,129.6,-0.3109,0,0
309,multi_hotspot,monte_carlo,4.8194,25.7909,129.6,-0.4464,0,0
310,multi_hotspot,monte_carlo,4.7388,25.7461,129.6,-0.3776,0,0
311,multi_hotspot,monte_carlo,4.6994,26.1323,129.6,-0.5931,0,0
312,multi_hotspot,monte_carlo,4.6127,25.9177,129.6,-0.2927,0,0
313,multi_hotspot,monte_carlo,4.5304,25.8138,129.6,-0.348,0,0
314,multi_hotspot,monte_carlo,4.4889,25.432,129.6,-0.2091,0,0
315,multi_hotspot,monte_carlo,4.4778,25.5818,129.6,-0.4749,0,0
316,multi_hotspot,monte_carlo,4.4703,25.5592,129.6,-0.3887,0,0
317,multi_hotspot,monte_carlo,4.4567,25.5459,129.6,-0.3934,0,0
318,multi_hotspot,monte_carlo,4.4535,25.3952,129.6,-0.3247,0,0
319,multi_hotspot,monte_carlo,4.4507,25.3139,129.6,-0.3594,0,0
320,multi_hotspot,monte_carlo,4.5075,25.3994,129.6,-0.4427,0,0
321,multi_hotspot,monte_carlo,4.5439,25.3701,129.6,-0.3853,0,0
322,multi_hotspot,monte_carlo,4.5813,25.3024,129.6,-0.3662,0,0
323,multi_hotspot,monte_carlo,4.6255,25.1432,129.6,-0.3204,0,0
324,multi_hotspot,monte_carlo,4.637,25.0521,129.6,-0.3544,0,0
325,multi_hotspot,monte_carlo,4.6709,25.3805,129.6,-0.5642,0,0
326,multi_hotspot,monte_carlo,4.6866,25.6431,129.6,-0.5313,0,0
327,multi_hotspot,monte_carlo,4.7109,25.9134,129.6,-0.5351,0,0
328,multi_hotspot,monte_carlo,4.7561,26.0821,129.6,-0.4843,0,0
329,multi_hotspot,monte_carlo,4.7774,26.0496,129.6,-0.3838,0,0
330,multi_hotspot,monte_carlo,4.6695,26.1192,129.6,-0.4348,0,0
331,multi_hotspot,monte_carlo,4.5798,26.3194,129.6,-0.5001,0,0
332,multi_hotspot,monte_carlo,4.5167,26.3722,129.6,-0.4264,0,0
333,multi_hotspot,monte_carlo,4.4417,26.4294,129.6,-0.4286,0,0
334,multi_hotspot,monte_carlo,4.4121,26.4066,129.6,-0.3886,0,0
335,multi_hotspot,monte_carlo,4.4284,26.2547,129.6,-0.324,0,0
336,multi_hotspot,monte_carlo,4.4391,26.3198,129.6,-0.4326,0,0
337,multi_hotspot,monte_carlo,4.4405,26.2655,129.6,-0.3729,0,0
338,multi_hotspot,monte_carlo,4.4503,26.4535,129.6,-0.494,0,0
339,multi_hotspot,monte_carlo,4.4552,26.3227,129.6,-0.3346,0,0
340,multi_hotspot,monte_carlo,4.5081,26.0119,129.6,-0.2446,0,0
341,multi_hotspot,monte_carlo,4.5472,25.7813,129.6,-0.2847,0,0
342,multi_hotspot,monte_carlo,4.5932,26.0028,129.6,-0.5107,0,0
343,multi_hotspot,monte_carlo,4.62,25.924,129.6,-0.3606,0,0
344,multi_hotspot,monte_carlo,4.6419,26.1207,129.6,-0.4983,0,0
345,multi_hotspot,monte_carlo,4.6739,25.9637,129.6,-0.3215,0,0
346,multi_hotspot,monte_carlo,4.7045,25.6082,129.6,-0.2222,0,0
347,multi_hotspot,monte_carlo,4.7111,25.8279,129.6,-0.5098,0,0
348,multi_hotspot,monte_carlo,4.7269,25.8442,129.6,-0.4081,0,0
349,multi_hotspot,monte_carlo,4.7616,25.9494,129.6,-0.4526,0,0
350,multi_hotspot,monte_carlo,4.663,25.922,129.6,-0.3863,0,0
351,multi_hotspot,monte_carlo,4.5973,26.0056,129.6,-0.4418,0,0
352,multi_hotspot,monte_carlo,4.528,26.0365,129.6,-0.4154,0,0
353,multi_hotspot,monte_carlo,4.4664,26.1667,129.6,-0.4651,0,0
354,multi_hotspot,monte_carlo,4.4566,26.0301,129.6,-0.3317,0,0
355,multi_hotspot,monte_carlo,4.4523,26.1963,129.6,-0.4831,0,0
356,multi_hotspot,monte_carlo,4.4429,25.9941,129.6,-0.2989,0,0
357,multi_hotspot,monte_carlo,4.446,26.0407,129.6,-0.4233,0,0
358,multi_hotspot,monte_carlo,4.438,26.1183,129.6,-0.4388,0,0
359,multi_hotspot,monte_carlo,4.449,26.2372,129.6,-0.4594,0,0
360,multi_hotspot,monte_carlo,4.4885,26.2566,129.6,-0.4097,0,0
361,multi_hotspot,monte_carlo,4.5423,25.8721,129.6,-0.2077,0,0
362,multi_hotspot,monte_carlo,4.5984,26.0775,129.6,-0.5027,0,0
363,multi_hotspot,monte_carlo,4.6447,25.8996,129.6,-0.3111,0,0
364,multi_hotspot,monte_carlo,4.6855,25.9352,129.6,-0.4178,0,0
365,multi_hotspot,monte_carlo,4.7027,25.9552,129.6,-0.41,0,0
366,multi_hotspot,monte_carlo,4.7205,26.0646,129.6,-0.4547,0,0
367,multi_hotspot,monte_carlo,4.7506,25.8933,129.6,-0.3144,0,0
368,multi_hotspot,monte_carlo,4.7537,25.6733,129.6,-0.29,0,0
369,multi_hotspot,monte_carlo,4.7745,25.8512,129.6,-0.489,0,0
370,multi_hotspot,monte_carlo,4.6879,26.0079,129.6,-0.4783,0,0
371,multi_hotspot,monte_carlo,4.6099,26.1945,129.6,-0.4933,0,0
372,multi_hotspot,monte_carlo,4.5255,25.8165,129.6,-0.211,0,0
373,multi_hotspot,monte_carlo,4.4574,25.7905,129.6,-0.387,0,0
374,multi_hotspot,monte_carlo,4.4478,25.81,129.6,-0.4098,0,0
375,multi_hotspot,monte_carlo,4.4426,25.6893,129.6,-0.3396,0,0
376,multi_hotspot,monte_carlo,4.436,25.6156,129.6,-0.3632,0,0
377,multi_hotspot,monte_carlo,4.4298,25.6114,129.6,-0.3979,0,0
378,multi_hotspot,monte_carlo,4.427,25.7737,129.6,-0.4811,0,0
379,multi_hotspot,monte_carlo,4.4202,25.7953,129.6,-0.4108,0,0
380,multi_hotspot,monte_carlo,4.4748,25.6795,129.6,-0.3421,0,0
381,multi_hotspot,monte_carlo,4.5652,25.8336,129.6,-0.477,0,0
382,multi_hotspot,monte_carlo,4.6193,25.9015,129.6,-0.434,0,0
383,multi_hotspot,monte_carlo,4.6519,25.9148,129.6,-0.4067,0,0
384,multi_hotspot,monte_carlo,4.6738,26.0004,129.6,-0.4428,0,0
385,multi_hotspot,monte_carlo,4.7002,26.0107,129.6,-0.4052,0,0
386,multi_hotspot,monte_carlo,4.719,25.9866,129.6,-0.3879,0,0
387,multi_hotspot,monte_carlo,4.7275,26.0626,129.6,-0.438,0,0
388,multi_hotspot,monte_carlo,4.7548,26.0158,129.6,-0.3766,0,0
389,multi_hotspot,monte_carlo,4.776,25.8483,129.6,-0.3163,0,0
390,multi_hotspot,monte_carlo,4.6928,26.0254,129.6,-0.4885,0,0
391,multi_hotspot,monte_carlo,4.6269,25.8449,129.6,-0.3097,0,0
392,multi_hotspot,monte_carlo,4.5397,25.6398,129.6,-0.2975,0,0
393,multi_hotspot,monte_carlo,4.4508,25.6499,129.6,-0.405,0,0
394,multi_hotspot,monte_carlo,4.4183,25.6352,129.6,-0.3927,0,0
395,multi_hotspot,monte_carlo,4.4222,25.7692,129.6,-0.467,0,0
396,multi_hotspot,monte_carlo,4.4049,25.8746,129.6,-0.4527,0,0
397,multi_hotspot,monte_carlo,4.4017,25.713,129.6,-0.3192,0,0
398,multi_hotspot,monte_carlo,4.4062,25.6076,129.6,-0.3473,0,0
399,multi_hotspot,monte_carlo,4.393,25.5192,129.6,-0.3558,0,0
400,multi_hotspot,monte_carlo,4.4552,25.6807,129.6,-0.4808,0,0
401,multi_hotspot,monte_carlo,4.4952,25.6366,129.6,-0.3779,0,0
402,multi_hotspot,monte_carlo,4.5327,25.5993,129.6,-0.3814,0,0
403,multi_hotspot,monte_carlo,4.5772,25.5577,129.6,-0.3792,0,0
404,multi_hotspot,monte_carlo,4.6145,25.442,129.6,-0.3422,0,0
405,multi_hotspot,monte_carlo,4.6466,25.5382,129.6,-0.4481,0,0
406,multi_hotspot,monte_carlo,4.6721,25.3268,129.6,-0.2943,0,0
407,multi_hotspot,monte_carlo,4.6916,25.4855,129.6,-0.4793,0,0
408,multi_hotspot,monte_carlo,4.6964,25.4649,129.6,-0.3897,0,0
409,multi_hotspot,monte_carlo,4.6817,25.1871,129.6,-0.2611,0,0
410,multi_hotspot,monte_carlo,4.5603,25.1165,129.6,-0.3647,0,0
411,multi_hotspot,monte_carlo,4.4864,25.0915,129.6,-0.3875,0,0
412,multi_hotspot,monte_carlo,4.424,24.7129,129.6,-0.2107,0,0
413,multi_hotspot,monte_carlo,4.3584,24.6703,129.6,-0.3787,0,0
414,multi_hotspot,monte_carlo,4.375,24.5254,129.6,-0.3275,0,0
415,multi_hotspot,monte_carlo,4.3666,24.669,129.6,-0.4718,0,0
416,multi_hotspot,monte_carlo,4.3665,24.96,129.6,-0.5455,0,0
417,multi_hotspot,monte_carlo,4.3772,25.1205,129.6,-0.4802,0,0
418,multi_hotspot,monte_carlo,4.3988,25.2791,129.6,-0.4793,0,0
419,multi_hotspot,monte_carlo,4.3954,25.3449,129.6,-0.4329,0,0
420,multi_hotspot,monte_carlo,4.4647,25.2273,129.6,-0.3412,0,0
421,multi_hotspot,monte_carlo,4.5065,25.4265,129.6,-0.4996,0,0
422,multi_hotspot,monte_carlo,4.5194,25.3373,129.6,-0.3554,0,0
423,multi_hotspot,monte_carlo,4.5752,25.5665,129.6,-0.5146,0,0
424,multi_hotspot,monte_carlo,4.6392,25.7569,129.6,-0.4952,0,0
425,multi_hotspot,monte_carlo,4.651,25.7283,129.6,-0.3857,0,0
426,multi_hotspot,monte_carlo,4.7022,26.0416,129.6,-0.5567,0,0
427,multi_hotspot,monte_carlo,4.7092,26.0513,129.6,-0.4048,0,0
428,multi_hotspot,monte_carlo,4.7289,25.9212,129.6,-0.335,0,0
429,multi_hotspot,monte_carlo,4.7419,25.9602,129.6,-0.4195,0,0
430,multi_hotspot,monte_carlo,4.6461,25.8777,129.6,-0.3587,0,0
431,multi_hotspot,monte_carlo,4.5432,25.6501,129.6,-0.2862,0,0
432,multi_hotspot,monte_carlo,4.466,25.6517,129.6,-0.4008,0,0
433,multi_hotspot,monte_carlo,4.4049,25.5701,129.6,-0.3592,0,0
434,multi_hotspot,monte_carlo,4.4012,25.7339,129.6,-0.4819,0,0
435,multi_hotspot,monte_carlo,4.4011,25.8105,129.6,-0.4383,0,0
436,multi_hotspot,monte_carlo,4.3827,25.6128,129.6,-0.3011,0,0
437,multi_hotspot,monte_carlo,4.3795,25.6196,129.6,-0.4034,0,0
438,multi_hotspot,monte_carlo,4.3858,25.7266,129.6,-0.4535,0,0
439,multi_hotspot,monte_carlo,4.406,25.797,129.6,-0.4352,0,0
440,multi_hotspot,monte_carlo,4.4367,25.7249,129.6,-0.364,0,0
441,multi_hotspot,monte_carlo,4.4929,25.678,129.6,-0.3765,0,0
442,multi_hotspot,monte_carlo,4.5306,25.7559,129.6,-0.439,0,0
443,multi_hotspot,monte_carlo,4.5473,25.6076,129.6,-0.3258,0,0
444,multi_hotspot,monte_carlo,4.5829,25.6464,129.6,-0.4194,0,0
445,multi_hotspot,monte_carlo,4.6347,25.6626,129.6,-0.4081,0,0
446,multi_hotspot,monte_carlo,4.6571,25.42,129.6,-0.2787,0,0
447,multi_hotspot,monte_carlo,4.6598,25.4437,129.6,-0.4119,0,0
448,multi_hotspot,monte_carlo,4.6895,25.4584,129.6,-0.4074,0,0
449,multi_hotspot,monte_carlo,4.7132,25.6094,129.6,-0.4755,0,0
450,multi_hotspot,monte_carlo,4.6361,25.7159,129.6,-0.4533,0,0
451,multi_hotspot,monte_carlo,4.5433,25.467,129.6,-0.2756,0,0
452,multi_hotspot,monte_carlo,4.441,25.2815,129.6,-0.3073,0,0
453,multi_hotspot,monte_carlo,4.3721,25.2372,129.6,-0.3779,0,0
454,multi_hotspot,monte_carlo,4.3561,25.0809,129.6,-0.3218,0,0
455,multi_hotspot,monte_carlo,4.3713,25.1501,129.6,-0.4346,0,0
456,multi_hotspot,monte_carlo,4.371,25.3645,129.6,-0.5072,0,0
457,multi_hotspot,monte_carlo,4.3659,25.2817,129.6,-0.3586,0,0
458,multi_hotspot,monte_carlo,4.3655,25.6015,129.6,-0.5599,0,0
459,multi_hotspot,monte_carlo,4.3684,25.3796,129.6,-0.289,0,0
460,multi_hotspot,monte_carlo,4.4146,25.2773,129.6,-0.3489,0,0
461,multi_hotspot,monte_carlo,4.4563,25.318,129.6,-0.4203,0,0
462,multi_hotspot,monte_carlo,4.5275,25.3143,129.6,-0.3982,0,0
463,multi_hotspot,monte_carlo,4.5748,25.2427,129.6,-0.3642,0,0
464,multi_hotspot,monte_carlo,4.6136,25.2221,129.6,-0.3897,0,0
465,multi_hotspot,monte_carlo,4.6228,25.0608,129.6,-0.3194,0,0
466,multi_hotspot,monte_carlo,4.6479,25.283,129.6,-0.5111,0,0
467,multi_hotspot,monte_carlo,4.7019,25.5293,129.6,-0.5231,0,0
468,multi_hotspot,monte_carlo,4.7543,25.6167,129.6,-0.4437,0,0
469,multi_hotspot,monte_carlo,4.7937,25.3938,129.6,-0.2886,0,0
470,multi_hotspot,monte_carlo,4.7065,25.5598,129.6,-0.483,0,0
471,multi_hotspot,monte_carlo,4.6367,25.6447,129.6,-0.4424,0,0
472,multi_hotspot,monte_carlo,4.5351,25.7504,129.6,-0.4529,0,0
473,multi_hotspot,monte_carlo,4.455,25.6026,129.6,-0.3261,0,0
474,multi_hotspot,monte_carlo,4.4379,25.6317,129.6,-0.4145,0,0
475,multi_hotspot,monte_carlo,4.444,25.7815,129.6,-0.4749,0,0
476,multi_hotspot,monte_carlo,4.4355,25.5355,129.6,-0.277,0,0
477,multi_hotspot,monte_carlo,4.4407,25.3467,129.6,-0.3056,0,0
478,multi_hotspot,monte_carlo,4.4504,25.5362,129.6,-0.4948,0,0
479,multi_hotspot,monte_carlo,4.4607,25.6163,129.6,-0.44,0,0
480,multi_hotspot,monte_carlo,4.518,25.4127,129.6,-0.2982,0,0
481,multi_hotspot,monte_carlo,4.5603,25.51,129.6,-0.4486,0,0
482,multi_hotspot,monte_carlo,4.6108,25.6219,129.6,-0.456,0,0
483,multi_hotspot,monte_carlo,4.6569,25.5849,129.6,-0.3815,0,0
484,multi_hotspot,monte_carlo,4.6819,25.7429,129.6,-0.479,0,0
485,multi_hotspot,monte_carlo,4.7036,25.8611,129.6,-0.4591,0,0
486,multi_hotspot,monte_carlo,4.7422,25.8614,129.6,-0.4002,0,0
487,multi_hotspot,monte_carlo,4.7655,25.7412,129.6,-0.3399,0,0
488,multi_hotspot,monte_carlo,4.7769,25.7267,129.6,-0.3927,0,0
489,multi_hotspot,monte_carlo,4.8014,25.7582,129.6,-0.4157,0,0
490,multi_hotspot,monte_carlo,4.7358,26.0706,129.6,-0.5562,0,0
491,multi_hotspot,monte_carlo,4.6495,26.0606,129.6,-0.395,0,0
492,multi_hotspot,monte_carlo,4.5721,26.1173,129.6,-0.4284,0,0
493,multi_hotspot,monte_carlo,4.5092,25.9399,129.6,-0.3113,0,0
494,multi_hotspot,monte_carlo,4.4997,25.773,129.6,-0.3166,0,0
495,multi_hotspot,monte_carlo,4.4745,25.9679,129.6,-0.4974,0,0
496,multi_hotspot,monte_carlo,4.4707,25.8242,129.6,-0.3281,0,0
497,multi_hotspot,monte_carlo,4.4751,25.8084,129.6,-0.3921,0,0
498,multi_hotspot,monte_carlo,4.4838,25.7415,129.6,-0.3665,0,0
499,multi_hotspot,monte_carlo,4.4809,25.5849,129.6,-0.3217,0,0
500,multi_hotspot,monte_carlo,4.5301,25.3395,129.6,-0.2773,0,0
1,alibaba_replay,value_iteration,20.854,22.0781,99.18,0.2687,0,5
2,alibaba_replay,value_iteration,18.948,20.6627,129.6,0.7993,0,0
3,alibaba_replay,value_iteration,17.6213,20.4475,113.4,0.2934,0,3
4,alibaba_replay,value_iteration,16.7832,19.7398,99.18,0.6347,0,5
5,alibaba_replay,value_iteration,15.5879,19.1536,113.4,0.4702,0,1
6,alibaba_replay,value_iteration,14.8868,18.9771,99.18,0.3562,0,5
7,alibaba_replay,value_iteration,13.3451,17.7187,129.6,0.6747,0,0
8,alibaba_replay,value_iteration,11.9185,16.6505,129.6,0.5654,0,0
9,alibaba_replay,value_iteration,10.5752,15.45,129.6,0.619,0,0
10,alibaba_replay,value_iteration,9.3187,14.4313,129.6,0.5163,0,0
11,alibaba_replay,value_iteration,8.1711,13.4519,129.6,0.4851,0,0
12,alibaba_replay,value_iteration,7.0508,12.7628,129.6,0.3245,0,0
13,alibaba_replay,value_iteration,6.8996,12.5249,99.18,0.3031,0,5
14,alibaba_replay,value_iteration,6.477,12.9817,113.4,-0.1545,0,3
15,alibaba_replay,value_iteration,5.6684,12.1997,129.6,0.3519,0,0
16,alibaba_replay,value_iteration,5.0324,11.2549,129.6,0.4401,0,0
17,alibaba_replay,value_iteration,4.5143,10.5714,129.6,0.3128,0,0
18,alibaba_replay,value_iteration,4.7208,10.7261,99.18,0.0962,0,5
19,alibaba_replay,value_iteration,4.2951,10.1528,129.6,0.2555,0,0
20,alibaba_replay,value_iteration,4.0014,9.9183,129.6,0.096,0,0
21,alibaba_replay,value_iteration,4.3289,10.0975,99.18,0.0953,0,5
22,alibaba_replay,value_iteration,4.4685,10.6077,113.4,-0.1714,0,3
23,alibaba_replay,value_iteration,4.8874,11.0493,99.18,-0.0474,0,5
24,alibaba_replay,value_iteration,4.9702,11.694,113.4,-0.2418,0,1
25,alibaba_replay,value_iteration,5.3612,11.5628,99.18,0.2331,0,5
26,alibaba_replay,value_iteration,5.0329,11.6729,129.6,-0.1087,0,0
27,alibaba_replay,value_iteration,5.5778,12.2594,99.18,-0.1452,0,5
28,alibaba_replay,value_iteration,5.8433,12.9447,113.4,-0.295,0,3
29,alibaba_replay,value_iteration,6.4907,12.6571,99.18,0.2818,0,5
30,alibaba_replay,value_iteration,6.293,12.7702,129.6,-0.1403,0,0
31,alibaba_replay,value_iteration,7.0162,13.571,99.18,-0.2879,0,5
32,alibaba_replay,value_iteration,7.3942,14.6656,113.4,-0.5351,0,1
33,alibaba_replay,value_iteration,7.7578,15.9615,113.4,-0.6471,0,3
34,alibaba_replay,value_iteration,8.5708,15.7096,99.18,0.2154,0,5
35,alibaba_replay,value_iteration,9.3711,16.5402,99.18,-0.339,0,5
36,alibaba_replay,value_iteration,9.7602,17.773,113.4,-0.6605,0,1
37,alibaba_replay,value_iteration,9.7848,18.0887,129.6,-0.331,0,0
38,alibaba_replay,value_iteration,10.3306,19.2284,113.4,-0.641,0,3
39,alibaba_replay,value_iteration,11.2822,20.2723,99.18,-0.5076,0,5
40,alibaba_replay,value_iteration,11.835,21.5482,113.4,-0.756,0,2
41,alibaba_replay,value_iteration,12.4734,22.8559,113.4,-0.838,0,2
42,alibaba_replay,value_iteration,13.1534,24.0628,113.4,-0.859,0,2
43,alibaba_replay,value_iteration,13.9358,25.829,113.4,-1.1706,0,2
44,alibaba_replay,value_iteration,14.5115,27.1964,113.4,-0.9712,0,3
45,alibaba_replay,value_iteration,15.926,28.0505,85.23,-0.5172,0,6
46,alibaba_replay,value_iteration,16.529,29.1287,113.4,-0.8266,0,2
47,alibaba_replay,value_iteration,17.1459,29.8922,113.4,-0.6693,0,2
48,alibaba_replay,value_iteration,17.8821,30.7561,113.4,-0.7195,0,2
49,alibaba_replay,value_iteration,18.6232,32.5543,113.4,-1.1866,0,2
50,alibaba_replay,value_iteration,20.0591,32.5394,85.23,-0.0844,0,6
51,alibaba_replay,value_iteration,20.6646,33.9194,113.4,-0.9775,0,2
52,alibaba_replay,value_iteration,21.2849,34.5362,113.4,-0.5959,0,3
53,alibaba_replay,value_iteration,22.6795,35.2501,85.23,-1.5988,1,6
54,alibaba_replay,value_iteration,25.4933,37.8305,32.4,-3.075,9,7
55,alibaba_replay,value_iteration,25.5384,37.6976,129.6,-2.6836,9,0
56,alibaba_replay,value_iteration,25.5772,37.8335,129.6,-2.818,9,0
57,alibaba_replay,value_iteration,26.9188,39.2615,85.23,-3.4559,11,6
58,alibaba_replay,value_iteration,27.3863,40.341,113.4,-3.0273,8,1
59,alibaba_replay,value_iteration,27.8692,41.6293,113.4,-3.2816,9,1
60,alibaba_replay,value_iteration,28.3047,39.7213,113.4,-1.5335,8,3
61,alibaba_replay,value_iteration,28.7846,41.3335,113.4,-3.2936,8,1
62,alibaba_replay,value_iteration,29.303,40.7365,113.4,-2.489,10,3
63,alibaba_replay,value_iteration,30.5367,41.6556,85.23,-3.2015,11,6
64,alibaba_replay,value_iteration,31.7966,42.459,85.23,-3.8935,16,6
65,alibaba_replay,value_iteration,33.0672,41.8224,83.16,-3.3015,17,6
66,alibaba_replay,value_iteration,33.0361,41.965,129.6,-4.0207,17,0
67,alibaba_replay,value_iteration,32.9786,42.1271,129.6,-4.0311,17,0
68,alibaba_replay,value_iteration,33.4031,43.7149,113.4,-4.6314,17,2
69,alibaba_replay,value_iteration,33.8559,43.8939,113.4,-4.077,18,3
70,alibaba_replay,value_iteration,34.266,43.6165,113.4,-3.9911,19,1
71,alibaba_replay,value_iteration,34.2249,43.5676,129.6,-4.2119,19,0
72,alibaba_replay,value_iteration,34.6993,44.0276,113.4,-4.3338,19,3
73,alibaba_replay,value_iteration,34.6946,43.9819,129.6,-4.1833,19,0
74,alibaba_replay,value_iteration,34.7582,43.877,129.6,-4.287,20,0
75,alibaba_replay,value_iteration,34.8071,44.1618,129.6,-4.4668,20,0
76,alibaba_replay,value_iteration,34.8919,43.9052,129.6,-4.1788,20,0
77,alibaba_replay,value_iteration,34.9869,43.9173,129.6,-4.2994,20,0
78,alibaba_replay,value_iteration,36.3705,44.0968,85.23,-4.7758,25,6
79,alibaba_replay,value_iteration,36.4184,43.718,129.6,-4.9446,26,0
80,alibaba_replay,value_iteration,36.511,43.6944,129.6,-5.1119,26,0
81,alibaba_replay,value_iteration,37.0706,45.1319,113.4,-5.5717,25,3
82,alibaba_replay,value_iteration,38.0258,45.1717,99.42,-4.7531,25,5
83,alibaba_replay,value_iteration,38.5146,46.0004,113.4,-5.7144,28,2
84,alibaba_replay,value_iteration,39.4005,46.6576,99.42,-5.5117,28,5
85,alibaba_replay,value_iteration,39.879,46.6612,113.4,-5.5457,30,1
86,alibaba_replay,value_iteration,41.1311,48.0721,85.23,-6.0464,30,6
87,alibaba_replay,value_iteration,41.5632,47.8472,113.4,-5.559,31,3
88,alibaba_replay,value_iteration,41.9321,47.678,113.4,-5.7109,32,1
89,alibaba_replay,value_iteration,41.8707,47.6505,129.6,-5.8838,32,0
90,alibaba_replay,value_iteration,41.8349,47.5427,129.6,-5.8354,32,0
91,alibaba_replay,value_iteration,41.7582,47.5012,129.6,-6.0149,33,0
92,alibaba_replay,value_iteration,42.1204,47.7737,113.4,-6.058,33,3
93,alibaba_replay,value_iteration,42.1158,47.7096,129.6,-5.9952,33,0
94,alibaba_replay,value_iteration,42.087,47.2757,129.6,-5.7979,33,0
95,alibaba_replay,value_iteration,42.0804,47.1897,129.6,-5.965,33,0
96,alibaba_replay,value_iteration,42.5627,48.57,113.4,-6.7395,34,4
97,alibaba_replay,value_iteration,42.9623,49.0177,113.4,-6.4082,35,1
98,alibaba_replay,value_iteration,43.4073,49.9687,113.4,-6.6944,35,4
99,alibaba_replay,value_iteration,43.7908,50.8617,113.4,-6.427,33,4
100,alibaba_replay,value_iteration,44.1803,51.637,113.4,-6.4498,33,4
101,alibaba_replay,value_iteration,44.5002,52.3115,113.4,-6.3571,32,4
102,alibaba_replay,value_iteration,44.8689,53.6099,113.4,-6.5867,31,4
103,alibaba_replay,value_iteration,45.198,54.6918,113.4,-6.1785,29,4
104,alibaba_replay,value_iteration,45.9256,54.319,99.42,-5.654,31,5
105,alibaba_replay,value_iteration,45.7585,53.6045,129.6,-5.8427,32,0
106,alibaba_replay,value_iteration,45.585,53.2704,129.6,-6.0329,32,0
107,alibaba_replay,value_iteration,45.9062,54.1243,113.4,-6.2145,30,4
108,alibaba_replay,value_iteration,45.7416,53.5451,129.6,-5.7604,31,0
109,alibaba_replay,value_iteration,46.4298,53.898,99.42,-6.1669,32,5
110,alibaba_replay,value_iteration,46.7555,54.7161,113.4,-6.7401,34,1
111,alibaba_replay,value_iteration,47.8238,54.9089,83.16,-6.1572,34,6
112,alibaba_replay,value_iteration,48.8097,55.6396,85.23,-8.1802,36,6
113,alibaba_replay,value_iteration,48.5446,54.87,129.6,-6.2095,36,0
114,alibaba_replay,value_iteration,48.3454,54.3768,129.6,-6.3228,36,0
115,alibaba_replay,value_iteration,48.6242,54.1438,113.4,-6.2994,36,2
116,alibaba_replay,value_iteration,48.8381,54.7651,113.4,-6.6937,36,1
117,alibaba_replay,value_iteration,49.0724,53.6621,113.4,-5.7671,36,3
118,alibaba_replay,value_iteration,48.8054,53.3702,129.6,-6.2793,36,0
119,alibaba_replay,value_iteration,48.5944,52.8518,129.6,-6.1572,36,0
120,alibaba_replay,value_iteration,48.3614,52.5893,129.6,-6.2797,36,0
121,alibaba_replay,value_iteration,48.1532,51.9829,129.6,-6.101,36,0
122,alibaba_replay,value_iteration,47.9285,51.6086,129.6,-6.2138,36,0
123,alibaba_replay,value_iteration,48.1754,52.6252,113.4,-6.7812,36,3
124,alibaba_replay,value_iteration,48.4479,53.2901,113.4,-6.6195,36,3
125,alibaba_replay,value_iteration,48.2255,52.7725,129.6,-6.1337,36,0
126,alibaba_replay,value_iteration,48.0427,52.5795,129.6,-6.2923,36,0
127,alibaba_replay,value_iteration,49.0965,53.7217,85.23,-6.6354,36,6
128,alibaba_replay,value_iteration,48.8611,53.1807,129.6,-6.0989,36,0
129,alibaba_replay,value_iteration,49.0713,54.0031,113.4,-6.6966,36,3
130,alibaba_replay,value_iteration,48.8246,53.6099,129.6,-6.192,36,0
131,alibaba_replay,value_iteration,48.6078,53.082,129.6,-6.1188,36,0
132,alibaba_replay,value_iteration,48.4184,52.8055,129.6,-6.2395,36,0
133,alibaba_replay,value_iteration,48.6873,53.592,113.4,-6.7022,36,3
134,alibaba_replay,value_iteration,48.5051,53.2243,129.6,-6.2284,36,0
135,alibaba_replay,value_iteration,48.2907,52.9646,129.6,-6.2753,36,0
136,alibaba_replay,value_iteration,48.5695,54.1045,113.4,-6.844,36,1
137,alibaba_replay,value_iteration,48.8011,54.9232,113.4,-6.7266,36,3
138,alibaba_replay,value_iteration,49.1067,55.7372,113.4,-7.7895,36,3
139,alibaba_replay,value_iteration,48.9112,55.199,129.6,-6.7034,36,0
140,alibaba_replay,value_iteration,48.6947,54.4883,129.6,-6.0994,36,0
141,alibaba_replay,value_iteration,48.9634,55.2687,113.4,-7.8078,36,3
142,alibaba_replay,value_iteration,48.7076,54.4854,129.6,-6.1102,36,0
143,alibaba_replay,value_iteration,48.5213,54.1406,129.6,-6.3068,36,0
144,alibaba_replay,value_iteration,48.3223,53.7242,129.6,-6.2537,36,0
145,alibaba_replay,value_iteration,48.6385,54.5518,113.4,-6.8356,36,3
146,alibaba_replay,value_iteration,48.439,53.9626,129.6,-6.2139,36,0
147,alibaba_replay,value_iteration,48.3173,53.6849,129.6,-6.3499,36,0
148,alibaba_replay,value_iteration,48.1722,53.317,129.6,-6.2835,36,0
149,alibaba_replay,value_iteration,48.0449,52.8132,129.6,-6.1923,36,0
150,alibaba_replay,value_iteration,48.3437,53.6219,113.4,-6.8118,36,3
151,alibaba_replay,value_iteration,48.2407,53.36,129.6,-6.3621,36,0
152,alibaba_replay,value_iteration,48.1091,52.9401,129.6,-6.2612,36,0
153,alibaba_replay,value_iteration,48.0137,53.1212,129.6,-6.5463,36,0
154,alibaba_replay,value_iteration,48.3507,54.0766,113.4,-6.7935,36,1
155,alibaba_replay,value_iteration,49.0329,54.0534,99.18,-6.1842,36,5
156,alibaba_replay,value_iteration,49.3594,54.8069,113.4,-6.7324,36,3
157,alibaba_replay,value_iteration,49.6122,55.7787,113.4,-8.4241,36,3
158,alibaba_replay,value_iteration,49.4441,55.4653,129.6,-7.3656,36,0
159,alibaba_replay,value_iteration,49.2625,55.0511,129.6,-6.7901,36,0
160,alibaba_replay,value_iteration,49.0888,54.5646,129.6,-6.2335,36,0
161,alibaba_replay,value_iteration,48.9193,54.2404,129.6,-6.2943,36,0
162,alibaba_replay,value_iteration,48.7593,53.7804,129.6,-6.2078,36,0
163,alibaba_replay,value_iteration,49.0843,54.8122,113.4,-6.9144,36,3
164,alibaba_replay,value_iteration,48.9127,54.0627,129.6,-6.1119,36,0
165,alibaba_replay,value_iteration,48.7498,53.4884,129.6,-6.1806,36,0
166,alibaba_replay,value_iteration,49.0686,54.6058,113.4,-6.8895,36,1
167,alibaba_replay,value_iteration,49.7507,54.9018,99.18,-6.3615,36,5
168,alibaba_replay,value_iteration,49.9865,55.514,113.4,-8.6863,36,3
169,alibaba_replay,value_iteration,49.8371,55.0311,129.6,-7.2251,36,0
170,alibaba_replay,value_iteration,49.6273,54.7482,129.6,-6.3082,36,0
171,alibaba_replay,value_iteration,49.8357,55.5297,113.4,-8.8102,36,3
172,alibaba_replay,value_iteration,49.6712,55.0837,129.6,-6.7805,36,0
173,alibaba_replay,value_iteration,49.4638,54.5916,129.6,-6.2332,36,0
174,alibaba_replay,value_iteration,49.2999,54.1978,129.6,-6.2598,36,0
175,alibaba_replay,value_iteration,49.1478,53.9532,129.6,-6.3162,36,0
176,alibaba_replay,value_iteration,49.4529,54.9158,113.4,-6.888,36,3
177,alibaba_replay,value_iteration,49.2448,54.1591,129.6,-6.1136,36,0
178,alibaba_replay,value_iteration,49.0761,54.1088,129.6,-6.4468,36,0
179,alibaba_replay,value_iteration,48.8747,53.667,129.6,-6.2293,36,0
180,alibaba_replay,value_iteration,48.7194,53.2848,129.6,-6.2397,36,0
181,alibaba_replay,value_iteration,48.9966,54.0356,113.4,-6.7705,36,3
182,alibaba_replay,value_iteration,48.8176,53.6482,129.6,-6.2884,36,0
183,alibaba_replay,value_iteration,48.6627,53.2312,129.6,-6.2513,36,0
184,alibaba_replay,value_iteration,48.502,53.0102,129.6,-6.3285,36,0
185,alibaba_replay,value_iteration,49.2474,53.2881,99.18,-6.3464,36,5
186,alibaba_replay,value_iteration,49.1014,52.9935,129.6,-6.2595,36,0
187,alibaba_replay,value_iteration,48.9691,52.9595,129.6,-6.3764,36,0
188,alibaba_replay,value_iteration,48.7975,52.7166,129.6,-6.2634,36,0
189,alibaba_replay,value_iteration,49.092,53.6459,113.4,-6.8048,36,3
190,alibaba_replay,value_iteration,48.9385,53.0777,129.6,-6.1519,36,0
191,alibaba_replay,value_iteration,48.7895,52.5655,129.6,-6.1652,36,0
192,alibaba_replay,value_iteration,48.6567,52.4441,129.6,-6.348,36,0
193,alibaba_replay,value_iteration,48.5307,52.0012,129.6,-6.1744,36,0
194,alibaba_replay,value_iteration,49.6681,53.0698,83.16,-6.5975,36,6
195,alibaba_replay,value_iteration,49.9185,53.9732,113.4,-6.7118,36,1
196,alibaba_replay,value_iteration,50.5681,54.2967,99.18,-6.3125,36,5
197,alibaba_replay,value_iteration,51.2026,54.7238,99.66,-6.3578,36,5
198,alibaba_replay,value_iteration,50.9553,54.3556,129.6,-6.1646,36,0
199,alibaba_replay,value_iteration,50.6608,54.0481,129.6,-6.1912,36,0
200,alibaba_replay,value_iteration,50.4086,53.6886,129.6,-6.1632,36,0
201,alibaba_replay,value_iteration,50.6647,54.6498,113.4,-6.7483,36,3
202,alibaba_replay,value_iteration,50.4053,54.2147,129.6,-6.1548,36,0
203,alibaba_replay,value_iteration,50.1926,53.7237,129.6,-6.1199,36,0
204,alibaba_replay,value_iteration,49.9685,53.5003,129.6,-6.2474,36,0
205,alibaba_replay,value_iteration,50.1871,54.5026,113.4,-6.7562,36,1
206,alibaba_replay,value_iteration,50.825,54.8709,99.42,-6.3344,36,5
207,alibaba_replay,value_iteration,51.036,55.6442,113.4,-7.1707,36,3
208,alibaba_replay,value_iteration,50.7627,55.0395,129.6,-6.5843,36,0
209,alibaba_replay,value_iteration,50.9969,55.7322,113.4,-8.6763,36,3
210,alibaba_replay,value_iteration,50.7312,55.1051,129.6,-6.6117,36,0
211,alibaba_replay,value_iteration,50.5274,54.7558,129.6,-6.238,36,0
212,alibaba_replay,value_iteration,50.2492,54.4166,129.6,-6.2331,36,0
213,alibaba_replay,value_iteration,49.9788,53.9236,129.6,-6.1462,36,0
214,alibaba_replay,value_iteration,49.7674,53.4126,129.6,-6.1254,36,0
215,alibaba_replay,value_iteration,49.9773,54.2074,113.4,-6.7259,36,3
216,alibaba_replay,value_iteration,49.7382,53.9007,129.6,-6.2733,36,0
217,alibaba_replay,value_iteration,49.9539,54.8696,113.4,-6.7928,36,1
218,alibaba_replay,value_iteration,50.5949,55.0835,99.18,-7.7999,36,5
219,alibaba_replay,value_iteration,50.7559,55.8879,113.4,-11.2545,36,3
220,alibaba_replay,value_iteration,50.4945,55.6452,129.6,-8.825,36,0
221,alibaba_replay,value_iteration,50.2029,55.2868,129.6,-6.7522,36,0
222,alibaba_replay,value_iteration,50.4069,55.803,113.4,-10.6465,36,3
223,alibaba_replay,value_iteration,50.1454,55.1161,129.6,-6.6333,36,0
224,alibaba_replay,value_iteration,49.8746,54.6373,129.6,-6.2208,36,0
225,alibaba_replay,value_iteration,50.0793,55.5106,113.4,-9.2795,36,1
226,alibaba_replay,value_iteration,50.6761,55.9662,99.42,-10.4543,36,5
227,alibaba_replay,value_iteration,50.8606,56.5394,113.4,-12.6713,36,3
228,alibaba_replay,value_iteration,50.577,56.2277,129.6,-11.3226,36,0
229,alibaba_replay,value_iteration,50.2961,55.6086,129.6,-8.6521,36,0
230,alibaba_replay,value_iteration,50.4267,56.2484,113.4,-12.2369,36,3
231,alibaba_replay,value_iteration,50.1202,55.844,129.6,-8.8004,36,0
232,alibaba_replay,value_iteration,50.2935,56.5309,113.4,-11.7272,36,1
233,alibaba_replay,value_iteration,50.8407,56.7782,99.18,-11.3859,36,5
234,alibaba_replay,value_iteration,51.0058,57.5531,113.4,-13.3161,36,3
235,alibaba_replay,value_iteration,50.704,57.2273,129.6,-11.8536,36,0
236,alibaba_replay,value_iteration,51.2479,57.2953,99.66,-11.8129,36,5
237,alibaba_replay,value_iteration,50.8901,56.5957,129.6,-11.1163,36,0
238,alibaba_replay,value_iteration,50.5642,55.9222,129.6,-9.6112,36,0
239,alibaba_replay,value_iteration,50.6879,56.6808,113.4,-12.2845,36,3
240,alibaba_replay,value_iteration,50.3661,56.2865,129.6,-10.3011,36,0
241,alibaba_replay,value_iteration,50.5238,57.0464,113.4,-12.2602,36,1
242,alibaba_replay,value_iteration,50.9853,56.8094,99.42,-11.6417,36,5
243,alibaba_replay,value_iteration,51.0393,57.1765,113.4,-13.1022,36,3
244,alibaba_replay,value_iteration,50.6867,56.6565,129.6,-11.7499,36,0
245,alibaba_replay,value_iteration,51.1957,56.9633,99.18,-11.926,36,5
246,alibaba_replay,value_iteration,50.8093,56.3533,129.6,-11.1613,36,0
247,alibaba_replay,value_iteration,50.4399,56.1428,129.6,-8.8407,36,0
248,alibaba_replay,value_iteration,50.5605,56.7817,113.4,-11.7191,36,3
249,alibaba_replay,value_iteration,50.2333,56.3063,129.6,-8.2527,36,0
250,alibaba_replay,value_iteration,49.9421,55.7415,129.6,-7.1922,36,0
251,alibaba_replay,value_iteration,49.6264,55.4535,129.6,-6.8177,36,0
252,alibaba_replay,value_iteration,49.779,56.1315,113.4,-8.2613,36,3
253,alibaba_replay,value_iteration,49.4481,55.4887,129.6,-6.6891,36,0
254,alibaba_replay,value_iteration,49.1115,55.1014,129.6,-6.7981,36,0
255,alibaba_replay,value_iteration,48.8521,54.6619,129.6,-6.2535,36,0
256,alibaba_replay,value_iteration,48.9826,55.2547,113.4,-7.7295,36,3
257,alibaba_replay,value_iteration,48.6794,54.6021,129.6,-6.1934,36,0
258,alibaba_replay,value_iteration,48.375,54.0388,129.6,-6.2121,36,0
259,alibaba_replay,value_iteration,48.5184,54.4202,113.4,-6.5535,36,2
260,alibaba_replay,value_iteration,48.6989,55.2204,113.4,-7.3252,36,3
261,alibaba_replay,value_iteration,48.8637,55.9155,113.4,-7.8547,36,3
262,alibaba_replay,value_iteration,48.5948,55.3475,129.6,-6.8059,36,0
263,alibaba_replay,value_iteration,48.3062,54.8511,129.6,-6.3111,36,0
264,alibaba_replay,value_iteration,47.9869,54.3594,129.6,-6.2918,36,0
265,alibaba_replay,value_iteration,47.7354,53.8038,129.6,-6.2395,36,0
266,alibaba_replay,value_iteration,47.9183,54.7341,113.4,-6.9458,36,3
267,alibaba_replay,value_iteration,47.6429,54.3853,129.6,-6.3943,36,0
268,alibaba_replay,value_iteration,47.399,53.7131,129.6,-6.2084,36,0
269,alibaba_replay,value_iteration,47.1557,53.3136,129.6,-6.3233,36,0
270,alibaba_replay,value_iteration,47.3403,53.9198,113.4,-6.6712,36,4
271,alibaba_replay,value_iteration,47.5576,52.9492,113.4,-5.8387,36,1
272,alibaba_replay,value_iteration,47.679,53.7127,113.4,-6.7628,36,3
273,alibaba_replay,value_iteration,47.8013,54.5992,113.4,-6.9047,36,3
274,alibaba_replay,value_iteration,47.9594,55.5601,113.4,-7.9149,36,4
275,alibaba_replay,value_iteration,47.6108,54.834,129.6,-6.1676,36,0
276,alibaba_replay,value_iteration,47.2684,54.0583,129.6,-6.1333,36,0
277,alibaba_replay,value_iteration,46.9454,53.6608,129.6,-6.3076,36,0
278,alibaba_replay,value_iteration,47.0873,54.1548,113.4,-6.7064,36,3
279,alibaba_replay,value_iteration,47.1403,54.9589,113.4,-6.8628,36,4
280,alibaba_replay,value_iteration,46.8195,54.4821,129.6,-6.1736,35,0
281,alibaba_replay,value_iteration,46.4679,53.9661,129.6,-6.1395,35,0
282,alibaba_replay,value_iteration,46.5875,54.471,113.4,-6.492,35,1
283,alibaba_replay,value_iteration,46.7004,55.1731,113.4,-7.293,36,3
284,alibaba_replay,value_iteration,46.7968,53.2349,113.4,-5.4252,36,2
285,alibaba_replay,value_iteration,47.6607,53.5706,85.23,-6.3456,36,6
286,alibaba_replay,value_iteration,47.7066,54.2479,113.4,-6.7705,36,3
287,alibaba_replay,value_iteration,47.7244,54.9249,113.4,-6.7446,36,1
288,alibaba_replay,value_iteration,47.7704,55.4999,113.4,-8.2563,36,3
289,alibaba_replay,value_iteration,47.8621,54.0821,113.4,-5.709,36,2
290,alibaba_replay,value_iteration,47.8635,54.781,113.4,-6.6887,35,3
291,alibaba_replay,value_iteration,47.35,54.1549,129.6,-6.1235,35,0
292,alibaba_replay,value_iteration,47.7238,53.9422,99.42,-6.1031,35,5
293,alibaba_replay,value_iteration,47.6649,55.007,113.4,-7.4567,36,1
294,alibaba_replay,value_iteration,47.6251,55.8081,113.4,-7.2407,35,3
295,alibaba_replay,value_iteration,47.5539,54.7448,113.4,-5.7701,35,2
296,alibaba_replay,value_iteration,47.438,54.9603,113.4,-6.5316,36,1
297,alibaba_replay,value_iteration,47.3158,55.2549,113.4,-7.0721,36,1
298,alibaba_replay,value_iteration,47.1616,55.5457,113.4,-7.0982,36,1
299,alibaba_replay,value_iteration,47.0585,56.1744,113.4,-7.6685,35,1
300,alibaba_replay,value_iteration,46.5156,55.3812,129.6,-6.6917,36,0
301,alibaba_replay,value_iteration,46.3957,55.7944,113.4,-7.1536,36,2
302,alibaba_replay,value_iteration,46.2579,56.3527,113.4,-7.2195,36,3
303,alibaba_replay,value_iteration,46.1032,56.7013,113.4,-7.157,36,1
304,alibaba_replay,value_iteration,45.5045,55.8295,129.6,-6.6493,36,0
305,alibaba_replay,value_iteration,45.3489,56.2016,113.4,-6.8665,34,2
306,alibaba_replay,value_iteration,45.2143,56.4956,113.4,-6.8235,34,3
307,alibaba_replay,value_iteration,45.0437,56.5688,113.4,-6.4396,32,3
308,alibaba_replay,value_iteration,45.2659,55.0794,99.42,-5.8388,34,5
309,alibaba_replay,value_iteration,45.0624,55.4161,113.4,-6.5943,32,3
310,alibaba_replay,value_iteration,45.2851,54.1415,99.42,-5.1787,32,5
311,alibaba_replay,value_iteration,45.5355,53.9215,99.42,-5.701,32,5
312,alibaba_replay,value_iteration,45.2997,54.62,113.4,-6.3189,32,3
313,alibaba_replay,value_iteration,45.4427,53.4716,99.18,-5.2792,32,5
314,alibaba_replay,value_iteration,45.5578,53.9359,99.66,-6.0788,32,5
315,alibaba_replay,value_iteration,45.6678,53.5139,99.18,-5.6334,32,5
316,alibaba_replay,value_iteration,46.1792,54.0487,85.23,-6.4388,35,6
317,alibaba_replay,value_iteration,45.8594,54.5926,113.4,-6.5494,34,3
318,alibaba_replay,value_iteration,45.9125,54.2464,99.18,-5.999,34,5
319,alibaba_replay,value_iteration,45.8885,53.6683,99.42,-5.7376,33,5
320,alibaba_replay,value_iteration,45.4922,54.2765,113.4,-6.4891,33,3
321,alibaba_replay,value_iteration,45.1007,54.7245,113.4,-6.2681,32,4
322,alibaba_replay,value_iteration,44.681,55.3179,113.4,-7.3842,32,4
323,alibaba_replay,value_iteration,43.8412,54.6204,129.6,-5.5513,30,0
324,alibaba_replay,value_iteration,44.2192,55.0958,85.23,-6.4722,31,6
325,alibaba_replay,value_iteration,43.7714,55.4949,113.4,-6.3371,29,4
326,alibaba_replay,value_iteration,43.325,55.8822,113.4,-6.0311,27,4
327,alibaba_replay,value_iteration,42.8685,56.4736,113.4,-6.1332,27,1
328,alibaba_replay,value_iteration,42.3954,56.8336,113.4,-6.5175,27,1
329,alibaba_replay,value_iteration,41.9126,56.9832,113.4,-6.4123,27,4
330,alibaba_replay,value_iteration,40.9793,56.0294,129.6,-5.0231,24,0
331,alibaba_replay,value_iteration,40.0278,55.0005,129.6,-4.8356,23,0
332,alibaba_replay,value_iteration,39.1365,54.1669,129.6,-4.4332,23,0
333,alibaba_replay,value_iteration,38.7254,54.7945,113.4,-4.9013,22,4
334,alibaba_replay,value_iteration,38.2736,54.9128,113.4,-4.7967,23,4
335,alibaba_replay,value_iteration,37.8121,55.0153,113.4,-4.9887,21,4
336,alibaba_replay,value_iteration,37.3796,55.1836,113.4,-5.0216,21,4
337,alibaba_replay,value_iteration,36.9026,55.243,113.4,-4.9672,21,4
338,alibaba_replay,value_iteration,36.4388,55.2315,113.4,-4.9317,21,4
339,alibaba_replay,value_iteration,35.93,55.1399,113.4,-4.7417,20,4
340,alibaba_replay,value_iteration,35.4465,54.8544,113.4,-4.1448,20,4
341,alibaba_replay,value_iteration,35.3216,54.133,99.42,-3.6797,19,5
342,alibaba_replay,value_iteration,34.8021,53.9299,113.4,-4.0359,19,4
343,alibaba_replay,value_iteration,35.0941,54.5531,83.16,-4.2391,19,6
344,alibaba_replay,value_iteration,34.5289,51.7722,113.4,-3.1375,19,3
345,alibaba_replay,value_iteration,33.9939,52.2572,113.4,-4.23,18,2
346,alibaba_replay,value_iteration,33.4238,52.6181,113.4,-4.018,17,2
347,alibaba_replay,value_iteration,32.8377,49.8284,113.4,-2.8375,17,3
348,alibaba_replay,value_iteration,32.2802,47.7528,113.4,-2.6875,16,3
349,alibaba_replay,value_iteration,31.7432,47.5354,113.4,-3.5788,16,3
350,alibaba_replay,value_iteration,31.1558,47.4784,113.4,-3.509,15,2
351,alibaba_replay,value_iteration,30.6037,45.1732,113.4,-2.6875,16,1
352,alibaba_replay,value_iteration,29.5544,44.1222,129.6,-3.1245,15,0
353,alibaba_replay,value_iteration,28.4953,42.9133,129.6,-3.0456,15,0
354,alibaba_replay,value_iteration,27.4405,41.8315,129.6,-2.6591,12,0
355,alibaba_replay,value_iteration,26.8943,41.724,113.4,-2.7337,10,1
356,alibaba_replay,value_iteration,26.3146,41.9278,113.4,-2.2894,6,1
357,alibaba_replay,value_iteration,25.752,39.1633,113.4,-0.8875,4,3
358,alibaba_replay,value_iteration,25.5795,38.4084,99.18,-1.4113,4,5
359,alibaba_replay,value_iteration,25.0044,37.2575,113.4,-1.3121,4,3
360,alibaba_replay,value_iteration,24.8076,35.3626,99.18,-0.8413,4,5
361,alibaba_replay,value_iteration,24.2843,35.4706,113.4,-1.4915,1,3
362,alibaba_replay,value_iteration,24.1021,34.8067,99.18,0.1432,0,5
363,alibaba_replay,value_iteration,23.0095,33.8237,129.6,0.0915,0,0
364,alibaba_replay,value_iteration,21.9781,32.5976,129.6,0.213,0,0
365,alibaba_replay,value_iteration,20.9446,31.6317,129.6,0.0829,0,0
366,alibaba_replay,value_iteration,19.9342,30.6268,129.6,0.1024,0,0
367,alibaba_replay,value_iteration,18.9169,29.4915,129.6,0.1676,0,0
368,alibaba_replay,value_iteration,17.886,28.1719,129.6,0.2598,0,0
369,alibaba_replay,value_iteration,17.3827,28.4498,113.4,-0.4265,0,3
370,alibaba_replay,value_iteration,16.9024,28.4306,113.4,-0.276,0,1
371,alibaba_replay,value_iteration,16.7743,28.0014,99.18,0.0459,0,5
372,alibaba_replay,value_iteration,15.8234,26.7853,129.6,0.2376,0,0
373,alibaba_replay,value_iteration,14.8881,25.5888,129.6,0.2367,0,0
374,alibaba_replay,value_iteration,13.9836,24.739,129.6,0.0657,0,0
375,alibaba_replay,value_iteration,13.1008,23.6786,129.6,0.1775,0,0
376,alibaba_replay,value_iteration,12.1983,22.4866,129.6,0.2531,0,0
377,alibaba_replay,value_iteration,11.3363,21.5196,129.6,0.1462,0,0
378,alibaba_replay,value_iteration,10.5503,20.3128,129.6,0.2737,0,0
379,alibaba_replay,value_iteration,9.782,19.4547,129.6,0.1135,0,0
380,alibaba_replay,value_iteration,9.8105,19.0624,99.18,0.0982,0,5
381,alibaba_replay,value_iteration,9.5124,18.9792,113.4,-0.1325,0,3
382,alibaba_replay,value_iteration,8.7344,18.1219,129.6,0.1505,0,0
383,alibaba_replay,value_iteration,7.9426,16.9675,129.6,0.3199,0,0
384,alibaba_replay,value_iteration,7.2155,15.8083,129.6,0.3503,0,0
385,alibaba_replay,value_iteration,6.586,14.8144,129.6,0.295,0,0
386,alibaba_replay,value_iteration,5.9796,13.7256,129.6,0.375,0,0
387,alibaba_replay,value_iteration,6.0454,13.9682,99.42,-0.0734,0,5
388,alibaba_replay,value_iteration,5.901,13.7553,113.4,0.0808,0,3
389,alibaba_replay,value_iteration,5.959,13.3794,99.18,0.2692,0,5
390,alibaba_replay,value_iteration,5.289,12.5301,129.6,0.3111,0,0
391,alibaba_replay,value_iteration,4.7096,11.795,129.6,0.2768,0,0
392,alibaba_replay,value_iteration,4.1784,11.1158,129.6,0.2716,0,0
393,alibaba_replay,value_iteration,4.2216,11.3987,99.18,0.006,0,5
394,alibaba_replay,value_iteration,3.7042,10.6343,129.6,0.3368,0,0
395,alibaba_replay,value_iteration,3.2513,9.7681,129.6,0.4072,0,0
396,alibaba_replay,value_iteration,2.8428,9.305,129.6,0.2207,0,0
397,alibaba_replay,value_iteration,2.4437,8.6542,129.6,0.3316,0,0
398,alibaba_replay,value_iteration,2.0702,8.1452,129.6,0.2754,0,0
399,alibaba_replay,value_iteration,2.1701,8.2545,99.18,0.18,0,5
400,alibaba_replay,value_iteration,1.8234,7.6145,129.6,0.3556,0,0
401,alibaba_replay,value_iteration,1.5252,7.1484,129.6,0.2814,0,0
402,alibaba_replay,value_iteration,1.26,6.6543,129.6,0.3055,0,0
403,alibaba_replay,value_iteration,1.0336,6.2727,129.6,0.2588,0,0
404,alibaba_replay,value_iteration,0.8379,5.6285,129.6,0.3973,0,0
405,alibaba_replay,value_iteration,0.68,4.9895,129.6,0.4013,0,0
406,alibaba_replay,value_iteration,0.5463,4.5214,129.6,0.3207,0,0
407,alibaba_replay,value_iteration,0.3924,3.8011,129.6,0.4513,0,0
408,alibaba_replay,value_iteration,0.2701,3.1984,129.6,0.3954,0,0
409,alibaba_replay,value_iteration,0.1992,2.6064,129.6,0.392,0,0
410,alibaba_replay,value_iteration,0.2959,3.1246,99.18,0.048,0,5
411,alibaba_replay,value_iteration,0.1887,2.7579,129.6,0.2801,0,0
412,alibaba_replay,value_iteration,0.1363,2.3075,129.6,0.323,0,0
413,alibaba_replay,value_iteration,0.0938,1.5552,129.6,0.475,0,0
414,alibaba_replay,value_iteration,0.0459,1.1357,129.6,0.3093,0,0
415,alibaba_replay,value_iteration,0.3979,1.4189,83.16,0.2794,0,6
416,alibaba_replay,value_iteration,0.0549,0.4085,129.6,0.6051,0,0
417,alibaba_replay,value_iteration,0.1197,0.6286,99.18,0.2007,0,5
418,alibaba_replay,value_iteration,0.1627,1.0623,99.42,0.0917,0,5
419,alibaba_replay,value_iteration,0.4543,2.0066,83.16,-0.0526,0,6
420,alibaba_replay,value_iteration,0.3831,1.6103,113.4,0.4084,0,3
421,alibaba_replay,value_iteration,0.3328,1.813,99.66,0.2044,0,5
422,alibaba_replay,value_iteration,0.3137,1.8211,99.18,0.305,0,5
423,alibaba_replay,value_iteration,0.5931,2.0452,83.16,0.3068,0,6
424,alibaba_replay,value_iteration,0.484,2.3512,113.4,0.0553,0,3
425,alibaba_replay,value_iteration,0.6559,2.6283,87.48,0.2482,0,6
426,alibaba_replay,value_iteration,0.7426,3.267,99.42,-0.0168,0,5
427,alibaba_replay,value_iteration,1.0721,4.5089,83.16,-0.2098,0,6
428,alibaba_replay,value_iteration,0.9551,2.9366,113.4,0.9877,0,3
429,alibaba_replay,value_iteration,0.9363,4.13,99.18,-0.2991,0,5
430,alibaba_replay,value_iteration,1.0508,5.9669,113.4,-0.7254,0,3
431,alibaba_replay,value_iteration,1.2052,5.8244,99.18,0.3612,0,5
432,alibaba_replay,value_iteration,1.3151,5.6097,99.18,0.3929,0,5
433,alibaba_replay,value_iteration,1.7419,5.3257,83.16,0.531,0,6
434,alibaba_replay,value_iteration,1.299,5.2465,129.6,0.1068,0,0
435,alibaba_replay,value_iteration,1.21,5.4631,113.4,0.0778,0,3
436,alibaba_replay,value_iteration,1.5939,5.4103,83.16,0.418,0,6
437,alibaba_replay,value_iteration,1.0928,5.1434,129.6,0.2087,0,0
438,alibaba_replay,value_iteration,1.0169,4.7656,113.4,0.3816,0,3
439,alibaba_replay,value_iteration,1.352,5.1709,83.16,0.1977,0,6
440,alibaba_replay,value_iteration,0.8464,4.8132,129.6,0.2604,0,0
441,alibaba_replay,value_iteration,0.7528,4.4392,113.4,0.3831,0,3
442,alibaba_replay,value_iteration,0.9412,4.7229,87.48,0.2362,0,6
443,alibaba_replay,value_iteration,1.1771,6.0041,83.16,-0.2342,0,6
444,alibaba_replay,value_iteration,0.9977,4.0637,113.4,1.1677,0,3
445,alibaba_replay,value_iteration,1.0401,4.1033,113.4,0.1776,0,3
446,alibaba_replay,value_iteration,1.2142,5.0006,87.48,-0.0741,0,6
447,alibaba_replay,value_iteration,1.0495,4.5636,99.18,0.5138,0,5
448,alibaba_replay,value_iteration,1.2348,4.8757,83.16,0.2494,0,6
449,alibaba_replay,value_iteration,1.0836,3.9467,99.18,0.7597,0,5
450,alibaba_replay,value_iteration,1.0379,3.5299,99.18,0.5058,0,5
451,alibaba_replay,value_iteration,0.5744,2.7618,129.6,0.4768,0,0
452,alibaba_replay,value_iteration,0.8359,2.9771,83.16,0.3049,0,6
453,alibaba_replay,value_iteration,0.4151,2.3797,129.6,0.3931,0,0
454,alibaba_replay,value_iteration,0.4182,2.9251,113.4,-0.0656,0,3
455,alibaba_replay,value_iteration,0.427,2.2689,99.66,0.6318,0,5
456,alibaba_replay,value_iteration,0.69,2.53,85.23,0.2707,0,6
457,alibaba_replay,value_iteration,0.328,1.8243,129.6,0.4494,0,0
458,alibaba_replay,value_iteration,0.6272,2.3485,83.16,0.1553,0,6
459,alibaba_replay,value_iteration,0.8147,3.1403,87.48,-0.0114,0,6
460,alibaba_replay,value_iteration,0.9949,3.5709,83.16,0.1979,0,6
461,alibaba_replay,value_iteration,0.8464,2.7251,99.42,0.724,0,5
462,alibaba_replay,value_iteration,1.0858,3.5884,83.16,-0.0219,0,6
463,alibaba_replay,value_iteration,0.9079,3.4111,113.4,0.2886,0,3
464,alibaba_replay,value_iteration,0.8238,3.4691,99.66,0.2681,0,5
465,alibaba_replay,value_iteration,0.3988,2.8692,129.6,0.3941,0,0
466,alibaba_replay,value_iteration,0.2147,2.2074,129.6,0.4279,0,0
467,alibaba_replay,value_iteration,0.1115,1.3791,129.6,0.5131,0,0
468,alibaba_replay,value_iteration,0.2019,1.5914,99.42,0.2021,0,5
469,alibaba_replay,value_iteration,0.6122,2.1375,85.23,0.1314,0,6
470,alibaba_replay,value_iteration,0.4844,2.1366,113.4,0.2089,0,3
471,alibaba_replay,value_iteration,0.7194,2.92,85.23,0.0103,0,6
472,alibaba_replay,value_iteration,1.0043,3.5253,83.16,0.1109,0,6
473,alibaba_replay,value_iteration,0.9295,2.6443,99.42,0.7409,0,5
474,alibaba_replay,value_iteration,0.6687,2.7914,113.4,0.13,0,3
475,alibaba_replay,value_iteration,0.615,2.8385,99.42,0.2784,0,5
476,alibaba_replay,value_iteration,0.8913,2.8811,85.23,0.3786,0,6
477,alibaba_replay,value_iteration,0.7949,2.8242,99.66,0.3285,0,5
478,alibaba_replay,value_iteration,1.049,3.1104,83.16,0.2687,0,6
479,alibaba_replay,value_iteration,1.1807,3.3614,99.18,0.1726,0,5
480,alibaba_replay,value_iteration,0.8258,3.5264,129.6,0.0058,0,0
481,alibaba_replay,value_iteration,0.9397,4.3298,113.4,-0.2033,0,3
482,alibaba_replay,value_iteration,1.1217,4.6946,113.4,0.0119,0,1
483,alibaba_replay,value_iteration,0.9511,4.6691,129.6,0.095,0,0
484,alibaba_replay,value_iteration,0.8258,4.0032,129.6,0.4171,0,0
485,alibaba_replay,value_iteration,0.6872,3.6963,129.6,0.2392,0,0
486,alibaba_replay,value_iteration,0.5934,3.4914,129.6,0.1893,0,0
487,alibaba_replay,value_iteration,0.756,4.4535,113.4,-0.283,0,3
488,alibaba_replay,value_iteration,0.5635,4.2179,129.6,0.2044,0,0
489,alibaba_replay,value_iteration,0.7984,4.8168,113.4,-0.0995,0,1
490,alibaba_replay,value_iteration,1.0072,4.539,99.42,0.4328,0,5
491,alibaba_replay,value_iteration,1.0559,4.3935,113.4,0.2661,0,3
492,alibaba_replay,value_iteration,1.1824,5.1433,113.4,-0.1838,0,1
493,alibaba_replay,value_iteration,0.9324,4.4089,129.6,0.4499,0,0
494,alibaba_replay,value_iteration,0.7076,4.0722,129.6,0.2547,0,0
495,alibaba_replay,value_iteration,0.8791,4.3984,113.4,0.0335,0,3
496,alibaba_replay,value_iteration,0.6626,3.6566,129.6,0.4576,0,0
497,alibaba_replay,value_iteration,0.5346,3.1353,129.6,0.3512,0,0
498,alibaba_replay,value_iteration,0.429,2.5682,129.6,0.377,0,0
499,alibaba_replay,value_iteration,0.3381,2.0523,129.6,0.3539,0,0
500,alibaba_replay,value_iteration,0.266,1.9265,129.6,0.16,0,0
1,workload_burst,value_iteration,19.005,20.0313,129.6,1.082,0,0
2,workload_burst,value_iteration,16.1854,17.2549,129.6,1.0981,0,0
3,workload_burst,value_iteration,13.5458,14.7247,129.6,1.0982,0,0
4,workload_burst,value_iteration,11.0353,12.1591,129.6,1.0984,0,0
5,workload_burst,value_iteration,8.6406,9.755,129.6,1.0984,0,0
6,workload_burst,value_iteration,6.3804,7.6229,129.6,1.0982,0,0
7,workload_burst,value_iteration,4.2127,5.2771,129.6,1.0986,0,0
8,workload_burst,value_iteration,2.1806,3.4062,129.6,1.034,0,0
9,workload_burst,value_iteration,0.2805,1.1933,129.6,1.0992,0,0
10,workload_burst,value_iteration,0.0,0.0,129.6,0.6967,0,0
11,workload_burst,value_iteration,0.0,0.0,129.6,0.1,0,0
12,workload_burst,value_iteration,0.0,0.0,129.6,0.1,0,0
13,workload_burst,value_iteration,0.0,0.0,129.6,0.1,0,0
14,workload_burst,value_iteration,0.0,0.0,129.6,0.1,0,0
15,workload_burst,value_iteration,0.0,0.0,129.6,0.1,0,0
16,workload_burst,value_iteration,0.0,0.0,129.6,0.1,0,0
17,workload_burst,value_iteration,0.0,0.0,129.6,0.1,0,0
18,workload_burst,value_iteration,0.0,0.0,129.6,0.1,0,0
19,workload_burst,value_iteration,0.0,0.0,129.6,0.1,0,0
20,workload_burst,value_iteration,0.3094,2.0413,129.6,-0.9034,0,0
21,workload_burst,value_iteration,0.3735,2.056,129.6,0.0879,0,0
22,workload_burst,value_iteration,0.3898,2.9163,129.6,-0.3362,0,0
23,workload_burst,value_iteration,0.3551,1.9452,129.6,0.5822,0,0
24,workload_burst,value_iteration,0.5184,3.812,129.6,-0.8443,0,0
25,workload_burst,value_iteration,0.4693,3.5798,129.6,0.2088,0,0
26,workload_burst,value_iteration,0.4252,3.7643,113.4,0.1117,0,3
27,workload_burst,value_iteration,0.4414,2.4794,129.6,0.7369,0,0
28,workload_burst,value_iteration,0.5498,3.9523,129.6,-0.6481,0,0
29,workload_burst,value_iteration,0.3558,1.7239,129.6,1.0969,0,0
30,workload_burst,value_iteration,0.826,3.4664,87.48,-0.4919,0,6
31,workload_burst,value_iteration,0.4651,2.1741,129.6,0.7427,0,0
32,workload_burst,value_iteration,0.3924,2.3742,129.6,-0.0051,0,0
33,workload_burst,value_iteration,0.5936,3.6184,129.6,-0.5345,0,0
34,workload_burst,value_iteration,0.5745,2.5066,129.6,0.6497,0,0
35,workload_burst,value_iteration,0.0145,0.3155,129.6,1.1,0,0
36,workload_burst,value_iteration,0.0,0.0,129.6,0.2577,0,0
37,workload_burst,value_iteration,0.0,0.0,129.6,0.1,0,0
38,workload_burst,value_iteration,0.0,0.0,129.6,0.1,0,0
39,workload_burst,value_iteration,0.0,0.0,129.6,0.1,0,0
40,workload_burst,value_iteration,0.0,0.0,129.6,0.1,0,0
41,workload_burst,value_iteration,0.0,0.0,129.6,0.1,0,0
42,workload_burst,value_iteration,0.0,0.0,129.6,0.1,0,0
43,workload_burst,value_iteration,0.0,0.0,129.6,0.1,0,0
44,workload_burst,value_iteration,0.0,0.0,129.6,0.1,0,0
45,workload_burst,value_iteration,0.0,0.0,129.6,0.1,0,0
46,workload_burst,value_iteration,0.0,0.0,129.6,0.1,0,0
47,workload_burst,value_iteration,0.0,0.0,129.6,0.1,0,0
48,workload_burst,value_iteration,0.0,0.0,129.6,0.1,0,0
49,workload_burst,value_iteration,0.0,0.0,129.6,0.1,0,0
50,workload_burst,value_iteration,0.0,0.0,129.6,0.1,0,0
51,workload_burst,value_iteration,0.0,0.0,129.6,0.1,0,0
52,workload_burst,value_iteration,0.0,0.0,129.6,0.1,0,0
53,workload_burst,value_iteration,0.0,0.0,129.6,0.1,0,0
54,workload_burst,value_iteration,0.0,0.0,129.6,0.1,0,0
55,workload_burst,value_iteration,0.0,0.0,129.6,0.1,0,0
56,workload_burst,value_iteration,0.0,0.0,129.6,0.1,0,0
57,workload_burst,value_iteration,0.0,0.0,129.6,0.1,0,0
58,workload_burst,value_iteration,0.0,0.0,129.6,0.1,0,0
59,workload_burst,value_iteration,0.0,0.0,129.6,0.1,0,0
60,workload_burst,value_iteration,0.0,0.0,129.6,0.1,0,0
61,workload_burst,value_iteration,0.0,0.0,129.6,0.1,0,0
62,workload_burst,value_iteration,0.0,0.0,129.6,0.1,0,0
63,workload_burst,value_iteration,0.0,0.0,129.6,0.1,0,0
64,workload_burst,value_iteration,0.0,0.0,129.6,0.1,0,0
65,workload_burst,value_iteration,0.0,0.0,129.6,0.1,0,0
66,workload_burst,value_iteration,0.0,0.0,129.6,0.1,0,0
67,workload_burst,value_iteration,0.0,0.0,129.6,0.1,0,0
68,workload_burst,value_iteration,0.0,0.0,129.6,0.1,0,0
69,workload_burst,value_iteration,0.0,0.0,129.6,0.1,0,0
70,workload_burst,value_iteration,0.3308,1.9379,129.6,-0.8728,0,0
71,workload_burst,value_iteration,0.7972,4.3846,87.48,-0.6266,0,6
72,workload_burst,value_iteration,0.6623,5.1791,129.6,-0.3092,0,0
73,workload_burst,value_iteration,0.7702,6.3707,129.6,-0.5194,0,0
74,workload_burst,value_iteration,0.669,4.1668,129.6,1.0907,0,0
75,workload_burst,value_iteration,0.4971,2.747,129.6,0.8026,0,0
76,workload_burst,value_iteration,0.7335,5.1832,113.4,-0.8041,0,3
77,workload_burst,value_iteration,0.6391,4.7023,129.6,0.326,0,0
78,workload_burst,value_iteration,0.6325,5.1414,129.6,-0.1343,0,0
79,workload_burst,value_iteration,0.8408,5.1111,87.48,0.3901,0,6
80,workload_burst,value_iteration,0.6117,4.2056,129.6,0.543,0,0
81,workload_burst,value_iteration,0.3923,2.0035,129.6,1.0959,0,0
82,workload_burst,value_iteration,0.4865,3.8166,129.6,-0.8166,0,0
83,workload_burst,value_iteration,0.5066,4.2572,129.6,-0.1323,0,0
84,workload_burst,value_iteration,0.7638,5.7149,129.6,-0.6526,0,0
85,workload_burst,value_iteration,0.2931,3.637,129.6,1.0929,0,0
86,workload_burst,value_iteration,0.0689,1.7042,129.6,1.0655,0,0
87,workload_burst,value_iteration,0.0,0.0,129.6,0.9521,0,0
88,workload_burst,value_iteration,0.0,0.0,129.6,0.1,0,0
89,workload_burst,value_iteration,0.0,0.0,129.6,0.1,0,0
90,workload_burst,value_iteration,0.0,0.0,129.6,0.1,0,0
91,workload_burst,value_iteration,0.0,0.0,129.6,0.1,0,0
92,workload_burst,value_iteration,0.0,0.0,129.6,0.1,0,0
93,workload_burst,value_iteration,0.0,0.0,129.6,0.1,0,0
94,workload_burst,value_iteration,0.0,0.0,129.6,0.1,0,0
95,workload_burst,value_iteration,0.0,0.0,129.6,0.1,0,0
96,workload_burst,value_iteration,0.0,0.0,129.6,0.1,0,0
97,workload_burst,value_iteration,0.0,0.0,129.6,0.1,0,0
98,workload_burst,value_iteration,0.0,0.0,129.6,0.1,0,0
99,workload_burst,value_iteration,0.0,0.0,129.6,0.1,0,0
100,workload_burst,value_iteration,0.0,0.0,129.6,0.1,0,0
101,workload_burst,value_iteration,0.0,0.0,129.6,0.1,0,0
102,workload_burst,value_iteration,0.0,0.0,129.6,0.1,0,0
103,workload_burst,value_iteration,0.0,0.0,129.6,0.1,0,0
104,workload_burst,value_iteration,0.0,0.0,129.6,0.1,0,0
105,workload_burst,value_iteration,0.0,0.0,129.6,0.1,0,0
106,workload_burst,value_iteration,0.0,0.0,129.6,0.1,0,0
107,workload_burst,value_iteration,0.0,0.0,129.6,0.1,0,0
108,workload_burst,value_iteration,0.0,0.0,129.6,0.1,0,0
109,workload_burst,value_iteration,0.0,0.0,129.6,0.1,0,0
110,workload_burst,value_iteration,0.0,0.0,129.6,0.1,0,0
111,workload_burst,value_iteration,0.0,0.0,129.6,0.1,0,0
112,workload_burst,value_iteration,0.0,0.0,129.6,0.1,0,0
113,workload_burst,value_iteration,0.0,0.0,129.6,0.1,0,0
114,workload_burst,value_iteration,0.0,0.0,129.6,0.1,0,0
115,workload_burst,value_iteration,0.0,0.0,129.6,0.1,0,0
116,workload_burst,value_iteration,0.0,0.0,129.6,0.1,0,0
117,workload_burst,value_iteration,0.0,0.0,129.6,0.1,0,0
118,workload_burst,value_iteration,0.0,0.0,129.6,0.1,0,0
119,workload_burst,value_iteration,0.0,0.0,129.6,0.1,0,0
120,workload_burst,value_iteration,0.33,2.226,129.6,-0.9038,0,0
121,workload_burst,value_iteration,0.5046,3.2746,129.6,-0.4334,0,0
122,workload_burst,value_iteration,0.5096,3.2377,129.6,0.1108,0,0
123,workload_burst,value_iteration,0.418,2.9357,129.6,0.245,0,0
124,workload_burst,value_iteration,0.4789,3.0658,129.6,0.0282,0,0
125,workload_burst,value_iteration,0.5237,4.1463,129.6,-0.4514,0,0
126,workload_burst,value_iteration,0.4544,2.3795,129.6,0.9775,0,0
127,workload_burst,value_iteration,0.7735,4.3877,99.66,-0.7088,0,5
128,workload_burst,value_iteration,1.0186,4.5642,99.66,0.1996,0,5
129,workload_burst,value_iteration,1.0894,6.2618,129.6,-0.7869,0,0
130,workload_burst,value_iteration,1.3687,8.6254,87.48,-0.6676,0,6
131,workload_burst,value_iteration,1.5067,8.7358,113.4,0.1025,0,3
132,workload_burst,value_iteration,1.3643,7.0906,129.6,0.8843,0,0
133,workload_burst,value_iteration,1.1227,7.1806,129.6,0.0229,0,0
134,workload_burst,value_iteration,1.0416,7.9735,129.6,-0.3294,0,0
135,workload_burst,value_iteration,0.427,5.32,129.6,1.0895,0,0
136,workload_burst,value_iteration,0.092,3.0692,129.6,1.0975,0,0
137,workload_burst,value_iteration,0.027,0.9729,129.6,1.0997,0,0
138,workload_burst,value_iteration,0.0,0.0,129.6,0.5864,0,0
139,workload_burst,value_iteration,0.0,0.0,129.6,0.1,0,0
140,workload_burst,value_iteration,0.0,0.0,129.6,0.1,0,0
141,workload_burst,value_iteration,0.0,0.0,129.6,0.1,0,0
142,workload_burst,value_iteration,0.0,0.0,129.6,0.1,0,0
143,workload_burst,value_iteration,0.0,0.0,129.6,0.1,0,0
144,workload_burst,value_iteration,0.0,0.0,129.6,0.1,0,0
145,workload_burst,value_iteration,0.0,0.0,129.6,0.1,0,0
146,workload_burst,value_iteration,0.0,0.0,129.6,0.1,0,0
147,workload_burst,value_iteration,0.0,0.0,129.6,0.1,0,0
148,workload_burst,value_iteration,0.0,0.0,129.6,0.1,0,0
149,workload_burst,value_iteration,0.0,0.0,129.6,0.1,0,0
150,workload_burst,value_iteration,0.0,0.0,129.6,0.1,0,0
151,workload_burst,value_iteration,0.0,0.0,129.6,0.1,0,0
152,workload_burst,value_iteration,0.0,0.0,129.6,0.1,0,0
153,workload_burst,value_iteration,0.0,0.0,129.6,0.1,0,0
154,workload_burst,value_iteration,0.0,0.0,129.6,0.1,0,0
155,workload_burst,value_iteration,0.0,0.0,129.6,0.1,0,0
156,workload_burst,value_iteration,0.0,0.0,129.6,0.1,0,0
157,workload_burst,value_iteration,0.0,0.0,129.6,0.1,0,0
158,workload_burst,value_iteration,0.0,0.0,129.6,0.1,0,0
159,workload_burst,value_iteration,0.0,0.0,129.6,0.1,0,0
160,workload_burst,value_iteration,0.0,0.0,129.6,0.1,0,0
161,workload_burst,value_iteration,0.0,0.0,129.6,0.1,0,0
162,workload_burst,value_iteration,0.0,0.0,129.6,0.1,0,0
163,workload_burst,value_iteration,0.0,0.0,129.6,0.1,0,0
164,workload_burst,value_iteration,0.0,0.0,129.6,0.1,0,0
165,workload_burst,value_iteration,0.0,0.0,129.6,0.1,0,0
166,workload_burst,value_iteration,0.0,0.0,129.6,0.1,0,0
167,workload_burst,value_iteration,0.0,0.0,129.6,0.1,0,0
168,workload_burst,value_iteration,0.0,0.0,129.6,0.1,0,0
169,workload_burst,value_iteration,0.0,0.0,129.6,0.1,0,0
170,workload_burst,value_iteration,0.3639,2.1415,129.6,-0.9052,0,0
171,workload_burst,value_iteration,0.3511,1.8622,129.6,0.2358,0,0
172,workload_burst,value_iteration,0.4301,2.8057,129.6,-0.3785,0,0
173,workload_burst,value_iteration,0.2633,2.0668,113.4,0.579,0,3
174,workload_burst,value_iteration,0.4085,2.0951,129.6,0.0802,0,0
175,workload_burst,value_iteration,0.3983,3.6722,129.6,-0.6953,0,0
176,workload_burst,value_iteration,0.4859,2.4902,129.6,0.6847,0,0
177,workload_burst,value_iteration,0.4135,2.9207,129.6,-0.1213,0,0
178,workload_burst,value_iteration,0.4591,3.3041,129.6,-0.1002,0,0
179,workload_burst,value_iteration,0.6636,4.6344,129.6,-0.5815,0,0
180,workload_burst,value_iteration,0.5224,2.6442,129.6,1.0887,0,0
181,workload_burst,value_iteration,0.5821,4.0443,129.6,-0.6132,0,0
182,workload_burst,value_iteration,0.4817,2.2778,129.6,0.9785,0,0
183,workload_burst,value_iteration,0.4762,3.4619,129.6,-0.5008,0,0
184,workload_burst,value_iteration,0.4062,1.9459,129.6,0.854,0,0
185,workload_burst,value_iteration,0.0816,0.7381,99.42,0.9132,0,5
186,workload_burst,value_iteration,0.0,0.0,129.6,0.469,0,0
187,workload_burst,value_iteration,0.0,0.0,129.6,0.1,0,0
188,workload_burst,value_iteration,0.0,0.0,129.6,0.1,0,0
189,workload_burst,value_iteration,0.0,0.0,129.6,0.1,0,0
190,workload_burst,value_iteration,0.0,0.0,129.6,0.1,0,0
191,workload_burst,value_iteration,0.0,0.0,129.6,0.1,0,0
192,workload_burst,value_iteration,0.0,0.0,129.6,0.1,0,0
193,workload_burst,value_iteration,0.0,0.0,129.6,0.1,0,0
194,workload_burst,value_iteration,0.0,0.0,129.6,0.1,0,0
195,workload_burst,value_iteration,0.0,0.0,129.6,0.1,0,0
196,workload_burst,value_iteration,0.0,0.0,129.6,0.1,0,0
197,workload_burst,value_iteration,0.0,0.0,129.6,0.1,0,0
198,workload_burst,value_iteration,0.0,0.0,129.6,0.1,0,0
199,workload_burst,value_iteration,0.0,0.0,129.6,0.1,0,0
200,workload_burst,value_iteration,0.0,0.0,129.6,0.1,0,0
201,workload_burst,value_iteration,0.0,0.0,129.6,0.1,0,0
202,workload_burst,value_iteration,0.0,0.0,129.6,0.1,0,0
203,workload_burst,value_iteration,0.0,0.0,129.6,0.1,0,0
204,workload_burst,value_iteration,0.0,0.0,129.6,0.1,0,0
205,workload_burst,value_iteration,0.0,0.0,129.6,0.1,0,0
206,workload_burst,value_iteration,0.0,0.0,129.6,0.1,0,0
207,workload_burst,value_iteration,0.0,0.0,129.6,0.1,0,0
208,workload_burst,value_iteration,0.0,0.0,129.6,0.1,0,0
209,workload_burst,value_iteration,0.0,0.0,129.6,0.1,0,0
210,workload_burst,value_iteration,0.0,0.0,129.6,0.1,0,0
211,workload_burst,value_iteration,0.0,0.0,129.6,0.1,0,0
212,workload_burst,value_iteration,0.0,0.0,129.6,0.1,0,0
213,workload_burst,value_iteration,0.0,0.0,129.6,0.1,0,0
214,workload_burst,value_iteration,0.0,0.0,129.6,0.1,0,0
215,workload_burst,value_iteration,0.0,0.0,129.6,0.1,0,0
216,workload_burst,value_iteration,0.0,0.0,129.6,0.1,0,0
217,workload_burst,value_iteration,0.0,0.0,129.6,0.1,0,0
218,workload_burst,value_iteration,0.0,0.0,129.6,0.1,0,0
219,workload_burst,value_iteration,0.0,0.0,129.6,0.1,0,0
220,workload_burst,value_iteration,0.3784,2.2087,129.6,-0.9053,0,0
221,workload_burst,value_iteration,0.3267,2.1851,129.6,0.1079,0,0
222,workload_burst,value_iteration,0.6449,3.4447,129.6,-0.5431,0,0
223,workload_burst,value_iteration,0.6293,4.4189,129.6,-0.4004,0,0
224,workload_burst,value_iteration,0.5465,5.644,129.6,-0.5244,0,0
225,workload_burst,value_iteration,0.8045,7.3357,129.6,-0.7715,0,0
226,workload_burst,value_iteration,1.1137,8.9401,129.6,-0.7462,0,0
227,workload_burst,value_iteration,0.9728,8.7652,129.6,0.1597,0,0
228,workload_burst,value_iteration,0.9465,8.9615,129.6,-0.0365,0,0
229,workload_burst,value_iteration,1.052,9.9416,129.6,-0.4321,0,0
230,workload_burst,value_iteration,1.0213,7.3443,129.6,1.0718,0,0
231,workload_burst,value_iteration,1.0822,4.6922,99.66,1.2883,0,5
232,workload_burst,value_iteration,0.9277,5.523,129.6,-0.3422,0,0
233,workload_burst,value_iteration,0.6739,6.1339,129.6,-0.2213,0,0
234,workload_burst,value_iteration,0.613,4.3735,129.6,0.9678,0,0
235,workload_burst,value_iteration,0.1315,2.2911,129.6,1.098,0,0
236,workload_burst,value_iteration,0.0106,0.3823,129.6,1.0544,0,0
237,workload_burst,value_iteration,0.0,0.0,129.6,0.2911,0,0
238,workload_burst,value_iteration,0.0,0.0,129.6,0.1,0,0
239,workload_burst,value_iteration,0.0,0.0,129.6,0.1,0,0
240,workload_burst,value_iteration,0.0,0.0,129.6,0.1,0,0
241,workload_burst,value_iteration,0.0,0.0,129.6,0.1,0,0
242,workload_burst,value_iteration,0.0,0.0,129.6,0.1,0,0
243,workload_burst,value_iteration,0.0,0.0,129.6,0.1,0,0
244,workload_burst,value_iteration,0.0,0.0,129.6,0.1,0,0
245,workload_burst,value_iteration,0.0,0.0,129.6,0.1,0,0
246,workload_burst,value_iteration,0.0,0.0,129.6,0.1,0,0
247,workload_burst,value_iteration,0.0,0.0,129.6,0.1,0,0
248,workload_burst,value_iteration,0.0,0.0,129.6,0.1,0,0
249,workload_burst,value_iteration,0.0,0.0,129.6,0.1,0,0
250,workload_burst,value_iteration,0.0,0.0,129.6,0.1,0,0
251,workload_burst,value_iteration,0.0,0.0,129.6,0.1,0,0
252,workload_burst,value_iteration,0.0,0.0,129.6,0.1,0,0
253,workload_burst,value_iteration,0.0,0.0,129.6,0.1,0,0
254,workload_burst,value_iteration,0.0,0.0,129.6,0.1,0,0
255,workload_burst,value_iteration,0.0,0.0,129.6,0.1,0,0
256,workload_burst,value_iteration,0.0,0.0,129.6,0.1,0,0
257,workload_burst,value_iteration,0.0,0.0,129.6,0.1,0,0
258,workload_burst,value_iteration,0.0,0.0,129.6,0.1,0,0
259,workload_burst,value_iteration,0.0,0.0,129.6,0.1,0,0
260,workload_burst,value_iteration,0.0,0.0,129.6,0.1,0,0
261,workload_burst,value_iteration,0.0,0.0,129.6,0.1,0,0
262,workload_burst,value_iteration,0.0,0.0,129.6,0.1,0,0
263,workload_burst,value_iteration,0.0,0.0,129.6,0.1,0,0
264,workload_burst,value_iteration,0.0,0.0,129.6,0.1,0,0
265,workload_burst,value_iteration,0.0,0.0,129.6,0.1,0,0
266,workload_burst,value_iteration,0.0,0.0,129.6,0.1,0,0
267,workload_burst,value_iteration,0.0,0.0,129.6,0.1,0,0
268,workload_burst,value_iteration,0.0,0.0,129.6,0.1,0,0
269,workload_burst,value_iteration,0.0,0.0,129.6,0.1,0,0
270,workload_burst,value_iteration,0.2711,2.0004,129.6,-0.9029,0,0
271,workload_burst,value_iteration,0.5833,4.5968,99.66,-0.7043,0,5
272,workload_burst,value_iteration,0.4966,2.5018,129.6,1.0944,0,0
273,workload_burst,value_iteration,0.6973,3.7824,129.6,-0.5562,0,0
274,workload_burst,value_iteration,0.5559,1.9514,129.6,1.0102,0,0
275,workload_burst,value_iteration,0.4022,2.5535,129.6,-0.2069,0,0
276,workload_burst,value_iteration,0.498,4.1733,129.6,-0.7196,0,0
277,workload_burst,value_iteration,0.4118,3.3736,129.6,0.4928,0,0
278,workload_burst,value_iteration,0.5824,4.3892,129.6,-0.4206,0,0
279,workload_burst,value_iteration,0.4172,2.6332,129.6,0.9727,0,0
280,workload_burst,value_iteration,0.7961,4.5539,113.4,-0.7654,0,3
281,workload_burst,value_iteration,0.6591,5.4183,129.6,-0.3452,0,0
282,workload_burst,value_iteration,0.9623,4.8895,87.48,0.635,0,6
283,workload_burst,value_iteration,0.6741,2.8681,129.6,1.0925,0,0
284,workload_burst,value_iteration,0.6943,4.8016,129.6,-0.8823,0,0
285,workload_burst,value_iteration,0.1904,2.6003,129.6,1.0975,0,0
286,workload_burst,value_iteration,0.02,0.7186,129.6,1.0407,0,0
287,workload_burst,value_iteration,0.0,0.0,129.6,0.4593,0,0
288,workload_burst,value_iteration,0.0,0.0,129.6,0.1,0,0
289,workload_burst,value_iteration,0.0,0.0,129.6,0.1,0,0
290,workload_burst,value_iteration,0.0,0.0,129.6,0.1,0,0
291,workload_burst,value_iteration,0.0,0.0,129.6,0.1,0,0
292,workload_burst,value_iteration,0.0,0.0,129.6,0.1,0,0
293,workload_burst,value_iteration,0.0,0.0,129.6,0.1,0,0
294,workload_burst,value_iteration,0.0,0.0,129.6,0.1,0,0
295,workload_burst,value_iteration,0.0,0.0,129.6,0.1,0,0
296,workload_burst,value_iteration,0.0,0.0,129.6,0.1,0,0
297,workload_burst,value_iteration,0.0,0.0,129.6,0.1,0,0
298,workload_burst,value_iteration,0.0,0.0,129.6,0.1,0,0
299,workload_burst,value_iteration,0.0,0.0,129.6,0.1,0,0
300,workload_burst,value_iteration,0.0,0.0,129.6,0.1,0,0
301,workload_burst,value_iteration,0.0,0.0,129.6,0.1,0,0
302,workload_burst,value_iteration,0.0,0.0,129.6,0.1,0,0
303,workload_burst,value_iteration,0.0,0.0,129.6,0.1,0,0
304,workload_burst,value_iteration,0.0,0.0,129.6,0.1,0,0
305,workload_burst,value_iteration,0.0,0.0,129.6,0.1,0,0
306,workload_burst,value_iteration,0.0,0.0,129.6,0.1,0,0
307,workload_burst,value_iteration,0.0,0.0,129.6,0.1,0,0
308,workload_burst,value_iteration,0.0,0.0,129.6,0.1,0,0
309,workload_burst,value_iteration,0.0,0.0,129.6,0.1,0,0
310,workload_burst,value_iteration,0.0,0.0,129.6,0.1,0,0
311,workload_burst,value_iteration,0.0,0.0,129.6,0.1,0,0
312,workload_burst,value_iteration,0.0,0.0,129.6,0.1,0,0
313,workload_burst,value_iteration,0.0,0.0,129.6,0.1,0,0
314,workload_burst,value_iteration,0.0,0.0,129.6,0.1,0,0
315,workload_burst,value_iteration,0.0,0.0,129.6,0.1,0,0
316,workload_burst,value_iteration,0.0,0.0,129.6,0.1,0,0
317,workload_burst,value_iteration,0.0,0.0,129.6,0.1,0,0
318,workload_burst,value_iteration,0.0,0.0,129.6,0.1,0,0
319,workload_burst,value_iteration,0.0,0.0,129.6,0.1,0,0
320,workload_burst,value_iteration,0.3494,2.2805,129.6,-0.9043,0,0
321,workload_burst,value_iteration,0.5964,3.2527,129.6,-0.398,0,0
322,workload_burst,value_iteration,0.6112,4.7191,129.6,-0.646,0,0
323,workload_burst,value_iteration,0.5632,3.0796,129.6,0.9117,0,0
324,workload_burst,value_iteration,0.583,4.4587,129.6,-0.6014,0,0
325,workload_burst,value_iteration,0.825,4.0334,113.4,0.4069,0,3
326,workload_burst,value_iteration,0.9541,4.8255,129.6,-0.3237,0,0
327,workload_burst,value_iteration,0.8586,6.071,129.6,-0.5433,0,0
328,workload_burst,value_iteration,0.8445,3.571,129.6,1.0842,0,0
329,workload_burst,value_iteration,0.6368,5.3526,129.6,-0.8017,0,0
330,workload_burst,value_iteration,0.7858,4.3685,99.66,0.7844,0,5
331,workload_burst,value_iteration,0.6029,4.6054,129.6,-0.029,0,0
332,workload_burst,value_iteration,0.6075,4.6647,129.6,0.0571,0,0
333,workload_burst,value_iteration,0.9183,5.1454,99.66,0.0506,0,5
334,workload_burst,value_iteration,0.7348,5.5443,129.6,-0.1148,0,0
335,workload_burst,value_iteration,0.1638,3.121,129.6,1.0967,0,0
336,workload_burst,value_iteration,0.0246,0.8863,129.6,1.0998,0,0
337,workload_burst,value_iteration,0.0,0.0,129.6,0.5432,0,0
338,workload_burst,value_iteration,0.0,0.0,129.6,0.1,0,0
339,workload_burst,value_iteration,0.0,0.0,129.6,0.1,0,0
340,workload_burst,value_iteration,0.0,0.0,129.6,0.1,0,0
341,workload_burst,value_iteration,0.0,0.0,129.6,0.1,0,0
342,workload_burst,value_iteration,0.0,0.0,129.6,0.1,0,0
343,workload_burst,value_iteration,0.0,0.0,129.6,0.1,0,0
344,workload_burst,value_iteration,0.0,0.0,129.6,0.1,0,0
345,workload_burst,value_iteration,0.0,0.0,129.6,0.1,0,0
346,workload_burst,value_iteration,0.0,0.0,129.6,0.1,0,0
347,workload_burst,value_iteration,0.0,0.0,129.6,0.1,0,0
348,workload_burst,value_iteration,0.0,0.0,129.6,0.1,0,0
349,workload_burst,value_iteration,0.0,0.0,129.6,0.1,0,0
350,workload_burst,value_iteration,0.0,0.0,129.6,0.1,0,0
351,workload_burst,value_iteration,0.0,0.0,129.6,0.1,0,0
352,workload_burst,value_iteration,0.0,0.0,129.6,0.1,0,0
353,workload_burst,value_iteration,0.0,0.0,129.6,0.1,0,0
354,workload_burst,value_iteration,0.0,0.0,129.6,0.1,0,0
355,workload_burst,value_iteration,0.0,0.0,129.6,0.1,0,0
356,workload_burst,value_iteration,0.0,0.0,129.6,0.1,0,0
357,workload_burst,value_iteration,0.0,0.0,129.6,0.1,0,0
358,workload_burst,value_iteration,0.0,0.0,129.6,0.1,0,0
359,workload_burst,value_iteration,0.0,0.0,129.6,0.1,0,0
360,workload_burst,value_iteration,0.0,0.0,129.6,0.1,0,0
361,workload_burst,value_iteration,0.0,0.0,129.6,0.1,0,0
362,workload_burst,value_iteration,0.0,0.0,129.6,0.1,0,0
363,workload_burst,value_iteration,0.0,0.0,129.6,0.1,0,0
364,workload_burst,value_iteration,0.0,0.0,129.6,0.1,0,0
365,workload_burst,value_iteration,0.0,0.0,129.6,0.1,0,0
366,workload_burst,value_iteration,0.0,0.0,129.6,0.1,0,0
367,workload_burst,value_iteration,0.0,0.0,129.6,0.1,0,0
368,workload_burst,value_iteration,0.0,0.0,129.6,0.1,0,0
369,workload_burst,value_iteration,0.0,0.0,129.6,0.1,0,0
370,workload_burst,value_iteration,0.2664,1.7454,129.6,-0.7754,0,0
371,workload_burst,value_iteration,0.3188,1.866,129.6,0.036,0,0
372,workload_burst,value_iteration,0.4234,3.6415,129.6,-0.7965,0,0
373,workload_burst,value_iteration,0.6271,4.6443,129.6,-0.4164,0,0
374,workload_burst,value_iteration,0.5559,3.4743,129.6,0.6767,0,0
375,workload_burst,value_iteration,0.5351,4.848,129.6,-0.5973,0,0
376,workload_burst,value_iteration,0.4903,4.9422,129.6,0.0417,0,0
377,workload_burst,value_iteration,0.519,5.2952,129.6,-0.0878,0,0
378,workload_burst,value_iteration,0.5758,6.7005,129.6,-0.62,0,0
379,workload_burst,value_iteration,0.8225,6.7359,129.6,0.0567,0,0
380,workload_burst,value_iteration,0.7618,4.4621,129.6,1.0813,0,0
381,workload_burst,value_iteration,1.0711,7.2594,113.4,-0.8188,0,3
382,workload_burst,value_iteration,0.8345,5.0357,129.6,1.0866,0,0
383,workload_burst,value_iteration,0.6168,3.9345,129.6,0.6384,0,0
384,workload_burst,value_iteration,0.8785,5.298,99.66,-0.3959,0,5
385,workload_burst,value_iteration,0.3083,2.8599,129.6,1.0949,0,0
386,workload_burst,value_iteration,0.0302,0.604,129.6,1.0998,0,0
387,workload_burst,value_iteration,0.0,0.0,129.6,0.402,0,0
388,workload_burst,value_iteration,0.0,0.0,129.6,0.1,0,0
389,workload_burst,value_iteration,0.0,0.0,129.6,0.1,0,0
390,workload_burst,value_iteration,0.0,0.0,129.6,0.1,0,0
391,workload_burst,value_iteration,0.0,0.0,129.6,0.1,0,0
392,workload_burst,value_iteration,0.0,0.0,129.6,0.1,0,0
393,workload_burst,value_iteration,0.0,0.0,129.6,0.1,0,0
394,workload_burst,value_iteration,0.0,0.0,129.6,0.1,0,0
395,workload_burst,value_iteration,0.0,0.0,129.6,0.1,0,0
396,workload_burst,value_iteration,0.0,0.0,129.6,0.1,0,0
397,workload_burst,value_iteration,0.0,0.0,129.6,0.1,0,0
398,workload_burst,value_iteration,0.0,0.0,129.6,0.1,0,0
399,workload_burst,value_iteration,0.0,0.0,129.6,0.1,0,0
400,workload_burst,value_iteration,0.0,0.0,129.6,0.1,0,0
401,workload_burst,value_iteration,0.0,0.0,129.6,0.1,0,0
402,workload_burst,value_iteration,0.0,0.0,129.6,0.1,0,0
403,workload_burst,value_iteration,0.0,0.0,129.6,0.1,0,0
404,workload_burst,value_iteration,0.0,0.0,129.6,0.1,0,0
405,workload_burst,value_iteration,0.0,0.0,129.6,0.1,0,0
406,workload_burst,value_iteration,0.0,0.0,129.6,0.1,0,0
407,workload_burst,value_iteration,0.0,0.0,129.6,0.1,0,0
408,workload_burst,value_iteration,0.0,0.0,129.6,0.1,0,0
409,workload_burst,value_iteration,0.0,0.0,129.6,0.1,0,0
410,workload_burst,value_iteration,0.0,0.0,129.6,0.1,0,0
411,workload_burst,value_iteration,0.0,0.0,129.6,0.1,0,0
412,workload_burst,value_iteration,0.0,0.0,129.6,0.1,0,0
413,workload_burst,value_iteration,0.0,0.0,129.6,0.1,0,0
414,workload_burst,value_iteration,0.0,0.0,129.6,0.1,0,0
415,workload_burst,value_iteration,0.0,0.0,129.6,0.1,0,0
416,workload_burst,value_iteration,0.0,0.0,129.6,0.1,0,0
417,workload_burst,value_iteration,0.0,0.0,129.6,0.1,0,0
418,workload_burst,value_iteration,0.0,0.0,129.6,0.1,0,0
419,workload_burst,value_iteration,0.0,0.0,129.6,0.1,0,0
420,workload_burst,value_iteration,0.3541,2.3263,129.6,-0.9047,0,0
421,workload_burst,value_iteration,0.3227,2.1511,129.6,0.1838,0,0
422,workload_burst,value_iteration,0.4472,3.6449,129.6,-0.6546,0,0
423,workload_burst,value_iteration,0.6839,3.7883,129.6,0.0136,0,0
424,workload_burst,value_iteration,0.8434,4.9552,129.6,-0.5085,0,0
425,workload_burst,value_iteration,0.7777,5.7489,129.6,-0.3124,0,0
426,workload_burst,value_iteration,0.7097,6.9478,129.6,-0.5224,0,0
427,workload_burst,value_iteration,0.6481,4.5542,129.6,1.089,0,0
428,workload_burst,value_iteration,0.7642,5.9816,129.6,-0.6362,0,0
429,workload_burst,value_iteration,0.8457,5.7613,129.6,0.1882,0,0
430,workload_burst,value_iteration,1.0172,7.1844,129.6,-0.6478,0,0
431,workload_burst,value_iteration,0.8357,4.783,129.6,1.0878,0,0
432,workload_burst,value_iteration,0.5298,3.8618,129.6,0.5517,0,0
433,workload_burst,value_iteration,0.5261,3.6204,129.6,0.2117,0,0
434,workload_burst,value_iteration,0.473,4.3494,129.6,-0.2731,0,0
435,workload_burst,value_iteration,0.0807,2.1252,129.6,1.0987,0,0
436,workload_burst,value_iteration,0.0024,0.0871,129.6,1.1,0,0
437,workload_burst,value_iteration,0.0,0.0,129.6,0.1435,0,0
438,workload_burst,value_iteration,0.0,0.0,129.6,0.1,0,0
439,workload_burst,value_iteration,0.0,0.0,129.6,0.1,0,0
440,workload_burst,value_iteration,0.0,0.0,129.6,0.1,0,0
441,workload_burst,value_iteration,0.0,0.0,129.6,0.1,0,0
442,workload_burst,value_iteration,0.0,0.0,129.6,0.1,0,0
443,workload_burst,value_iteration,0.0,0.0,129.6,0.1,0,0
444,workload_burst,value_iteration,0.0,0.0,129.6,0.1,0,0
445,workload_burst,value_iteration,0.0,0.0,129.6,0.1,0,0
446,workload_burst,value_iteration,0.0,0.0,129.6,0.1,0,0
447,workload_burst,value_iteration,0.0,0.0,129.6,0.1,0,0
448,workload_burst,value_iteration,0.0,0.0,129.6,0.1,0,0
449,workload_burst,value_iteration,0.0,0.0,129.6,0.1,0,0
450,workload_burst,value_iteration,0.0,0.0,129.6,0.1,0,0
451,workload_burst,value_iteration,0.0,0.0,129.6,0.1,0,0
452,workload_burst,value_iteration,0.0,0.0,129.6,0.1,0,0
453,workload_burst,value_iteration,0.0,0.0,129.6,0.1,0,0
454,workload_burst,value_iteration,0.0,0.0,129.6,0.1,0,0
455,workload_burst,value_iteration,0.0,0.0,129.6,0.1,0,0
456,workload_burst,value_iteration,0.0,0.0,129.6,0.1,0,0
457,workload_burst,value_iteration,0.0,0.0,129.6,0.1,0,0
458,workload_burst,value_iteration,0.0,0.0,129.6,0.1,0,0
459,workload_burst,value_iteration,0.0,0.0,129.6,0.1,0,0
460,workload_burst,value_iteration,0.0,0.0,129.6,0.1,0,0
461,workload_burst,value_iteration,0.0,0.0,129.6,0.1,0,0
462,workload_burst,value_iteration,0.0,0.0,129.6,0.1,0,0
463,workload_burst,value_iteration,0.0,0.0,129.6,0.1,0,0
464,workload_burst,value_iteration,0.0,0.0,129.6,0.1,0,0
465,workload_burst,value_iteration,0.0,0.0,129.6,0.1,0,0
466,workload_burst,value_iteration,0.0,0.0,129.6,0.1,0,0
467,workload_burst,value_iteration,0.0,0.0,129.6,0.1,0,0
468,workload_burst,value_iteration,0.0,0.0,129.6,0.1,0,0
469,workload_burst,value_iteration,0.0,0.0,129.6,0.1,0,0
470,workload_burst,value_iteration,0.2824,2.0725,129.6,-0.9031,0,0
471,workload_burst,value_iteration,0.3864,2.3992,129.6,-0.0693,0,0
472,workload_burst,value_iteration,0.8425,5.3247,113.4,-0.8101,0,3
473,workload_burst,value_iteration,0.821,5.7238,129.6,-0.1231,0,0
474,workload_burst,value_iteration,1.0279,6.2587,129.6,-0.2057,0,0
475,workload_burst,value_iteration,0.8318,3.9123,129.6,1.0864,0,0
476,workload_burst,value_iteration,0.9354,3.9053,99.66,0.2979,0,5
477,workload_burst,value_iteration,0.5643,3.2567,129.6,0.4166,0,0
478,workload_burst,value_iteration,0.4079,3.7698,129.6,-0.163,0,0
479,workload_burst,value_iteration,0.5098,5.3876,129.6,-0.721,0,0
480,workload_burst,value_iteration,1.0314,4.4369,87.48,0.8435,0,6
481,workload_burst,value_iteration,0.9017,5.42,129.6,-0.4115,0,0
482,workload_burst,value_iteration,0.6586,3.6834,129.6,0.9581,0,0
483,workload_burst,value_iteration,0.4937,2.8759,129.6,0.4974,0,0
484,workload_burst,value_iteration,0.3656,2.2082,129.6,0.4292,0,0
485,workload_burst,value_iteration,0.0024,0.0488,129.6,1.1,0,0
486,workload_burst,value_iteration,0.0,0.0,129.6,0.1244,0,0
487,workload_burst,value_iteration,0.0,0.0,129.6,0.1,0,0
488,workload_burst,value_iteration,0.0,0.0,129.6,0.1,0,0
489,workload_burst,value_iteration,0.0,0.0,129.6,0.1,0,0
490,workload_burst,value_iteration,0.0,0.0,129.6,0.1,0,0
491,workload_burst,value_iteration,0.0,0.0,129.6,0.1,0,0
492,workload_burst,value_iteration,0.0,0.0,129.6,0.1,0,0
493,workload_burst,value_iteration,0.0,0.0,129.6,0.1,0,0
494,workload_burst,value_iteration,0.0,0.0,129.6,0.1,0,0
495,workload_burst,value_iteration,0.0,0.0,129.6,0.1,0,0
496,workload_burst,value_iteration,0.0,0.0,129.6,0.1,0,0
497,workload_burst,value_iteration,0.0,0.0,129.6,0.1,0,0
498,workload_burst,value_iteration,0.0,0.0,129.6,0.1,0,0
499,workload_burst,value_iteration,0.0,0.0,129.6,0.1,0,0
500,workload_burst,value_iteration,0.0,0.0,129.6,0.1,0,0
1,moving_hotspot,value_iteration,19.4008,23.0333,129.6,-0.429,0,0
2,moving_hotspot,value_iteration,16.9573,22.4506,129.6,0.3593,0,0
3,moving_hotspot,value_iteration,14.6749,21.5857,129.6,0.4823,0,0
4,moving_hotspot,value_iteration,12.5038,19.1638,129.6,1.0358,0,0
5,moving_hotspot,value_iteration,10.3135,16.7656,129.6,1.0232,0,0
6,moving_hotspot,value_iteration,8.3654,13.8511,129.6,1.0198,0,0
7,moving_hotspot,value_iteration,6.6609,13.1936,129.6,0.3217,0,0
8,moving_hotspot,value_iteration,5.069,12.9494,129.6,0.0796,0,0
9,moving_hotspot,value_iteration,3.5724,12.1004,129.6,0.3581,0,0
10,moving_hotspot,value_iteration,2.9726,12.1514,129.6,-0.0776,0,0
11,moving_hotspot,value_iteration,2.518,12.8233,129.6,-0.3852,0,0
12,moving_hotspot,value_iteration,2.1624,12.7696,129.6,0.0009,0,0
13,moving_hotspot,value_iteration,1.7262,10.1235,129.6,1.015,0,0
14,moving_hotspot,value_iteration,1.1745,7.7086,129.6,1.0578,0,0
15,moving_hotspot,value_iteration,0.8457,5.1107,129.6,1.0768,0,0
16,moving_hotspot,value_iteration,0.7075,4.9222,129.6,0.1723,0,0
17,moving_hotspot,value_iteration,0.6805,5.2842,129.6,-0.1049,0,0
18,moving_hotspot,value_iteration,0.5811,5.5921,129.6,-0.072,0,0
19,moving_hotspot,value_iteration,0.4134,3.9992,129.6,0.8868,0,0
20,moving_hotspot,value_iteration,0.3464,4.5416,129.6,-0.1809,0,0
21,moving_hotspot,value_iteration,0.4186,5.7381,129.6,-0.5127,0,0
22,moving_hotspot,value_iteration,0.4051,6.0103,129.6,-0.0502,0,0
23,moving_hotspot,value_iteration,0.3303,3.8993,129.6,1.0907,0,0
24,moving_hotspot,value_iteration,0.2783,2.8136,129.6,0.6384,0,0
25,moving_hotspot,value_iteration,0.1626,2.4035,129.6,0.3023,0,0
26,moving_hotspot,value_iteration,0.0841,1.1594,129.6,0.7215,0,0
27,moving_hotspot,value_iteration,0.1674,2.0853,129.6,-0.3649,0,0
28,moving_hotspot,value_iteration,0.2098,2.5552,129.6,-0.1379,0,0
29,moving_hotspot,value_iteration,0.2576,2.6866,129.6,0.0309,0,0
30,moving_hotspot,value_iteration,0.3307,3.1661,129.6,-0.1462,0,0
31,moving_hotspot,value_iteration,0.3732,4.0213,129.6,-0.3363,0,0
32,moving_hotspot,value_iteration,0.3513,4.3114,129.6,-0.0523,0,0
33,moving_hotspot,value_iteration,0.2567,2.9353,129.6,0.7838,0,0
34,moving_hotspot,value_iteration,0.1036,1.4434,129.6,0.845,0,0
35,moving_hotspot,value_iteration,0.1672,2.1852,129.6,-0.2734,0,0
36,moving_hotspot,value_iteration,0.1802,2.5336,129.6,-0.0771,0,0
37,moving_hotspot,value_iteration,0.2039,2.5836,129.6,0.0718,0,0
38,moving_hotspot,value_iteration,0.194,2.4635,129.6,0.1571,0,0
39,moving_hotspot,value_iteration,0.1645,2.4729,129.6,0.0928,0,0
40,moving_hotspot,value_iteration,0.2207,3.0901,129.6,-0.214,0,0
41,moving_hotspot,value_iteration,0.3136,4.2519,129.6,-0.4897,0,0
42,moving_hotspot,value_iteration,0.2883,4.5752,129.6,-0.069,0,0
43,moving_hotspot,value_iteration,0.2572,2.7588,129.6,1.0035,0,0
44,moving_hotspot,value_iteration,0.2377,2.7792,129.6,0.0862,0,0
45,moving_hotspot,value_iteration,0.1874,2.6879,129.6,0.1423,0,0
46,moving_hotspot,value_iteration,0.0973,1.2056,129.6,0.8405,0,0
47,moving_hotspot,value_iteration,0.1831,2.0082,129.6,-0.3034,0,0
48,moving_hotspot,value_iteration,0.2127,2.3398,129.6,-0.0687,0,0
49,moving_hotspot,value_iteration,0.2189,2.3567,129.6,0.0887,0,0
50,moving_hotspot,value_iteration,0.2932,3.2384,129.6,-0.3465,0,0
51,moving_hotspot,value_iteration,0.3468,3.9602,129.6,-0.2691,0,0
52,moving_hotspot,value_iteration,0.3133,4.1535,129.6,-0.0029,0,0
53,moving_hotspot,value_iteration,0.2559,2.4023,129.6,0.9719,0,0
54,moving_hotspot,value_iteration,0.0939,1.4045,129.6,0.5981,0,0
55,moving_hotspot,value_iteration,0.159,1.9632,129.6,-0.1815,0,0
56,moving_hotspot,value_iteration,0.1851,2.6239,129.6,-0.2331,0,0
57,moving_hotspot,value_iteration,0.1951,2.2755,129.6,0.2713,0,0
58,moving_hotspot,value_iteration,0.2047,2.6811,129.6,-0.1061,0,0
59,moving_hotspot,value_iteration,0.1912,2.6412,129.6,0.1166,0,0
60,moving_hotspot,value_iteration,0.2244,3.4784,129.6,-0.3242,0,0
61,moving_hotspot,value_iteration,0.313,4.0616,129.6,-0.2006,0,0
62,moving_hotspot,value_iteration,0.3201,4.3446,129.6,-0.0491,0,0
63,moving_hotspot,value_iteration,0.261,2.9883,129.6,0.7734,0,0
64,moving_hotspot,value_iteration,0.2376,2.8479,129.6,0.1666,0,0
65,moving_hotspot,value_iteration,0.1996,2.6304,129.6,0.2054,0,0
66,moving_hotspot,value_iteration,0.1286,1.5962,129.6,0.616,0,0
67,moving_hotspot,value_iteration,0.1854,1.8408,129.6,-0.0242,0,0
68,moving_hotspot,value_iteration,0.1914,2.0521,129.6,-0.008,0,0
69,moving_hotspot,value_iteration,0.2184,2.7397,129.6,-0.2469,0,0
70,moving_hotspot,value_iteration,0.2931,3.2226,129.6,-0.147,0,0
71,moving_hotspot,value_iteration,0.3473,3.9775,129.6,-0.2859,0,0
72,moving_hotspot,value_iteration,0.3443,4.5227,129.6,-0.1803,0,0
73,moving_hotspot,value_iteration,0.258,2.7805,129.6,0.9668,0,0
74,moving_hotspot,value_iteration,0.1101,1.6866,129.6,0.6459,0,0
75,moving_hotspot,value_iteration,0.1636,2.3419,129.6,-0.2304,0,0
76,moving_hotspot,value_iteration,0.196,2.7219,129.6,-0.093,0,0
77,moving_hotspot,value_iteration,0.1876,2.3041,129.6,0.3063,0,0
78,moving_hotspot,value_iteration,0.1825,2.5108,129.6,-0.0061,0,0
79,moving_hotspot,value_iteration,0.1636,2.5103,129.6,0.0974,0,0
80,moving_hotspot,value_iteration,0.2181,3.4468,129.6,-0.374,0,0
81,moving_hotspot,value_iteration,0.3058,4.2172,129.6,-0.2949,0,0
82,moving_hotspot,value_iteration,0.2958,4.4054,129.6,-0.0014,0,0
83,moving_hotspot,value_iteration,0.2441,2.709,129.6,0.9439,0,0
84,moving_hotspot,value_iteration,0.1986,2.4229,129.6,0.2402,0,0
85,moving_hotspot,value_iteration,0.1416,2.2523,129.6,0.1832,0,0
86,moving_hotspot,value_iteration,0.0923,1.0337,129.6,0.7087,0,0
87,moving_hotspot,value_iteration,0.2117,2.3702,129.6,-0.5708,0,0
88,moving_hotspot,value_iteration,0.229,2.5575,129.6,0.003,0,0
89,moving_hotspot,value_iteration,0.2132,2.652,129.6,0.0495,0,0
90,moving_hotspot,value_iteration,0.3025,3.2978,129.6,-0.2289,0,0
91,moving_hotspot,value_iteration,0.3752,3.8444,129.6,-0.1817,0,0
92,moving_hotspot,value_iteration,0.3312,3.9679,129.6,0.0321,0,0
93,moving_hotspot,value_iteration,0.2634,2.4912,129.6,0.8344,0,0
94,moving_hotspot,value_iteration,0.0865,1.2254,129.6,0.7323,0,0
95,moving_hotspot,value_iteration,0.1444,1.7576,129.6,-0.1678,0,0
96,moving_hotspot,value_iteration,0.1671,2.3063,129.6,-0.1768,0,0
97,moving_hotspot,value_iteration,0.178,2.2623,129.6,0.1194,0,0
98,moving_hotspot,value_iteration,0.215,2.9645,129.6,-0.2549,0,0
99,moving_hotspot,value_iteration,0.1794,2.5211,129.6,0.3187,0,0
100,moving_hotspot,value_iteration,0.2177,3.3272,129.6,-0.3084,0,0
101,moving_hotspot,value_iteration,0.3013,4.0674,129.6,-0.2788,0,0
102,moving_hotspot,value_iteration,0.2826,4.5395,129.6,-0.1434,0,0
103,moving_hotspot,value_iteration,0.2224,2.3812,129.6,1.0962,0,0
104,moving_hotspot,value_iteration,0.1912,2.3793,129.6,0.0982,0,0
105,moving_hotspot,value_iteration,0.1719,2.5758,129.6,-0.0011,0,0
106,moving_hotspot,value_iteration,0.1149,1.507,129.6,0.6334,0,0
107,moving_hotspot,value_iteration,0.1901,2.0832,129.6,-0.1904,0,0
108,moving_hotspot,value_iteration,0.2019,2.2443,129.6,0.0169,0,0
109,moving_hotspot,value_iteration,0.2203,2.7051,129.6,-0.1337,0,0
110,moving_hotspot,value_iteration,0.3072,3.672,129.6,-0.3903,0,0
111,moving_hotspot,value_iteration,0.3377,3.9573,129.6,-0.051,0,0
112,moving_hotspot,value_iteration,0.3125,3.9849,129.6,0.0801,0,0
113,moving_hotspot,value_iteration,0.2406,2.5899,129.6,0.7941,0,0
114,moving_hotspot,value_iteration,0.0973,1.2009,129.6,0.7937,0,0
115,moving_hotspot,value_iteration,0.1723,1.8515,129.6,-0.2274,0,0
116,moving_hotspot,value_iteration,0.1965,2.618,129.6,-0.2863,0,0
117,moving_hotspot,value_iteration,0.2135,2.517,129.6,0.1473,0,0
118,moving_hotspot,value_iteration,0.19,2.6067,129.6,0.0524,0,0
119,moving_hotspot,value_iteration,0.1668,2.383,129.6,0.2092,0,0
120,moving_hotspot,value_iteration,0.2134,3.3468,129.6,-0.3869,0,0
121,moving_hotspot,value_iteration,0.2944,3.9068,129.6,-0.1882,0,0
122,moving_hotspot,value_iteration,0.2794,4.1799,129.6,-0.0433,0,0
123,moving_hotspot,value_iteration,0.2501,2.7844,129.6,0.7932,0,0
124,moving_hotspot,value_iteration,0.2035,2.6199,129.6,0.179,0,0
125,moving_hotspot,value_iteration,0.1656,2.6422,129.6,0.0859,0,0
126,moving_hotspot,value_iteration,0.116,1.6101,129.6,0.615,0,0
127,moving_hotspot,value_iteration,0.1935,1.9611,129.6,-0.0778,0,0
128,moving_hotspot,value_iteration,0.2071,2.4636,129.6,-0.1542,0,0
129,moving_hotspot,value_iteration,0.2132,2.6066,129.6,0.0254,0,0
130,moving_hotspot,value_iteration,0.2989,3.2,129.6,-0.2026,0,0
131,moving_hotspot,value_iteration,0.3601,4.2362,129.6,-0.4273,0,0
132,moving_hotspot,value_iteration,0.3516,4.4477,129.6,-0.013,0,0
133,moving_hotspot,value_iteration,0.2657,2.5837,129.6,1.0276,0,0
134,moving_hotspot,value_iteration,0.1033,1.3823,129.6,0.6999,0,0
135,moving_hotspot,value_iteration,0.1651,2.1004,129.6,-0.2613,0,0
136,moving_hotspot,value_iteration,0.1756,2.0795,129.6,0.108,0,0
137,moving_hotspot,value_iteration,0.1656,2.4036,129.6,-0.0646,0,0
138,moving_hotspot,value_iteration,0.1836,2.4869,129.6,0.0553,0,0
139,moving_hotspot,value_iteration,0.1833,2.908,129.6,-0.1141,0,0
140,moving_hotspot,value_iteration,0.2383,3.3508,129.6,-0.1276,0,0
141,moving_hotspot,value_iteration,0.3197,4.4813,129.6,-0.4748,0,0
142,moving_hotspot,value_iteration,0.2832,4.5808,129.6,0.0429,0,0
143,moving_hotspot,value_iteration,0.2409,2.3363,129.6,1.0961,0,0
144,moving_hotspot,value_iteration,0.1928,2.9199,129.6,-0.1953,0,0
145,moving_hotspot,value_iteration,0.1734,2.2825,129.6,0.416,0,0
146,moving_hotspot,value_iteration,0.1034,1.5592,129.6,0.4607,0,0
147,moving_hotspot,value_iteration,0.2022,2.0021,129.6,-0.1238,0,0
148,moving_hotspot,value_iteration,0.2308,2.8215,129.6,-0.3132,0,0
149,moving_hotspot,value_iteration,0.2221,2.3914,129.6,0.3123,0,0
150,moving_hotspot,value_iteration,0.2869,3.135,129.6,-0.2771,0,0
151,moving_hotspot,value_iteration,0.3455,3.9783,129.6,-0.3301,0,0
152,moving_hotspot,value_iteration,0.3233,4.2139,129.6,-0.0244,0,0
153,moving_hotspot,value_iteration,0.2609,2.7899,129.6,0.8076,0,0
154,moving_hotspot,value_iteration,0.0957,1.3331,129.6,0.8277,0,0
155,moving_hotspot,value_iteration,0.1454,1.8854,129.6,-0.1782,0,0
156,moving_hotspot,value_iteration,0.1834,2.4384,129.6,-0.1794,0,0
157,moving_hotspot,value_iteration,0.1727,2.5362,129.6,0.0484,0,0
158,moving_hotspot,value_iteration,0.1754,2.2565,129.6,0.2374,0,0
159,moving_hotspot,value_iteration,0.1664,2.5973,129.6,-0.0734,0,0
160,moving_hotspot,value_iteration,0.2248,3.2758,129.6,-0.2451,0,0
161,moving_hotspot,value_iteration,0.3165,4.3182,129.6,-0.4306,0,0
162,moving_hotspot,value_iteration,0.293,4.5406,129.6,-0.0186,0,0
163,moving_hotspot,value_iteration,0.2238,2.3269,129.6,1.0965,0,0
164,moving_hotspot,value_iteration,0.1839,1.9314,129.6,0.2956,0,0
165,moving_hotspot,value_iteration,0.1623,2.3773,129.6,-0.1255,0,0
166,moving_hotspot,value_iteration,0.1124,1.3606,129.6,0.6074,0,0
167,moving_hotspot,value_iteration,0.2021,2.1671,129.6,-0.3059,0,0
168,moving_hotspot,value_iteration,0.2157,2.3482,129.6,0.0067,0,0
169,moving_hotspot,value_iteration,0.2017,2.3144,129.6,0.1147,0,0
170,moving_hotspot,value_iteration,0.2852,2.9823,129.6,-0.2391,0,0
171,moving_hotspot,value_iteration,0.3257,4.0301,129.6,-0.4317,0,0
172,moving_hotspot,value_iteration,0.3277,4.2931,129.6,-0.0381,0,0
173,moving_hotspot,value_iteration,0.2744,2.502,129.6,0.991,0,0
174,moving_hotspot,value_iteration,0.1114,1.4267,129.6,0.6367,0,0
175,moving_hotspot,value_iteration,0.1739,2.2004,129.6,-0.2895,0,0
176,moving_hotspot,value_iteration,0.1982,2.4467,129.6,-0.026,0,0
177,moving_hotspot,value_iteration,0.19,2.3574,129.6,0.1416,0,0
178,moving_hotspot,value_iteration,0.1814,2.6456,129.6,-0.0469,0,0
179,moving_hotspot,value_iteration,0.1634,2.1426,129.6,0.3491,0,0
180,moving_hotspot,value_iteration,0.2082,3.137,129.6,-0.4019,0,0
181,moving_hotspot,value_iteration,0.2705,3.6454,129.6,-0.1614,0,0
182,moving_hotspot,value_iteration,0.266,4.07,129.6,-0.1182,0,0
183,moving_hotspot,value_iteration,0.2349,2.5337,129.6,0.8644,0,0
184,moving_hotspot,value_iteration,0.1708,2.5023,129.6,0.1131,0,0
185,moving_hotspot,value_iteration,0.1624,2.6078,129.6,0.0444,0,0
186,moving_hotspot,value_iteration,0.1081,1.1625,129.6,0.8219,0,0
187,moving_hotspot,value_iteration,0.2079,2.267,129.6,-0.4549,0,0
188,moving_hotspot,value_iteration,0.2259,2.8014,129.6,-0.1707,0,0
189,moving_hotspot,value_iteration,0.2539,2.9552,129.6,0.0193,0,0
190,moving_hotspot,value_iteration,0.3362,3.5134,129.6,-0.1857,0,0
191,moving_hotspot,value_iteration,0.3735,4.6096,129.6,-0.4575,0,0
192,moving_hotspot,value_iteration,0.341,4.7654,129.6,0.0143,0,0
193,moving_hotspot,value_iteration,0.256,2.635,129.6,1.0957,0,0
194,moving_hotspot,value_iteration,0.0842,1.1035,129.6,0.8652,0,0
195,moving_hotspot,value_iteration,0.1457,1.9101,129.6,-0.3051,0,0
196,moving_hotspot,value_iteration,0.1909,2.6353,129.6,-0.2658,0,0
197,moving_hotspot,value_iteration,0.2134,2.8462,129.6,-0.009,0,0
198,moving_hotspot,value_iteration,0.2124,2.6837,129.6,0.1781,0,0
199,moving_hotspot,value_iteration,0.1731,2.5346,129.6,0.1717,0,0
200,moving_hotspot,value_iteration,0.2049,2.9615,129.6,-0.118,0,0
201,moving_hotspot,value_iteration,0.2818,3.8828,129.6,-0.3679,0,0
202,moving_hotspot,value_iteration,0.2674,4.6466,129.6,-0.2889,0,0
203,moving_hotspot,value_iteration,0.255,2.5425,129.6,1.0955,0,0
204,moving_hotspot,value_iteration,0.2186,2.6135,129.6,0.0611,0,0
205,moving_hotspot,value_iteration,0.1806,2.9509,129.6,-0.0722,0,0
206,moving_hotspot,value_iteration,0.1074,1.1492,129.6,1.0001,0,0
207,moving_hotspot,value_iteration,0.2026,1.939,129.6,-0.2972,0,0
208,moving_hotspot,value_iteration,0.2256,2.3585,129.6,-0.1127,0,0
209,moving_hotspot,value_iteration,0.2192,2.2306,129.6,0.1613,0,0
210,moving_hotspot,value_iteration,0.3091,2.9289,129.6,-0.2541,0,0
211,moving_hotspot,value_iteration,0.367,3.7611,129.6,-0.3242,0,0
212,moving_hotspot,value_iteration,0.3434,4.2629,129.6,-0.158,0,0
213,moving_hotspot,value_iteration,0.2554,2.8468,129.6,0.8036,0,0
214,moving_hotspot,value_iteration,0.1016,1.3244,129.6,0.8603,0,0
215,moving_hotspot,value_iteration,0.1717,2.3671,129.6,-0.4239,0,0
216,moving_hotspot,value_iteration,0.1846,3.0945,129.6,-0.2673,0,0
217,moving_hotspot,value_iteration,0.2131,2.647,129.6,0.3204,0,0
218,moving_hotspot,value_iteration,0.2023,2.6586,129.6,0.091,0,0
219,moving_hotspot,value_iteration,0.1931,2.3547,129.6,0.2488,0,0
220,moving_hotspot,value_iteration,0.236,3.6103,129.6,-0.5336,0,0
221,moving_hotspot,value_iteration,0.317,4.0102,129.6,-0.1089,0,0
222,moving_hotspot,value_iteration,0.3129,4.4264,129.6,-0.1158,0,0
223,moving_hotspot,value_iteration,0.252,3.0577,129.6,0.7797,0,0
224,moving_hotspot,value_iteration,0.196,2.4733,129.6,0.3893,0,0
225,moving_hotspot,value_iteration,0.1818,2.5979,129.6,0.0342,0,0
226,moving_hotspot,value_iteration,0.1357,1.1396,129.6,0.8281,0,0
227,moving_hotspot,value_iteration,0.2232,2.2156,129.6,-0.4408,0,0
228,moving_hotspot,value_iteration,0.2339,2.6136,129.6,-0.1025,0,0
229,moving_hotspot,value_iteration,0.2523,2.8576,129.6,-0.0255,0,0
230,moving_hotspot,value_iteration,0.3116,3.1765,129.6,-0.0655,0,0
231,moving_hotspot,value_iteration,0.3564,4.0387,129.6,-0.3395,0,0
232,moving_hotspot,value_iteration,0.335,4.5911,129.6,-0.1839,0,0
233,moving_hotspot,value_iteration,0.2462,2.8849,129.6,0.9486,0,0
234,moving_hotspot,value_iteration,0.1253,1.4515,129.6,0.8157,0,0
235,moving_hotspot,value_iteration,0.1848,2.1407,129.6,-0.2472,0,0
236,moving_hotspot,value_iteration,0.2028,2.8031,129.6,-0.2347,0,0
237,moving_hotspot,value_iteration,0.212,2.7439,129.6,0.126,0,0
238,moving_hotspot,value_iteration,0.2067,2.8384,129.6,0.0492,0,0
239,moving_hotspot,value_iteration,0.1799,2.6579,129.6,0.1872,0,0
240,moving_hotspot,value_iteration,0.2151,3.0504,129.6,-0.1012,0,0
241,moving_hotspot,value_iteration,0.3011,4.1849,129.6,-0.4753,0,0
242,moving_hotspot,value_iteration,0.2919,4.6244,129.6,-0.1273,0,0
243,moving_hotspot,value_iteration,0.2503,2.5975,129.6,1.0957,0,0
244,moving_hotspot,value_iteration,0.1973,2.3503,129.6,0.221,0,0
245,moving_hotspot,value_iteration,0.172,2.6459,129.6,-0.0508,0,0
246,moving_hotspot,value_iteration,0.1226,1.5114,129.6,0.6662,0,0
247,moving_hotspot,value_iteration,0.1988,2.1613,129.6,-0.2275,0,0
248,moving_hotspot,value_iteration,0.2197,2.6906,129.6,-0.1679,0,0
249,moving_hotspot,value_iteration,0.2291,2.5746,129.6,0.1547,0,0
250,moving_hotspot,value_iteration,0.3196,3.492,129.6,-0.3655,0,0
251,moving_hotspot,value_iteration,0.386,4.471,129.6,-0.3999,0,0
252,moving_hotspot,value_iteration,0.3608,4.6423,129.6,0.0064,0,0
253,moving_hotspot,value_iteration,0.2521,2.4256,129.6,1.0961,0,0
254,moving_hotspot,value_iteration,0.0846,1.387,129.6,0.6185,0,0
255,moving_hotspot,value_iteration,0.1736,2.1213,129.6,-0.2697,0,0
256,moving_hotspot,value_iteration,0.1873,2.7052,129.6,-0.1951,0,0
257,moving_hotspot,value_iteration,0.1968,2.442,129.6,0.2286,0,0
258,moving_hotspot,value_iteration,0.1848,2.5521,129.6,0.0419,0,0
259,moving_hotspot,value_iteration,0.1854,2.5038,129.6,0.121,0,0
260,moving_hotspot,value_iteration,0.2285,3.6603,129.6,-0.4846,0,0
261,moving_hotspot,value_iteration,0.2949,4.137,129.6,-0.1471,0,0
262,moving_hotspot,value_iteration,0.2906,4.2809,129.6,0.0206,0,0
263,moving_hotspot,value_iteration,0.2452,3.2754,129.6,0.5978,0,0
264,moving_hotspot,value_iteration,0.1878,2.3388,129.6,0.5656,0,0
265,moving_hotspot,value_iteration,0.1495,2.2487,129.6,0.1427,0,0
266,moving_hotspot,value_iteration,0.1006,1.4094,129.6,0.5188,0,0
267,moving_hotspot,value_iteration,0.2085,2.2747,129.6,-0.3354,0,0
268,moving_hotspot,value_iteration,0.2327,2.6655,129.6,-0.0987,0,0
269,moving_hotspot,value_iteration,0.256,2.7009,129.6,0.0787,0,0
270,moving_hotspot,value_iteration,0.3196,3.348,129.6,-0.2301,0,0
271,moving_hotspot,value_iteration,0.3868,4.5109,129.6,-0.491,0,0
272,moving_hotspot,value_iteration,0.3394,4.5489,129.6,0.0734,0,0
273,moving_hotspot,value_iteration,0.2644,2.8645,129.6,0.9376,0,0
274,moving_hotspot,value_iteration,0.1223,1.322,129.6,0.8703,0,0
275,moving_hotspot,value_iteration,0.1779,2.0782,129.6,-0.2806,0,0
276,moving_hotspot,value_iteration,0.1821,2.5459,129.6,-0.1369,0,0
277,moving_hotspot,value_iteration,0.1831,2.7344,129.6,0.0027,0,0
278,moving_hotspot,value_iteration,0.1935,2.319,129.6,0.3048,0,0
279,moving_hotspot,value_iteration,0.1478,2.6652,129.6,-0.0759,0,0
280,moving_hotspot,value_iteration,0.2141,3.4026,129.6,-0.2744,0,0
281,moving_hotspot,value_iteration,0.2913,4.0329,129.6,-0.2237,0,0
282,moving_hotspot,value_iteration,0.2786,4.4068,129.6,-0.0939,0,0
283,moving_hotspot,value_iteration,0.226,2.3774,129.6,1.0962,0,0
284,moving_hotspot,value_iteration,0.1922,2.5111,129.6,0.03,0,0
285,moving_hotspot,value_iteration,0.1772,2.8255,129.6,-0.0604,0,0
286,moving_hotspot,value_iteration,0.1148,1.3987,129.6,0.8124,0,0
287,moving_hotspot,value_iteration,0.1965,2.0196,129.6,-0.2127,0,0
288,moving_hotspot,value_iteration,0.2099,2.1989,129.6,0.0076,0,0
289,moving_hotspot,value_iteration,0.2477,2.7184,129.6,-0.1633,0,0
290,moving_hotspot,value_iteration,0.3252,3.2508,129.6,-0.1724,0,0
291,moving_hotspot,value_iteration,0.3578,4.0255,129.6,-0.2956,0,0
292,moving_hotspot,value_iteration,0.3461,4.2603,129.6,-0.0243,0,0
293,moving_hotspot,value_iteration,0.2565,2.7777,129.6,0.8372,0,0
294,moving_hotspot,value_iteration,0.1202,1.8259,129.6,0.5746,0,0
295,moving_hotspot,value_iteration,0.181,2.5356,129.6,-0.2576,0,0
296,moving_hotspot,value_iteration,0.2014,2.581,129.6,0.0743,0,0
297,moving_hotspot,value_iteration,0.1972,2.4036,129.6,0.1858,0,0
298,moving_hotspot,value_iteration,0.1934,3.14,129.6,-0.2719,0,0
299,moving_hotspot,value_iteration,0.1894,2.4594,129.6,0.4373,0,0
300,moving_hotspot,value_iteration,0.2278,3.4108,129.6,-0.3813,0,0
301,moving_hotspot,value_iteration,0.3081,4.2882,129.6,-0.3479,0,0
302,moving_hotspot,value_iteration,0.2963,4.5147,129.6,-0.0206,0,0
303,moving_hotspot,value_iteration,0.2409,2.6682,129.6,1.0191,0,0
304,moving_hotspot,value_iteration,0.2127,2.7259,129.6,0.068,0,0
305,moving_hotspot,value_iteration,0.1903,2.4306,129.6,0.2445,0,0
306,moving_hotspot,value_iteration,0.1115,1.4839,129.6,0.5725,0,0
307,moving_hotspot,value_iteration,0.1877,1.9951,129.6,-0.1579,0,0
308,moving_hotspot,value_iteration,0.1943,2.3104,129.6,-0.0601,0,0
309,moving_hotspot,value_iteration,0.2114,2.5905,129.6,-0.043,0,0
310,moving_hotspot,value_iteration,0.2928,3.3349,129.6,-0.2782,0,0
311,moving_hotspot,value_iteration,0.364,3.9683,129.6,-0.2255,0,0
312,moving_hotspot,value_iteration,0.3591,4.2049,129.6,-0.0259,0,0
313,moving_hotspot,value_iteration,0.2667,2.9272,129.6,0.7343,0,0
314,moving_hotspot,value_iteration,0.1243,1.6911,129.6,0.7169,0,0
315,moving_hotspot,value_iteration,0.1845,2.4989,129.6,-0.3068,0,0
316,moving_hotspot,value_iteration,0.2127,2.598,129.6,0.047,0,0
317,moving_hotspot,value_iteration,0.2043,2.8728,129.6,-0.0407,0,0
318,moving_hotspot,value_iteration,0.1969,2.2802,129.6,0.3934,0,0
319,moving_hotspot,value_iteration,0.1688,2.5876,129.6,-0.0565,0,0
320,moving_hotspot,value_iteration,0.2229,3.1458,129.6,-0.1843,0,0
321,moving_hotspot,value_iteration,0.2883,3.844,129.6,-0.2567,0,0
322,moving_hotspot,value_iteration,0.28,4.0734,129.6,-0.021,0,0
323,moving_hotspot,value_iteration,0.2313,2.7018,129.6,0.7819,0,0
324,moving_hotspot,value_iteration,0.1738,2.2689,129.6,0.314,0,0
325,moving_hotspot,value_iteration,0.1821,2.5272,129.6,-0.0321,0,0
326,moving_hotspot,value_iteration,0.1023,1.2863,129.6,0.7197,0,0
327,moving_hotspot,value_iteration,0.1951,2.0325,129.6,-0.2753,0,0
328,moving_hotspot,value_iteration,0.2097,2.5485,129.6,-0.1608,0,0
329,moving_hotspot,value_iteration,0.2245,2.5145,129.6,0.114,0,0
330,moving_hotspot,value_iteration,0.3058,3.1033,129.6,-0.2003,0,0
331,moving_hotspot,value_iteration,0.3477,4.1632,129.6,-0.4383,0,0
332,moving_hotspot,value_iteration,0.3346,4.3864,129.6,-0.0185,0,0
333,moving_hotspot,value_iteration,0.2738,2.4157,129.6,1.0813,0,0
334,moving_hotspot,value_iteration,0.0865,1.3181,129.6,0.6481,0,0
335,moving_hotspot,value_iteration,0.134,1.6996,129.6,-0.0924,0,0
336,moving_hotspot,value_iteration,0.1685,2.0381,129.6,-0.0715,0,0
337,moving_hotspot,value_iteration,0.1797,2.3839,129.6,-0.0757,0,0
338,moving_hotspot,value_iteration,0.1967,2.576,129.6,0.001,0,0
339,moving_hotspot,value_iteration,0.168,2.2798,129.6,0.2453,0,0
340,moving_hotspot,value_iteration,0.2179,3.1981,129.6,-0.3641,0,0
341,moving_hotspot,value_iteration,0.285,4.0843,129.6,-0.351,0,0
342,moving_hotspot,value_iteration,0.2762,4.2809,129.6,-0.0047,0,0
343,moving_hotspot,value_iteration,0.2237,2.4318,129.6,1.0211,0,0
344,moving_hotspot,value_iteration,0.1892,2.3613,129.6,0.1326,0,0
345,moving_hotspot,value_iteration,0.1697,2.5228,129.6,0.0166,0,0
346,moving_hotspot,value_iteration,0.0976,1.6991,129.6,0.5109,0,0
347,moving_hotspot,value_iteration,0.1878,2.1336,129.6,-0.1195,0,0
348,moving_hotspot,value_iteration,0.2184,2.2378,129.6,0.0452,0,0
349,moving_hotspot,value_iteration,0.2294,2.503,129.6,-0.0355,0,0
350,moving_hotspot,value_iteration,0.3079,3.1902,129.6,-0.2492,0,0
351,moving_hotspot,value_iteration,0.3567,3.63,129.6,-0.1276,0,0
352,moving_hotspot,value_iteration,0.3351,3.9382,129.6,-0.0605,0,0
353,moving_hotspot,value_iteration,0.2515,2.7086,129.6,0.711,0,0
354,moving_hotspot,value_iteration,0.0964,1.2208,129.6,0.8431,0,0
355,moving_hotspot,value_iteration,0.1636,2.3983,129.6,-0.4911,0,0
356,moving_hotspot,value_iteration,0.1823,2.8832,129.6,-0.1457,0,0
357,moving_hotspot,value_iteration,0.1552,2.216,129.6,0.4315,0,0
358,moving_hotspot,value_iteration,0.1529,2.328,129.6,0.0416,0,0
359,moving_hotspot,value_iteration,0.1771,2.2869,129.6,0.1177,0,0
360,moving_hotspot,value_iteration,0.2275,3.6152,129.6,-0.5698,0,0
361,moving_hotspot,value_iteration,0.3071,3.8285,129.6,-0.0147,0,0
362,moving_hotspot,value_iteration,0.3003,4.1741,129.6,-0.0799,0,0
363,moving_hotspot,value_iteration,0.2323,2.8944,129.6,0.7358,0,0
364,moving_hotspot,value_iteration,0.1983,2.4801,129.6,0.304,0,0
365,moving_hotspot,value_iteration,0.184,2.7809,129.6,-0.0538,0,0
366,moving_hotspot,value_iteration,0.1295,1.3201,129.6,0.8294,0,0
367,moving_hotspot,value_iteration,0.1854,1.9759,129.6,-0.23,0,0
368,moving_hotspot,value_iteration,0.2179,2.4103,129.6,-0.1203,0,0
369,moving_hotspot,value_iteration,0.2198,2.6747,129.6,-0.0352,0,0
370,moving_hotspot,value_iteration,0.3034,3.2453,129.6,-0.1913,0,0
371,moving_hotspot,value_iteration,0.3437,4.4999,129.6,-0.5357,0,0
372,moving_hotspot,value_iteration,0.3488,4.7552,129.6,-0.0356,0,0
373,moving_hotspot,value_iteration,0.2665,2.8477,129.6,1.0492,0,0
374,moving_hotspot,value_iteration,0.1212,1.5544,129.6,0.7455,0,0
375,moving_hotspot,value_iteration,0.1744,2.2104,129.6,-0.2305,0,0
376,moving_hotspot,value_iteration,0.1861,2.5053,129.6,-0.0504,0,0
377,moving_hotspot,value_iteration,0.1981,2.5047,129.6,0.0973,0,0
378,moving_hotspot,value_iteration,0.1945,2.5271,129.6,0.0857,0,0
379,moving_hotspot,value_iteration,0.1737,2.642,129.6,0.0393,0,0
380,moving_hotspot,value_iteration,0.2192,3.396,129.6,-0.2828,0,0
381,moving_hotspot,value_iteration,0.3034,4.3828,129.6,-0.4029,0,0
382,moving_hotspot,value_iteration,0.3051,4.716,129.6,-0.0746,0,0
383,moving_hotspot,value_iteration,0.2449,2.5156,129.6,1.096,0,0
384,moving_hotspot,value_iteration,0.1975,2.2418,129.6,0.2342,0,0
385,moving_hotspot,value_iteration,0.1688,2.5279,129.6,-0.0458,0,0
386,moving_hotspot,value_iteration,0.092,1.1481,129.6,0.7893,0,0
387,moving_hotspot,value_iteration,0.1868,1.8099,129.6,-0.2329,0,0
388,moving_hotspot,value_iteration,0.2,2.3439,129.6,-0.1696,0,0
389,moving_hotspot,value_iteration,0.2317,2.64,129.6,-0.0517,0,0
390,moving_hotspot,value_iteration,0.3128,3.4721,129.6,-0.3228,0,0
391,moving_hotspot,value_iteration,0.3654,4.1578,129.6,-0.252,0,0
392,moving_hotspot,value_iteration,0.3361,4.5647,129.6,-0.111,0,0
393,moving_hotspot,value_iteration,0.2566,2.4135,129.6,1.0963,0,0
394,moving_hotspot,value_iteration,0.0873,1.3084,129.6,0.6519,0,0
395,moving_hotspot,value_iteration,0.1344,1.8492,129.6,-0.1722,0,0
396,moving_hotspot,value_iteration,0.166,2.2144,129.6,-0.0849,0,0
397,moving_hotspot,value_iteration,0.1885,2.2963,129.6,0.0563,0,0
398,moving_hotspot,value_iteration,0.1778,2.3062,129.6,0.0922,0,0
399,moving_hotspot,value_iteration,0.161,2.7079,129.6,-0.1038,0,0
400,moving_hotspot,value_iteration,0.2298,3.2989,129.6,-0.2014,0,0
401,moving_hotspot,value_iteration,0.3106,4.3633,129.6,-0.4413,0,0
402,moving_hotspot,value_iteration,0.305,4.6667,129.6,-0.0592,0,0
403,moving_hotspot,value_iteration,0.2489,2.6171,129.6,1.0957,0,0
404,moving_hotspot,value_iteration,0.1993,2.5771,129.6,0.117,0,0
405,moving_hotspot,value_iteration,0.1638,2.3955,129.6,0.1882,0,0
406,moving_hotspot,value_iteration,0.0972,1.4908,129.6,0.5516,0,0
407,moving_hotspot,value_iteration,0.1925,2.0093,129.6,-0.1616,0,0
408,moving_hotspot,value_iteration,0.2199,2.4818,129.6,-0.1392,0,0
409,moving_hotspot,value_iteration,0.2123,2.3234,129.6,0.1764,0,0
410,moving_hotspot,value_iteration,0.3067,3.4254,129.6,-0.457,0,0
411,moving_hotspot,value_iteration,0.3445,3.7928,129.6,-0.0917,0,0
412,moving_hotspot,value_iteration,0.3256,3.9253,129.6,0.0274,0,0
413,moving_hotspot,value_iteration,0.2688,2.9283,129.6,0.5941,0,0
414,moving_hotspot,value_iteration,0.099,1.3492,129.6,0.8887,0,0
415,moving_hotspot,value_iteration,0.1474,2.0156,129.6,-0.2352,0,0
416,moving_hotspot,value_iteration,0.1962,2.7611,129.6,-0.2763,0,0
417,moving_hotspot,value_iteration,0.2161,2.7794,129.6,0.0872,0,0
418,moving_hotspot,value_iteration,0.2044,2.7667,129.6,0.1031,0,0
419,moving_hotspot,value_iteration,0.1722,2.4796,129.6,0.2406,0,0
420,moving_hotspot,value_iteration,0.2229,3.3031,129.6,-0.3173,0,0
421,moving_hotspot,value_iteration,0.2976,3.9943,129.6,-0.2541,0,0
422,moving_hotspot,value_iteration,0.3035,4.4431,129.6,-0.1317,0,0
423,moving_hotspot,value_iteration,0.2641,2.8355,129.6,0.899,0,0
424,moving_hotspot,value_iteration,0.2321,2.9209,129.6,0.0536,0,0
425,moving_hotspot,value_iteration,0.1862,2.5594,129.6,0.2777,0,0
426,moving_hotspot,value_iteration,0.1421,1.6342,129.6,0.5613,0,0
427,moving_hotspot,value_iteration,0.1946,1.9537,129.6,-0.0619,0,0
428,moving_hotspot,value_iteration,0.1832,2.1733,129.6,-0.0123,0,0
429,moving_hotspot,value_iteration,0.185,2.3698,129.6,-0.0008,0,0
430,moving_hotspot,value_iteration,0.2692,2.9825,129.6,-0.211,0,0
431,moving_hotspot,value_iteration,0.3285,3.4024,129.6,-0.1166,0,0
432,moving_hotspot,value_iteration,0.335,3.9792,129.6,-0.1947,0,0
433,moving_hotspot,value_iteration,0.2265,2.5322,129.6,0.8202,0,0
434,moving_hotspot,value_iteration,0.0882,1.6581,129.6,0.5362,0,0
435,moving_hotspot,value_iteration,0.1601,1.9119,129.6,-0.0288,0,0
436,moving_hotspot,value_iteration,0.178,2.2469,129.6,-0.0703,0,0
437,moving_hotspot,value_iteration,0.1875,2.4284,129.6,0.0062,0,0
438,moving_hotspot,value_iteration,0.1872,2.5969,129.6,0.0129,0,0
439,moving_hotspot,value_iteration,0.1854,2.4982,129.6,0.1462,0,0
440,moving_hotspot,value_iteration,0.2094,3.4546,129.6,-0.3836,0,0
441,moving_hotspot,value_iteration,0.2801,3.8979,129.6,-0.1297,0,0
442,moving_hotspot,value_iteration,0.2786,4.1403,129.6,-0.0277,0,0
443,moving_hotspot,value_iteration,0.2274,2.6544,129.6,0.8392,0,0
444,moving_hotspot,value_iteration,0.189,2.5978,129.6,0.1252,0,0
445,moving_hotspot,value_iteration,0.1752,2.671,129.6,0.0601,0,0
446,moving_hotspot,value_iteration,0.1161,1.4509,129.6,0.7091,0,0
447,moving_hotspot,value_iteration,0.1897,2.146,129.6,-0.2501,0,0
448,moving_hotspot,value_iteration,0.2156,2.7685,129.6,-0.2147,0,0
449,moving_hotspot,value_iteration,0.2469,2.8986,129.6,0.0314,0,0
450,moving_hotspot,value_iteration,0.3267,3.4438,129.6,-0.1793,0,0
451,moving_hotspot,value_iteration,0.3595,4.6648,129.6,-0.5198,0,0
452,moving_hotspot,value_iteration,0.3277,5.0226,129.6,-0.087,0,0
453,moving_hotspot,value_iteration,0.2487,2.5394,129.6,1.0963,0,0
454,moving_hotspot,value_iteration,0.0916,1.2551,129.6,0.7414,0,0
455,moving_hotspot,value_iteration,0.1683,2.0367,129.6,-0.2931,0,0
456,moving_hotspot,value_iteration,0.1739,2.3297,129.6,-0.0491,0,0
457,moving_hotspot,value_iteration,0.1819,2.2028,129.6,0.1608,0,0
458,moving_hotspot,value_iteration,0.1997,2.6841,129.6,-0.1439,0,0
459,moving_hotspot,value_iteration,0.175,2.6529,129.6,0.1124,0,0
460,moving_hotspot,value_iteration,0.2138,3.2531,129.6,-0.2056,0,0
461,moving_hotspot,value_iteration,0.2786,4.2245,129.6,-0.3942,0,0
462,moving_hotspot,value_iteration,0.2833,4.6214,129.6,-0.1057,0,0
463,moving_hotspot,value_iteration,0.2508,2.621,129.6,1.0954,0,0
464,moving_hotspot,value_iteration,0.1927,2.7006,129.6,0.0573,0,0
465,moving_hotspot,value_iteration,0.1669,2.1274,129.6,0.3843,0,0
466,moving_hotspot,value_iteration,0.1017,1.4234,129.6,0.4512,0,0
467,moving_hotspot,value_iteration,0.2163,2.1031,129.6,-0.2426,0,0
468,moving_hotspot,value_iteration,0.2354,2.4516,129.6,-0.0773,0,0
469,moving_hotspot,value_iteration,0.2336,2.5562,129.6,0.0444,0,0
470,moving_hotspot,value_iteration,0.3189,3.174,129.6,-0.215,0,0
471,moving_hotspot,value_iteration,0.3701,4.1387,129.6,-0.3916,0,0
472,moving_hotspot,value_iteration,0.3297,4.2861,129.6,0.0195,0,0
473,moving_hotspot,value_iteration,0.2224,2.0107,129.6,1.0969,0,0
474,moving_hotspot,value_iteration,0.0849,1.4879,129.6,0.3606,0,0
475,moving_hotspot,value_iteration,0.1794,2.1183,129.6,-0.2177,0,0
476,moving_hotspot,value_iteration,0.1934,2.626,129.6,-0.1569,0,0
477,moving_hotspot,value_iteration,0.1974,2.4047,129.6,0.2078,0,0
478,moving_hotspot,value_iteration,0.1963,2.2135,129.6,0.1929,0,0
479,moving_hotspot,value_iteration,0.1773,2.6511,129.6,-0.1221,0,0
480,moving_hotspot,value_iteration,0.2372,3.3276,129.6,-0.2442,0,0
481,moving_hotspot,value_iteration,0.3067,4.0014,129.6,-0.2456,0,0
482,moving_hotspot,value_iteration,0.3152,4.6267,129.6,-0.2205,0,0
483,moving_hotspot,value_iteration,0.2773,2.7292,129.6,1.0434,0,0
484,moving_hotspot,value_iteration,0.2393,3.1441,129.6,-0.1118,0,0
485,moving_hotspot,value_iteration,0.2029,2.7747,129.6,0.2812,0,0
486,moving_hotspot,value_iteration,0.125,1.6065,129.6,0.683,0,0
487,moving_hotspot,value_iteration,0.1906,1.9807,129.6,-0.0894,0,0
488,moving_hotspot,value_iteration,0.2266,2.6688,129.6,-0.2474,0,0
489,moving_hotspot,value_iteration,0.2485,2.3806,129.6,0.2409,0,0
490,moving_hotspot,value_iteration,0.3354,3.5282,129.6,-0.4805,0,0
491,moving_hotspot,value_iteration,0.377,3.9433,129.6,-0.1165,0,0
492,moving_hotspot,value_iteration,0.3491,4.3558,129.6,-0.1137,0,0
493,moving_hotspot,value_iteration,0.2714,3.0215,129.6,0.7624,0,0
494,moving_hotspot,value_iteration,0.1205,1.5431,129.6,0.838,0,0
495,moving_hotspot,value_iteration,0.1807,2.2639,129.6,-0.2633,0,0
496,moving_hotspot,value_iteration,0.1999,2.7935,129.6,-0.1681,0,0
497,moving_hotspot,value_iteration,0.2024,2.7395,129.6,0.1239,0,0
498,moving_hotspot,value_iteration,0.1809,2.183,129.6,0.3757,0,0
499,moving_hotspot,value_iteration,0.1655,2.8255,129.6,-0.2243,0,0
500,moving_hotspot,value_iteration,0.2143,3.1035,129.6,-0.0441,0,0
1,multi_hotspot,value_iteration,19.6911,23.0333,129.6,-0.441,0,0
2,multi_hotspot,value_iteration,17.5233,23.1833,129.6,-0.0553,0,0
3,multi_hotspot,value_iteration,15.5029,23.2596,129.6,-0.1011,0,0
4,multi_hotspot,value_iteration,13.5807,23.3279,129.6,-0.1987,0,0
5,multi_hotspot,value_iteration,11.7449,23.4727,129.6,-0.3529,0,0
6,multi_hotspot,value_iteration,10.0155,23.7131,129.6,-0.5202,0,0
7,multi_hotspot,value_iteration,8.3521,24.0403,129.6,-0.5636,0,0
8,multi_hotspot,value_iteration,6.7992,24.1895,129.6,-0.4746,0,0
9,multi_hotspot,value_iteration,5.663,24.6161,129.6,-0.6133,0,0
10,multi_hotspot,value_iteration,5.365,24.8335,129.6,-0.5087,0,0
11,multi_hotspot,value_iteration,5.2409,24.8959,129.6,-0.4312,0,0
12,multi_hotspot,value_iteration,5.0786,24.6175,129.6,-0.2608,0,0
13,multi_hotspot,value_iteration,4.975,24.6587,129.6,-0.4206,0,0
14,multi_hotspot,value_iteration,4.8761,24.703,129.6,-0.4222,0,0
15,multi_hotspot,value_iteration,4.7903,24.9075,129.6,-0.5023,0,0
16,multi_hotspot,value_iteration,4.7217,24.9848,129.6,-0.4386,0,0
17,multi_hotspot,value_iteration,4.7023,25.1447,129.6,-0.48,0,0
18,multi_hotspot,value_iteration,4.7063,25.3483,129.6,-0.5018,0,0
19,multi_hotspot,value_iteration,4.6727,25.5606,129.6,-0.5062,0,0
20,multi_hotspot,value_iteration,4.7114,25.3928,129.6,-0.3161,0,0
21,multi_hotspot,value_iteration,4.7338,25.552,129.6,-0.4796,0,0
22,multi_hotspot,value_iteration,4.7605,25.6171,129.6,-0.4326,0,0
23,multi_hotspot,value_iteration,4.7947,25.472,129.6,-0.3275,0,0
24,multi_hotspot,value_iteration,4.8044,25.348,129.6,-0.338,0,0
25,multi_hotspot,value_iteration,4.8138,25.2835,129.6,-0.3678,0,0
26,multi_hotspot,value_iteration,4.8187,25.1749,129.6,-0.3457,0,0
27,multi_hotspot,value_iteration,4.8321,25.1223,129.6,-0.3737,0,0
28,multi_hotspot,value_iteration,4.8476,24.9495,129.6,-0.3136,0,0
29,multi_hotspot,value_iteration,4.8447,24.9977,129.6,-0.4241,0,0
30,multi_hotspot,value_iteration,4.7354,25.1152,129.6,-0.4588,0,0
31,multi_hotspot,value_iteration,4.6603,25.3497,129.6,-0.5173,0,0
32,multi_hotspot,value_iteration,4.5829,25.6083,129.6,-0.5293,0,0
33,multi_hotspot,value_iteration,4.5053,25.6505,129.6,-0.4211,0,0
34,multi_hotspot,value_iteration,4.4995,25.6978,129.6,-0.4236,0,0
35,multi_hotspot,value_iteration,4.498,25.481,129.6,-0.2916,0,0
36,multi_hotspot,value_iteration,4.4817,25.5131,129.6,-0.4161,0,0
37,multi_hotspot,value_iteration,4.4839,25.3627,129.6,-0.3248,0,0
38,multi_hotspot,value_iteration,4.491,25.2414,129.6,-0.3393,0,0
39,multi_hotspot,value_iteration,4.4806,25.0202,129.6,-0.2894,0,0
40,multi_hotspot,value_iteration,4.5302,25.1912,129.6,-0.4855,0,0
41,multi_hotspot,value_iteration,4.5841,25.2725,129.6,-0.4407,0,0
42,multi_hotspot,value_iteration,4.6064,25.0917,129.6,-0.3096,0,0
43,multi_hotspot,value_iteration,4.6487,25.1164,129.6,-0.4124,0,0
44,multi_hotspot,value_iteration,4.6638,25.1655,129.6,-0.4245,0,0
45,multi_hotspot,value_iteration,4.6867,25.183,129.6,-0.4088,0,0
46,multi_hotspot,value_iteration,4.703,25.1205,129.6,-0.3687,0,0
47,multi_hotspot,value_iteration,4.7334,25.1935,129.6,-0.4365,0,0
48,multi_hotspot,value_iteration,4.7536,25.1755,129.6,-0.391,0,0
49,multi_hotspot,value_iteration,4.7904,25.4699,129.6,-0.5472,0,0
50,multi_hotspot,value_iteration,4.7069,25.4783,129.6,-0.4042,0,0
51,multi_hotspot,value_iteration,4.6057,25.2925,129.6,-0.3071,0,0
52,multi_hotspot,value_iteration,4.5244,25.2313,129.6,-0.3694,0,0
53,multi_hotspot,value_iteration,4.458,25.1269,129.6,-0.3478,0,0
54,multi_hotspot,value_iteration,4.4345,25.2521,129.6,-0.4626,0,0
55,multi_hotspot,value_iteration,4.4375,25.346,129.6,-0.447,0,0
56,multi_hotspot,value_iteration,4.457,25.2934,129.6,-0.3737,0,0
57,multi_hotspot,value_iteration,4.4624,25.3988,129.6,-0.4527,0,0
58,multi_hotspot,value_iteration,4.4601,25.6208,129.6,-0.511,0,0
59,multi_hotspot,value_iteration,4.4615,25.6043,129.6,-0.3918,0,0
60,multi_hotspot,value_iteration,4.5042,25.6235,129.6,-0.4096,0,0
61,multi_hotspot,value_iteration,4.5485,25.6794,129.6,-0.428,0,0
62,multi_hotspot,value_iteration,4.5958,25.8021,129.6,-0.4614,0,0
63,multi_hotspot,value_iteration,4.6256,25.8736,129.6,-0.4357,0,0
64,multi_hotspot,value_iteration,4.6608,25.5967,129.6,-0.2616,0,0
65,multi_hotspot,value_iteration,4.6825,25.7541,129.6,-0.4787,0,0
66,multi_hotspot,value_iteration,4.7125,25.9424,129.6,-0.4941,0,0
67,multi_hotspot,value_iteration,4.7164,25.9856,129.6,-0.4216,0,0
68,multi_hotspot,value_iteration,4.738,25.9882,129.6,-0.4013,0,0
69,multi_hotspot,value_iteration,4.7642,25.8764,129.6,-0.3441,0,0
70,multi_hotspot,value_iteration,4.6587,26.0813,129.6,-0.5024,0,0
71,multi_hotspot,value_iteration,4.5635,25.7639,129.6,-0.2413,0,0
72,multi_hotspot,value_iteration,4.4848,25.605,129.6,-0.3206,0,0
73,multi_hotspot,value_iteration,4.4239,25.6358,129.6,-0.4154,0,0
74,multi_hotspot,value_iteration,4.4095,25.6584,129.6,-0.4113,0,0
75,multi_hotspot,value_iteration,4.3957,25.5921,129.6,-0.3669,0,0
76,multi_hotspot,value_iteration,4.3987,25.4527,129.6,-0.3303,0,0
77,multi_hotspot,value_iteration,4.3968,25.528,129.6,-0.4377,0,0
78,multi_hotspot,value_iteration,4.39,25.5972,129.6,-0.4346,0,0
79,multi_hotspot,value_iteration,4.3906,25.6558,129.6,-0.4293,0,0
80,multi_hotspot,value_iteration,4.4489,25.6644,129.6,-0.4043,0,0
81,multi_hotspot,value_iteration,4.5041,25.9903,129.6,-0.5629,0,0
82,multi_hotspot,value_iteration,4.5535,25.8854,129.6,-0.3476,0,0
83,multi_hotspot,value_iteration,4.5873,25.7311,129.6,-0.3228,0,0
84,multi_hotspot,value_iteration,4.6088,25.5043,129.6,-0.2866,0,0
85,multi_hotspot,value_iteration,4.6575,25.5582,129.6,-0.427,0,0
86,multi_hotspot,value_iteration,4.6868,25.5748,129.6,-0.4083,0,0
87,multi_hotspot,value_iteration,4.7313,25.8398,129.6,-0.5325,0,0
88,multi_hotspot,value_iteration,4.7425,25.7723,129.6,-0.3662,0,0
89,multi_hotspot,value_iteration,4.7491,25.9517,129.6,-0.4897,0,0
90,multi_hotspot,value_iteration,4.6605,26.0261,129.6,-0.4372,0,0
91,multi_hotspot,value_iteration,4.5586,25.8861,129.6,-0.33,0,0
92,multi_hotspot,value_iteration,4.4865,25.9664,129.6,-0.4401,0,0
93,multi_hotspot,value_iteration,4.4391,26.1481,129.6,-0.4908,0,0
94,multi_hotspot,value_iteration,4.4381,25.8901,129.6,-0.271,0,0
95,multi_hotspot,value_iteration,4.4481,25.9468,129.6,-0.4284,0,0
96,multi_hotspot,value_iteration,4.4529,26.131,129.6,-0.4921,0,0
97,multi_hotspot,value_iteration,4.4316,25.7835,129.6,-0.2262,0,0
98,multi_hotspot,value_iteration,4.444,25.7839,129.6,-0.4002,0,0
99,multi_hotspot,value_iteration,4.4266,25.7514,129.6,-0.3837,0,0
100,multi_hotspot,value_iteration,4.484,25.763,129.6,-0.4058,0,0
101,multi_hotspot,value_iteration,4.5293,25.835,129.6,-0.436,0,0
102,multi_hotspot,value_iteration,4.5892,25.8746,129.6,-0.4198,0,0
103,multi_hotspot,value_iteration,4.6144,25.5917,129.6,-0.2586,0,0
104,multi_hotspot,value_iteration,4.6603,25.673,129.6,-0.4406,0,0
105,multi_hotspot,value_iteration,4.6912,25.78,129.6,-0.4535,0,0
106,multi_hotspot,value_iteration,4.7122,25.8158,129.6,-0.4179,0,0
107,multi_hotspot,value_iteration,4.7329,25.8263,129.6,-0.4053,0,0
108,multi_hotspot,value_iteration,4.7657,25.8636,129.6,-0.4186,0,0
109,multi_hotspot,value_iteration,4.7689,26.0111,129.6,-0.4738,0,0
110,multi_hotspot,value_iteration,4.6993,25.876,129.6,-0.3325,0,0
111,multi_hotspot,value_iteration,4.5934,25.6857,129.6,-0.3048,0,0
112,multi_hotspot,value_iteration,4.5231,25.6092,129.6,-0.3617,0,0
113,multi_hotspot,value_iteration,4.4514,25.5654,129.6,-0.3781,0,0
114,multi_hotspot,value_iteration,4.4579,25.5455,129.6,-0.3901,0,0
115,multi_hotspot,value_iteration,4.4716,25.7046,129.6,-0.4796,0,0
116,multi_hotspot,value_iteration,4.4593,26.0185,129.6,-0.5569,0,0
117,multi_hotspot,value_iteration,4.4627,25.6525,129.6,-0.217,0,0
118,multi_hotspot,value_iteration,4.4506,25.646,129.6,-0.3967,0,0
119,multi_hotspot,value_iteration,4.4637,25.5569,129.6,-0.3554,0,0
120,multi_hotspot,value_iteration,4.5061,25.6859,129.6,-0.4645,0,0
121,multi_hotspot,value_iteration,4.5455,25.799,129.6,-0.4565,0,0
122,multi_hotspot,value_iteration,4.5868,25.5569,129.6,-0.279,0,0
123,multi_hotspot,value_iteration,4.6173,25.2531,129.6,-0.2481,0,0
124,multi_hotspot,value_iteration,4.6581,25.3042,129.6,-0.4256,0,0
125,multi_hotspot,value_iteration,4.7058,25.4423,129.6,-0.469,0,0
126,multi_hotspot,value_iteration,4.7371,25.6857,129.6,-0.5217,0,0
127,multi_hotspot,value_iteration,4.7618,25.8723,129.6,-0.4933,0,0
128,multi_hotspot,value_iteration,4.7904,25.8189,129.6,-0.3733,0,0
129,multi_hotspot,value_iteration,4.7955,25.5978,129.6,-0.2895,0,0
130,multi_hotspot,value_iteration,4.688,25.6421,129.6,-0.4221,0,0
131,multi_hotspot,value_iteration,4.6016,25.704,129.6,-0.431,0,0
132,multi_hotspot,value_iteration,4.5289,25.8562,129.6,-0.4761,0,0
133,multi_hotspot,value_iteration,4.4704,25.8118,129.6,-0.3778,0,0
134,multi_hotspot,value_iteration,4.4708,26.1453,129.6,-0.5668,0,0
135,multi_hotspot,value_iteration,4.4671,25.9334,129.6,-0.2941,0,0
136,multi_hotspot,value_iteration,4.4666,25.7743,129.6,-0.3204,0,0
137,multi_hotspot,value_iteration,4.4692,25.614,129.6,-0.3199,0,0
138,multi_hotspot,value_iteration,4.5021,25.6715,129.6,-0.4288,0,0
139,multi_hotspot,value_iteration,4.5025,25.6952,129.6,-0.4119,0,0
140,multi_hotspot,value_iteration,4.5477,25.6491,129.6,-0.3769,0,0
141,multi_hotspot,value_iteration,4.5939,25.7003,129.6,-0.4256,0,0
142,multi_hotspot,value_iteration,4.6337,25.8147,129.6,-0.4572,0,0
143,multi_hotspot,value_iteration,4.6537,25.5322,129.6,-0.2588,0,0
144,multi_hotspot,value_iteration,4.6719,25.237,129.6,-0.2524,0,0
145,multi_hotspot,value_iteration,4.7072,25.5728,129.6,-0.5679,0,0
146,multi_hotspot,value_iteration,4.7405,25.4191,129.6,-0.3232,0,0
147,multi_hotspot,value_iteration,4.7699,25.336,129.6,-0.3584,0,0
148,multi_hotspot,value_iteration,4.7938,25.2834,129.6,-0.3737,0,0
149,multi_hotspot,value_iteration,4.81,25.2732,129.6,-0.3949,0,0
150,multi_hotspot,value_iteration,4.7115,25.2658,129.6,-0.3963,0,0
151,multi_hotspot,value_iteration,4.6349,25.3421,129.6,-0.4381,0,0
152,multi_hotspot,value_iteration,4.5582,25.1436,129.6,-0.3008,0,0
153,multi_hotspot,value_iteration,4.5186,25.1357,129.6,-0.3961,0,0
154,multi_hotspot,value_iteration,4.5002,25.3284,129.6,-0.4964,0,0
155,multi_hotspot,value_iteration,4.4953,25.3332,129.6,-0.4024,0,0
156,multi_hotspot,value_iteration,4.4962,25.5767,129.6,-0.5217,0,0
157,multi_hotspot,value_iteration,4.5244,25.7005,129.6,-0.4619,0,0
158,multi_hotspot,value_iteration,4.5169,25.577,129.6,-0.3382,0,0
159,multi_hotspot,value_iteration,4.5099,25.6599,129.6,-0.4414,0,0
160,multi_hotspot,value_iteration,4.5657,25.6753,129.6,-0.4077,0,0
161,multi_hotspot,value_iteration,4.6095,25.887,129.6,-0.5058,0,0
162,multi_hotspot,value_iteration,4.6545,25.9933,129.6,-0.4531,0,0
163,multi_hotspot,value_iteration,4.6898,25.9893,129.6,-0.398,0,0
164,multi_hotspot,value_iteration,4.7396,26.094,129.6,-0.4523,0,0
165,multi_hotspot,value_iteration,4.777,26.0302,129.6,-0.3681,0,0
166,multi_hotspot,value_iteration,4.8062,26.1226,129.6,-0.4462,0,0
167,multi_hotspot,value_iteration,4.8313,26.3681,129.6,-0.5228,0,0
168,multi_hotspot,value_iteration,4.834,26.1887,129.6,-0.3103,0,0
169,multi_hotspot,value_iteration,4.8596,26.41,129.6,-0.5107,0,0
170,multi_hotspot,value_iteration,4.7536,26.3938,129.6,-0.3919,0,0
171,multi_hotspot,value_iteration,4.6674,26.4257,129.6,-0.416,0,0
172,multi_hotspot,value_iteration,4.6028,26.5944,129.6,-0.4843,0,0
173,multi_hotspot,value_iteration,4.5222,26.4064,129.6,-0.306,0,0
174,multi_hotspot,value_iteration,4.4965,26.2995,129.6,-0.3466,0,0
175,multi_hotspot,value_iteration,4.4898,26.0731,129.6,-0.2868,0,0
176,multi_hotspot,value_iteration,4.4891,26.0486,129.6,-0.3877,0,0
177,multi_hotspot,value_iteration,4.483,26.2959,129.6,-0.5237,0,0
178,multi_hotspot,value_iteration,4.489,26.3434,129.6,-0.4237,0,0
179,multi_hotspot,value_iteration,4.4705,26.0754,129.6,-0.266,0,0
180,multi_hotspot,value_iteration,4.5136,25.983,129.6,-0.3538,0,0
181,multi_hotspot,value_iteration,4.5409,25.9251,129.6,-0.3711,0,0
182,multi_hotspot,value_iteration,4.5656,25.7774,129.6,-0.3261,0,0
183,multi_hotspot,value_iteration,4.5939,25.6128,129.6,-0.3177,0,0
184,multi_hotspot,value_iteration,4.6285,25.4566,129.6,-0.3219,0,0
185,multi_hotspot,value_iteration,4.6614,25.4314,129.6,-0.3874,0,0
186,multi_hotspot,value_iteration,4.6786,25.5817,129.6,-0.4752,0,0
187,multi_hotspot,value_iteration,4.6877,25.359,129.6,-0.2887,0,0
188,multi_hotspot,value_iteration,4.7129,25.4863,129.6,-0.4636,0,0
189,multi_hotspot,value_iteration,4.7186,25.3784,129.6,-0.346,0,0
190,multi_hotspot,value_iteration,4.6403,25.3459,129.6,-0.3838,0,0
191,multi_hotspot,value_iteration,4.5764,25.3398,129.6,-0.3969,0,0
192,multi_hotspot,value_iteration,4.4954,25.5749,129.6,-0.5176,0,0
193,multi_hotspot,value_iteration,4.4152,25.3031,129.6,-0.2641,0,0
194,multi_hotspot,value_iteration,4.4031,25.1302,129.6,-0.3135,0,0
195,multi_hotspot,value_iteration,4.4126,25.1574,129.6,-0.4136,0,0
196,multi_hotspot,value_iteration,4.4123,25.1179,129.6,-0.3802,0,0
197,multi_hotspot,value_iteration,4.4163,25.1493,129.6,-0.4157,0,0
198,multi_hotspot,value_iteration,4.4139,25.1018,129.6,-0.3763,0,0
199,multi_hotspot,value_iteration,4.4105,25.1566,129.6,-0.4274,0,0
200,multi_hotspot,value_iteration,4.4535,24.8887,129.6,-0.2661,0,0
201,multi_hotspot,value_iteration,4.4921,24.8177,129.6,-0.3645,0,0
202,multi_hotspot,value_iteration,4.5358,24.742,129.6,-0.3621,0,0
203,multi_hotspot,value_iteration,4.5755,24.7815,129.6,-0.4197,0,0
204,multi_hotspot,value_iteration,4.615,25.0437,129.6,-0.5311,0,0
205,multi_hotspot,value_iteration,4.6405,25.2582,129.6,-0.5073,0,0
206,multi_hotspot,value_iteration,4.6757,25.3277,129.6,-0.4347,0,0
207,multi_hotspot,value_iteration,4.7309,25.4086,129.6,-0.4404,0,0
208,multi_hotspot,value_iteration,4.7552,25.141,129.6,-0.2662,0,0
209,multi_hotspot,value_iteration,4.7628,25.2264,129.6,-0.4427,0,0
210,multi_hotspot,value_iteration,4.6684,25.1115,129.6,-0.3426,0,0
211,multi_hotspot,value_iteration,4.6081,25.1823,129.6,-0.4354,0,0
212,multi_hotspot,value_iteration,4.5203,25.025,129.6,-0.3214,0,0
213,multi_hotspot,value_iteration,4.4485,25.0209,129.6,-0.3979,0,0
214,multi_hotspot,value_iteration,4.4502,25.1592,129.6,-0.4692,0,0
215,multi_hotspot,value_iteration,4.4371,24.8628,129.6,-0.2518,0,0
216,multi_hotspot,value_iteration,4.45,25.0694,129.6,-0.5033,0,0
217,multi_hotspot,value_iteration,4.4458,25.0716,129.6,-0.4011,0,0
218,multi_hotspot,value_iteration,4.4628,25.293,129.6,-0.5107,0,0
219,multi_hotspot,value_iteration,4.4645,25.4885,129.6,-0.4977,0,0
220,multi_hotspot,value_iteration,4.5133,25.5023,129.6,-0.4069,0,0
221,multi_hotspot,value_iteration,4.5488,25.4518,129.6,-0.3748,0,0
222,multi_hotspot,value_iteration,4.6004,25.7499,129.6,-0.549,0,0
223,multi_hotspot,value_iteration,4.6329,25.6692,129.6,-0.3597,0,0
224,multi_hotspot,value_iteration,4.6665,25.5965,129.6,-0.3637,0,0
225,multi_hotspot,value_iteration,4.6903,25.5301,129.6,-0.3668,0,0
226,multi_hotspot,value_iteration,4.7215,25.6884,129.6,-0.4792,0,0
227,multi_hotspot,value_iteration,4.7475,25.6078,129.6,-0.3597,0,0
228,multi_hotspot,value_iteration,4.7792,25.6463,129.6,-0.4192,0,0
229,multi_hotspot,value_iteration,4.8174,25.4954,129.6,-0.3245,0,0
230,multi_hotspot,value_iteration,4.7013,25.3488,129.6,-0.3267,0,0
231,multi_hotspot,value_iteration,4.6321,25.824,129.6,-0.6376,0,0
232,multi_hotspot,value_iteration,4.5503,25.7462,129.6,-0.3611,0,0
233,multi_hotspot,value_iteration,4.4827,25.705,129.6,-0.3794,0,0
234,multi_hotspot,value_iteration,4.4758,25.7653,129.6,-0.4301,0,0
235,multi_hotspot,value_iteration,4.474,25.7246,129.6,-0.3797,0,0
236,multi_hotspot,value_iteration,4.476,25.9416,129.6,-0.5085,0,0
237,multi_hotspot,value_iteration,4.4771,26.1014,129.6,-0.4799,0,0
238,multi_hotspot,value_iteration,4.4835,26.0826,129.6,-0.3906,0,0
239,multi_hotspot,value_iteration,4.4724,25.913,129.6,-0.3152,0,0
240,multi_hotspot,value_iteration,4.5284,25.7232,129.6,-0.3051,0,0
241,multi_hotspot,value_iteration,4.5786,25.5425,129.6,-0.3096,0,0
242,multi_hotspot,value_iteration,4.5989,25.4542,129.6,-0.3558,0,0
243,multi_hotspot,value_iteration,4.6499,25.7185,129.6,-0.5321,0,0
244,multi_hotspot,value_iteration,4.6765,25.5526,129.6,-0.3171,0,0
245,multi_hotspot,value_iteration,4.6993,25.7995,129.6,-0.5234,0,0
246,multi_hotspot,value_iteration,4.7213,25.8732,129.6,-0.4369,0,0
247,multi_hotspot,value_iteration,4.7139,25.7198,129.6,-0.3233,0,0
248,multi_hotspot,value_iteration,4.7403,25.625,129.6,-0.3526,0,0
249,multi_hotspot,value_iteration,4.7635,25.5129,129.6,-0.3439,0,0
250,multi_hotspot,value_iteration,4.7051,25.4617,129.6,-0.3744,0,0
251,multi_hotspot,value_iteration,4.6061,25.164,129.6,-0.2511,0,0
252,multi_hotspot,value_iteration,4.5476,25.2785,129.6,-0.4573,0,0
253,multi_hotspot,value_iteration,4.4856,25.082,129.6,-0.3017,0,0
254,multi_hotspot,value_iteration,4.4613,25.2381,129.6,-0.478,0,0
255,multi_hotspot,value_iteration,4.4634,25.2426,129.6,-0.4023,0,0
256,multi_hotspot,value_iteration,4.4591,25.1795,129.6,-0.3684,0,0
257,multi_hotspot,value_iteration,4.4545,25.3435,129.6,-0.482,0,0
258,multi_hotspot,value_iteration,4.4395,25.3438,129.6,-0.4001,0,0
259,multi_hotspot,value_iteration,4.4437,25.6213,129.6,-0.5388,0,0
260,multi_hotspot,value_iteration,4.4774,25.769,129.6,-0.4739,0,0
261,multi_hotspot,value_iteration,4.5078,25.6126,129.6,-0.3218,0,0
262,multi_hotspot,value_iteration,4.5709,25.615,129.6,-0.4012,0,0
263,multi_hotspot,value_iteration,4.6093,25.5042,129.6,-0.3446,0,0
264,multi_hotspot,value_iteration,4.6469,25.5409,129.6,-0.4184,0,0
265,multi_hotspot,value_iteration,4.6874,25.442,129.6,-0.3506,0,0
266,multi_hotspot,value_iteration,4.7094,25.4104,129.6,-0.3842,0,0
267,multi_hotspot,value_iteration,4.7571,25.4586,129.6,-0.4241,0,0
268,multi_hotspot,value_iteration,4.7748,25.4241,129.6,-0.3827,0,0
269,multi_hotspot,value_iteration,4.7911,25.4739,129.6,-0.4249,0,0
270,multi_hotspot,value_iteration,4.6874,25.2587,129.6,-0.2924,0,0
271,multi_hotspot,value_iteration,4.6181,25.3552,129.6,-0.4483,0,0
272,multi_hotspot,value_iteration,4.5356,25.1337,129.6,-0.2893,0,0
273,multi_hotspot,value_iteration,4.4687,25.2829,129.6,-0.4746,0,0
274,multi_hotspot,value_iteration,4.4505,25.4758,129.6,-0.4965,0,0
275,multi_hotspot,value_iteration,4.4484,25.5919,129.6,-0.458,0,0
276,multi_hotspot,value_iteration,4.4706,25.7963,129.6,-0.5022,0,0
277,multi_hotspot,value_iteration,4.4546,25.6923,129.6,-0.348,0,0
278,multi_hotspot,value_iteration,4.4702,25.6622,129.6,-0.3849,0,0
279,multi_hotspot,value_iteration,4.448,25.4961,129.6,-0.3169,0,0
280,multi_hotspot,value_iteration,4.4963,25.7849,129.6,-0.5444,0,0
281,multi_hotspot,value_iteration,4.5278,25.8686,129.6,-0.4418,0,0
282,multi_hotspot,value_iteration,4.5814,25.7829,129.6,-0.3572,0,0
283,multi_hotspot,value_iteration,4.6406,25.8358,129.6,-0.4265,0,0
284,multi_hotspot,value_iteration,4.6812,25.8132,129.6,-0.3887,0,0
285,multi_hotspot,value_iteration,4.7081,25.5838,129.6,-0.2853,0,0
286,multi_hotspot,value_iteration,4.7337,25.8,129.6,-0.5081,0,0
287,multi_hotspot,value_iteration,4.7615,25.7817,129.6,-0.3909,0,0
288,multi_hotspot,value_iteration,4.7609,25.916,129.6,-0.4671,0,0
289,multi_hotspot,value_iteration,4.7935,25.8752,129.6,-0.3796,0,0
290,multi_hotspot,value_iteration,4.7134,25.8902,129.6,-0.4075,0,0
291,multi_hotspot,value_iteration,4.644,25.8866,129.6,-0.3982,0,0
292,multi_hotspot,value_iteration,4.5837,25.7795,129.6,-0.3465,0,0
293,multi_hotspot,value_iteration,4.521,25.7842,129.6,-0.4023,0,0
294,multi_hotspot,value_iteration,4.4851,25.6897,129.6,-0.3527,0,0
295,multi_hotspot,value_iteration,4.4812,25.6428,129.6,-0.3766,0,0
296,multi_hotspot,value_iteration,4.464,25.5764,129.6,-0.3668,0,0
297,multi_hotspot,value_iteration,4.4498,25.7811,129.6,-0.5024,0,0
298,multi_hotspot,value_iteration,4.4438,25.7014,129.6,-0.3601,0,0
299,multi_hotspot,value_iteration,4.4558,25.7256,129.6,-0.4121,0,0
300,multi_hotspot,value_iteration,4.5169,25.8358,129.6,-0.4551,0,0
301,multi_hotspot,value_iteration,4.567,25.801,129.6,-0.3826,0,0
302,multi_hotspot,value_iteration,4.6083,25.8614,129.6,-0.4302,0,0
303,multi_hotspot,value_iteration,4.6412,26.0247,129.6,-0.4817,0,0
304,multi_hotspot,value_iteration,4.6838,25.9682,129.6,-0.3717,0,0
305,multi_hotspot,value_iteration,4.7114,26.0044,129.6,-0.4181,0,0
306,multi_hotspot,value_iteration,4.7489,25.9276,129.6,-0.3616,0,0
307,multi_hotspot,value_iteration,4.7679,25.8763,129.6,-0.3744,0,0
308,multi_hotspot,value_iteration,4.7953,25.6981,129.6,-0.3109,0,0
309,multi_hotspot,value_iteration,4.8194,25.7909,129.6,-0.4464,0,0
310,multi_hotspot,value_iteration,4.7388,25.7461,129.6,-0.3776,0,0
311,multi_hotspot,value_iteration,4.6994,26.1323,129.6,-0.5931,0,0
312,multi_hotspot,value_iteration,4.6127,25.9177,129.6,-0.2927,0,0
313,multi_hotspot,value_iteration,4.5304,25.8138,129.6,-0.348,0,0
314,multi_hotspot,value_iteration,4.4889,25.432,129.6,-0.2091,0,0
315,multi_hotspot,value_iteration,4.4778,25.5818,129.6,-0.4749,0,0
316,multi_hotspot,value_iteration,4.4703,25.5592,129.6,-0.3887,0,0
317,multi_hotspot,value_iteration,4.4567,25.5459,129.6,-0.3934,0,0
318,multi_hotspot,value_iteration,4.4535,25.3952,129.6,-0.3247,0,0
319,multi_hotspot,value_iteration,4.4507,25.3139,129.6,-0.3594,0,0
320,multi_hotspot,value_iteration,4.5075,25.3994,129.6,-0.4427,0,0
321,multi_hotspot,value_iteration,4.5439,25.3701,129.6,-0.3853,0,0
322,multi_hotspot,value_iteration,4.5813,25.3024,129.6,-0.3662,0,0
323,multi_hotspot,value_iteration,4.6255,25.1432,129.6,-0.3204,0,0
324,multi_hotspot,value_iteration,4.637,25.0521,129.6,-0.3544,0,0
325,multi_hotspot,value_iteration,4.6709,25.3805,129.6,-0.5642,0,0
326,multi_hotspot,value_iteration,4.6866,25.6431,129.6,-0.5313,0,0
327,multi_hotspot,value_iteration,4.7109,25.9134,129.6,-0.5351,0,0
328,multi_hotspot,value_iteration,4.7561,26.0821,129.6,-0.4843,0,0
329,multi_hotspot,value_iteration,4.7774,26.0496,129.6,-0.3838,0,0
330,multi_hotspot,value_iteration,4.6695,26.1192,129.6,-0.4348,0,0
331,multi_hotspot,value_iteration,4.5798,26.3194,129.6,-0.5001,0,0
332,multi_hotspot,value_iteration,4.5167,26.3722,129.6,-0.4264,0,0
333,multi_hotspot,value_iteration,4.4417,26.4294,129.6,-0.4286,0,0
334,multi_hotspot,value_iteration,4.4121,26.4066,129.6,-0.3886,0,0
335,multi_hotspot,value_iteration,4.4284,26.2547,129.6,-0.324,0,0
336,multi_hotspot,value_iteration,4.4391,26.3198,129.6,-0.4326,0,0
337,multi_hotspot,value_iteration,4.4405,26.2655,129.6,-0.3729,0,0
338,multi_hotspot,value_iteration,4.4503,26.4535,129.6,-0.494,0,0
339,multi_hotspot,value_iteration,4.4552,26.3227,129.6,-0.3346,0,0
340,multi_hotspot,value_iteration,4.5081,26.0119,129.6,-0.2446,0,0
341,multi_hotspot,value_iteration,4.5472,25.7813,129.6,-0.2847,0,0
342,multi_hotspot,value_iteration,4.5932,26.0028,129.6,-0.5107,0,0
343,multi_hotspot,value_iteration,4.62,25.924,129.6,-0.3606,0,0
344,multi_hotspot,value_iteration,4.6419,26.1207,129.6,-0.4983,0,0
345,multi_hotspot,value_iteration,4.6739,25.9637,129.6,-0.3215,0,0
346,multi_hotspot,value_iteration,4.7045,25.6082,129.6,-0.2222,0,0
347,multi_hotspot,value_iteration,4.7111,25.8279,129.6,-0.5098,0,0
348,multi_hotspot,value_iteration,4.7269,25.8442,129.6,-0.4081,0,0
349,multi_hotspot,value_iteration,4.7616,25.9494,129.6,-0.4526,0,0
350,multi_hotspot,value_iteration,4.663,25.922,129.6,-0.3863,0,0
351,multi_hotspot,value_iteration,4.5973,26.0056,129.6,-0.4418,0,0
352,multi_hotspot,value_iteration,4.528,26.0365,129.6,-0.4154,0,0
353,multi_hotspot,value_iteration,4.4664,26.1667,129.6,-0.4651,0,0
354,multi_hotspot,value_iteration,4.4566,26.0301,129.6,-0.3317,0,0
355,multi_hotspot,value_iteration,4.4523,26.1963,129.6,-0.4831,0,0
356,multi_hotspot,value_iteration,4.4429,25.9941,129.6,-0.2989,0,0
357,multi_hotspot,value_iteration,4.446,26.0407,129.6,-0.4233,0,0
358,multi_hotspot,value_iteration,4.438,26.1183,129.6,-0.4388,0,0
359,multi_hotspot,value_iteration,4.449,26.2372,129.6,-0.4594,0,0
360,multi_hotspot,value_iteration,4.4885,26.2566,129.6,-0.4097,0,0
361,multi_hotspot,value_iteration,4.5423,25.8721,129.6,-0.2077,0,0
362,multi_hotspot,value_iteration,4.5984,26.0775,129.6,-0.5027,0,0
363,multi_hotspot,value_iteration,4.6447,25.8996,129.6,-0.3111,0,0
364,multi_hotspot,value_iteration,4.6855,25.9352,129.6,-0.4178,0,0
365,multi_hotspot,value_iteration,4.7027,25.9552,129.6,-0.41,0,0
366,multi_hotspot,value_iteration,4.7205,26.0646,129.6,-0.4547,0,0
367,multi_hotspot,value_iteration,4.7506,25.8933,129.6,-0.3144,0,0
368,multi_hotspot,value_iteration,4.7537,25.6733,129.6,-0.29,0,0
369,multi_hotspot,value_iteration,4.7745,25.8512,129.6,-0.489,0,0
370,multi_hotspot,value_iteration,4.6879,26.0079,129.6,-0.4783,0,0
371,multi_hotspot,value_iteration,4.6099,26.1945,129.6,-0.4933,0,0
372,multi_hotspot,value_iteration,4.5255,25.8165,129.6,-0.211,0,0
373,multi_hotspot,value_iteration,4.4574,25.7905,129.6,-0.387,0,0
374,multi_hotspot,value_iteration,4.4478,25.81,129.6,-0.4098,0,0
375,multi_hotspot,value_iteration,4.4426,25.6893,129.6,-0.3396,0,0
376,multi_hotspot,value_iteration,4.436,25.6156,129.6,-0.3632,0,0
377,multi_hotspot,value_iteration,4.4298,25.6114,129.6,-0.3979,0,0
378,multi_hotspot,value_iteration,4.427,25.7737,129.6,-0.4811,0,0
379,multi_hotspot,value_iteration,4.4202,25.7953,129.6,-0.4108,0,0
380,multi_hotspot,value_iteration,4.4748,25.6795,129.6,-0.3421,0,0
381,multi_hotspot,value_iteration,4.5652,25.8336,129.6,-0.477,0,0
382,multi_hotspot,value_iteration,4.6193,25.9015,129.6,-0.434,0,0
383,multi_hotspot,value_iteration,4.6519,25.9148,129.6,-0.4067,0,0
384,multi_hotspot,value_iteration,4.6738,26.0004,129.6,-0.4428,0,0
385,multi_hotspot,value_iteration,4.7002,26.0107,129.6,-0.4052,0,0
386,multi_hotspot,value_iteration,4.719,25.9866,129.6,-0.3879,0,0
387,multi_hotspot,value_iteration,4.7275,26.0626,129.6,-0.438,0,0
388,multi_hotspot,value_iteration,4.7548,26.0158,129.6,-0.3766,0,0
389,multi_hotspot,value_iteration,4.776,25.8483,129.6,-0.3163,0,0
390,multi_hotspot,value_iteration,4.6928,26.0254,129.6,-0.4885,0,0
391,multi_hotspot,value_iteration,4.6269,25.8449,129.6,-0.3097,0,0
392,multi_hotspot,value_iteration,4.5397,25.6398,129.6,-0.2975,0,0
393,multi_hotspot,value_iteration,4.4508,25.6499,129.6,-0.405,0,0
394,multi_hotspot,value_iteration,4.4183,25.6352,129.6,-0.3927,0,0
395,multi_hotspot,value_iteration,4.4222,25.7692,129.6,-0.467,0,0
396,multi_hotspot,value_iteration,4.4049,25.8746,129.6,-0.4527,0,0
397,multi_hotspot,value_iteration,4.4017,25.713,129.6,-0.3192,0,0
398,multi_hotspot,value_iteration,4.4062,25.6076,129.6,-0.3473,0,0
399,multi_hotspot,value_iteration,4.393,25.5192,129.6,-0.3558,0,0
400,multi_hotspot,value_iteration,4.4552,25.6807,129.6,-0.4808,0,0
401,multi_hotspot,value_iteration,4.4952,25.6366,129.6,-0.3779,0,0
402,multi_hotspot,value_iteration,4.5327,25.5993,129.6,-0.3814,0,0
403,multi_hotspot,value_iteration,4.5772,25.5577,129.6,-0.3792,0,0
404,multi_hotspot,value_iteration,4.6145,25.442,129.6,-0.3422,0,0
405,multi_hotspot,value_iteration,4.6466,25.5382,129.6,-0.4481,0,0
406,multi_hotspot,value_iteration,4.6721,25.3268,129.6,-0.2943,0,0
407,multi_hotspot,value_iteration,4.6916,25.4855,129.6,-0.4793,0,0
408,multi_hotspot,value_iteration,4.6964,25.4649,129.6,-0.3897,0,0
409,multi_hotspot,value_iteration,4.6817,25.1871,129.6,-0.2611,0,0
410,multi_hotspot,value_iteration,4.5603,25.1165,129.6,-0.3647,0,0
411,multi_hotspot,value_iteration,4.4864,25.0915,129.6,-0.3875,0,0
412,multi_hotspot,value_iteration,4.424,24.7129,129.6,-0.2107,0,0
413,multi_hotspot,value_iteration,4.3584,24.6703,129.6,-0.3787,0,0
414,multi_hotspot,value_iteration,4.375,24.5254,129.6,-0.3275,0,0
415,multi_hotspot,value_iteration,4.3666,24.669,129.6,-0.4718,0,0
416,multi_hotspot,value_iteration,4.3665,24.96,129.6,-0.5455,0,0
417,multi_hotspot,value_iteration,4.3772,25.1205,129.6,-0.4802,0,0
418,multi_hotspot,value_iteration,4.3988,25.2791,129.6,-0.4793,0,0
419,multi_hotspot,value_iteration,4.3954,25.3449,129.6,-0.4329,0,0
420,multi_hotspot,value_iteration,4.4647,25.2273,129.6,-0.3412,0,0
421,multi_hotspot,value_iteration,4.5065,25.4265,129.6,-0.4996,0,0
422,multi_hotspot,value_iteration,4.5194,25.3373,129.6,-0.3554,0,0
423,multi_hotspot,value_iteration,4.5752,25.5665,129.6,-0.5146,0,0
424,multi_hotspot,value_iteration,4.6392,25.7569,129.6,-0.4952,0,0
425,multi_hotspot,value_iteration,4.651,25.7283,129.6,-0.3857,0,0
426,multi_hotspot,value_iteration,4.7022,26.0416,129.6,-0.5567,0,0
427,multi_hotspot,value_iteration,4.7092,26.0513,129.6,-0.4048,0,0
428,multi_hotspot,value_iteration,4.7289,25.9212,129.6,-0.335,0,0
429,multi_hotspot,value_iteration,4.7419,25.9602,129.6,-0.4195,0,0
430,multi_hotspot,value_iteration,4.6461,25.8777,129.6,-0.3587,0,0
431,multi_hotspot,value_iteration,4.5432,25.6501,129.6,-0.2862,0,0
432,multi_hotspot,value_iteration,4.466,25.6517,129.6,-0.4008,0,0
433,multi_hotspot,value_iteration,4.4049,25.5701,129.6,-0.3592,0,0
434,multi_hotspot,value_iteration,4.4012,25.7339,129.6,-0.4819,0,0
435,multi_hotspot,value_iteration,4.4011,25.8105,129.6,-0.4383,0,0
436,multi_hotspot,value_iteration,4.3827,25.6128,129.6,-0.3011,0,0
437,multi_hotspot,value_iteration,4.3795,25.6196,129.6,-0.4034,0,0
438,multi_hotspot,value_iteration,4.3858,25.7266,129.6,-0.4535,0,0
439,multi_hotspot,value_iteration,4.406,25.797,129.6,-0.4352,0,0
440,multi_hotspot,value_iteration,4.4367,25.7249,129.6,-0.364,0,0
441,multi_hotspot,value_iteration,4.4929,25.678,129.6,-0.3765,0,0
442,multi_hotspot,value_iteration,4.5306,25.7559,129.6,-0.439,0,0
443,multi_hotspot,value_iteration,4.5473,25.6076,129.6,-0.3258,0,0
444,multi_hotspot,value_iteration,4.5829,25.6464,129.6,-0.4194,0,0
445,multi_hotspot,value_iteration,4.6347,25.6626,129.6,-0.4081,0,0
446,multi_hotspot,value_iteration,4.6571,25.42,129.6,-0.2787,0,0
447,multi_hotspot,value_iteration,4.6598,25.4437,129.6,-0.4119,0,0
448,multi_hotspot,value_iteration,4.6895,25.4584,129.6,-0.4074,0,0
449,multi_hotspot,value_iteration,4.7132,25.6094,129.6,-0.4755,0,0
450,multi_hotspot,value_iteration,4.6361,25.7159,129.6,-0.4533,0,0
451,multi_hotspot,value_iteration,4.5433,25.467,129.6,-0.2756,0,0
452,multi_hotspot,value_iteration,4.441,25.2815,129.6,-0.3073,0,0
453,multi_hotspot,value_iteration,4.3721,25.2372,129.6,-0.3779,0,0
454,multi_hotspot,value_iteration,4.3561,25.0809,129.6,-0.3218,0,0
455,multi_hotspot,value_iteration,4.3713,25.1501,129.6,-0.4346,0,0
456,multi_hotspot,value_iteration,4.371,25.3645,129.6,-0.5072,0,0
457,multi_hotspot,value_iteration,4.3659,25.2817,129.6,-0.3586,0,0
458,multi_hotspot,value_iteration,4.3655,25.6015,129.6,-0.5599,0,0
459,multi_hotspot,value_iteration,4.3684,25.3796,129.6,-0.289,0,0
460,multi_hotspot,value_iteration,4.4146,25.2773,129.6,-0.3489,0,0
461,multi_hotspot,value_iteration,4.4563,25.318,129.6,-0.4203,0,0
462,multi_hotspot,value_iteration,4.5275,25.3143,129.6,-0.3982,0,0
463,multi_hotspot,value_iteration,4.5748,25.2427,129.6,-0.3642,0,0
464,multi_hotspot,value_iteration,4.6136,25.2221,129.6,-0.3897,0,0
465,multi_hotspot,value_iteration,4.6228,25.0608,129.6,-0.3194,0,0
466,multi_hotspot,value_iteration,4.6479,25.283,129.6,-0.5111,0,0
467,multi_hotspot,value_iteration,4.7019,25.5293,129.6,-0.5231,0,0
468,multi_hotspot,value_iteration,4.7543,25.6167,129.6,-0.4437,0,0
469,multi_hotspot,value_iteration,4.7937,25.3938,129.6,-0.2886,0,0
470,multi_hotspot,value_iteration,4.7065,25.5598,129.6,-0.483,0,0
471,multi_hotspot,value_iteration,4.6367,25.6447,129.6,-0.4424,0,0
472,multi_hotspot,value_iteration,4.5351,25.7504,129.6,-0.4529,0,0
473,multi_hotspot,value_iteration,4.455,25.6026,129.6,-0.3261,0,0
474,multi_hotspot,value_iteration,4.4379,25.6317,129.6,-0.4145,0,0
475,multi_hotspot,value_iteration,4.444,25.7815,129.6,-0.4749,0,0
476,multi_hotspot,value_iteration,4.4355,25.5355,129.6,-0.277,0,0
477,multi_hotspot,value_iteration,4.4407,25.3467,129.6,-0.3056,0,0
478,multi_hotspot,value_iteration,4.4504,25.5362,129.6,-0.4948,0,0
479,multi_hotspot,value_iteration,4.4607,25.6163,129.6,-0.44,0,0
480,multi_hotspot,value_iteration,4.518,25.4127,129.6,-0.2982,0,0
481,multi_hotspot,value_iteration,4.5603,25.51,129.6,-0.4486,0,0
482,multi_hotspot,value_iteration,4.6108,25.6219,129.6,-0.456,0,0
483,multi_hotspot,value_iteration,4.6569,25.5849,129.6,-0.3815,0,0
484,multi_hotspot,value_iteration,4.6819,25.7429,129.6,-0.479,0,0
485,multi_hotspot,value_iteration,4.7036,25.8611,129.6,-0.4591,0,0
486,multi_hotspot,value_iteration,4.7422,25.8614,129.6,-0.4002,0,0
487,multi_hotspot,value_iteration,4.7655,25.7412,129.6,-0.3399,0,0
488,multi_hotspot,value_iteration,4.7769,25.7267,129.6,-0.3927,0,0
489,multi_hotspot,value_iteration,4.8014,25.7582,129.6,-0.4157,0,0
490,multi_hotspot,value_iteration,4.7358,26.0706,129.6,-0.5562,0,0
491,multi_hotspot,value_iteration,4.6495,26.0606,129.6,-0.395,0,0
492,multi_hotspot,value_iteration,4.5721,26.1173,129.6,-0.4284,0,0
493,multi_hotspot,value_iteration,4.5092,25.9399,129.6,-0.3113,0,0
494,multi_hotspot,value_iteration,4.4997,25.773,129.6,-0.3166,0,0
495,multi_hotspot,value_iteration,4.4745,25.9679,129.6,-0.4974,0,0
496,multi_hotspot,value_iteration,4.4707,25.8242,129.6,-0.3281,0,0
497,multi_hotspot,value_iteration,4.4751,25.8084,129.6,-0.3921,0,0
498,multi_hotspot,value_iteration,4.4838,25.7415,129.6,-0.3665,0,0
499,multi_hotspot,value_iteration,4.4809,25.5849,129.6,-0.3217,0,0
500,multi_hotspot,value_iteration,4.5301,25.3395,129.6,-0.2773,0,0
